Name,Group,Institution,Field,Awards,CNS_total,CNS_avg_per_yr,CNS_years_covered,CNS_gap_years,NeuronNatNeuro_total,eLife_total,nonCNS_total,Lab_start_year,First_senior_paper,Career_stage,Count_source,Authorship_measure,Career_reference_year,Lab_age_source,Count_fetched_at,Count_method_version,Researcher_ID,Publication_model,Identity_status,Current_institution,Institution_status,HHMI_status,HHMI_source_status,Topics,Methods,Model_organisms,Model_organism_status,Paper_species_mentions,Contribution_titles,Contribution_keywords,Contribution_status,Active_years_in_window,CNS_per_active_year,Unresolved_papers,Source_URLs,Review_notes,Faculty_appointment_year,Faculty_appointment_status,CNS_2016,CNS_2017,CNS_2018,CNS_2019,CNS_2020,CNS_2021,CNS_2022,CNS_2023,CNS_2024,CNS_2025
Karl Deisseroth,HHMI,Stanford University,Neuroscience (HHMI),,23,2.3,9,2024,6,0,17,,,established,unified_pubmed(full-name/affiliation-or-ORCID),last-author proxy,2025,,2026-09-05T03:40:54+00:00,3,pi_b646f9ff376958788977f9fe70c49523,unified-papers,unreviewed,,unreviewed roster label,Listed in legacy HHMI cohort,unreviewed,Cellular and molecular neuroscience; Computation and cognition; Learning and memory; Motor systems; Neural circuits and behavior; Sensory systems,Calcium imaging; Electrophysiology; Imaging and microscopy; MRI and neuroimaging; Optogenetics; Sequencing and transcriptomics,,unknown,C. elegans; Human; Mouse; Rat; Zebrafish,,,not yet curated,,,0,,"The registry preserves this identity, but independent source evidence is still needed. | This institution is a historical roster label, not a sourced current appointment. | Lab model organisms are not yet source-backed; article-species mentions do not establish a lab model. | Selected scientific contributions have not yet been source-curated; this is not absence of contributions.",,unknown,6,2,3,4,2,1,1,3,0,1
Eric Gouaux,HHMI,Oregon Health & Science University,Neuroscience (HHMI),,18,1.8,9,2020,0,6,25,,,established,unified_pubmed(full-name/affiliation-or-ORCID),last-author proxy,2025,,2026-09-05T03:41:21+00:00,3,pi_84f869e3dd655a97be21e29c6f58b3b5,unified-papers,unreviewed,,unreviewed roster label,Listed in legacy HHMI cohort,unreviewed,Cellular and molecular neuroscience; Learning and memory; Motor systems; Neurodegeneration and aging; Sensory systems; Sleep and circadian rhythms,Connectomics; Electrophysiology; Imaging and microscopy,,unknown,C. elegans; Human; Mouse; Rat; Zebrafish,,,not yet curated,,,0,,"The registry preserves this identity, but independent source evidence is still needed. | This institution is a historical roster label, not a sourced current appointment. | Lab model organisms are not yet source-backed; article-species mentions do not establish a lab model. | Selected scientific contributions have not yet been source-curated; this is not absence of contributions.",,unknown,3,2,3,2,0,4,1,1,1,1
Liqun Luo,HHMI,Stanford University,Neuroscience (HHMI),,18,1.8,8,2016;2022,6,5,27,,,established,unified_pubmed(full-name/affiliation-or-ORCID),last-author proxy,2025,,2026-09-05T03:41:35+00:00,3,pi_a1cccefbe3a152c5b7209b9276db8cf0,unified-papers,unreviewed,,unreviewed roster label,Listed in legacy HHMI cohort,unreviewed,Cellular and molecular neuroscience; Computation and cognition; Development; Glia and neuroimmunology; Learning and memory; Motor systems; Neural circuits and behavior; Sensory systems,Computational modeling; Electrophysiology; Imaging and microscopy; Optogenetics; Sequencing and transcriptomics,Fruit fly; Mouse,source-backed examples,Drosophila; Mouse,TRAP2 activity-dependent neuronal access; MARCM genetic mosaic analysis; Teneurin-mediated synaptic partner matching,activity-dependent labeling; gene function; genetic access; genetic mosaics; MARCM; memory retrieval; mosaic analysis; neuronal ensembles; neuronal morphogenesis; olfactory circuits; single-neuron labeling; synaptic partner matching; Ten-a; Ten-m; teneurin; TRAP2; wiring specificity,source-backed examples,,,0,https://luolab.stanford.edu/people/lab-alumni; https://luolab.stanford.edu/research; https://luolab.stanford.edu/research/tool-development; https://pmc.ncbi.nlm.nih.gov/articles/PMC3345284/; https://pmc.ncbi.nlm.nih.gov/articles/PMC6387639/; https://pubmed.ncbi.nlm.nih.gov/10197526/,"The registry preserves this identity, but independent source evidence is still needed. | This institution is a historical roster label, not a sourced current appointment.",,unknown,0,3,2,1,4,3,0,1,1,3
Xiaowei Zhuang,HHMI,Harvard University,Neuroscience (HHMI),,16,1.6,8,2017;2024,0,4,22,,,established,unified_pubmed(full-name/affiliation-or-ORCID),last-author proxy,2025,,2026-09-05T04:36:47+00:00,3,pi_14c78c6067b05979974050055f8ebd78,unified-papers,source-backed,Harvard University,source-backed current profile,HHMI Investigator (official profile lists 2005-present),source-backed,Cellular and molecular neuroscience; Computation and cognition; Development; Glia and neuroimmunology; Learning and memory; Motor systems; Neural circuits and behavior; Neurodegeneration and aging; Sensory systems,Computational modeling; Imaging and microscopy; Sequencing and transcriptomics,,unknown,C. elegans; Drosophila; Human; Mouse; Rat,,,not yet curated,,,1,https://www.hhmi.org/scientists/xiaowei-zhuang; https://zhuang.harvard.edu/CV_XZ.pdf#page=1; https://zhuang.harvard.edu/pi.html,Lab model organisms are not yet source-backed; article-species mentions do not establish a lab model. | Selected scientific contributions have not yet been source-curated; this is not absence of contributions. | 1 candidate papers remain unresolved and are not included in totals. | Excluded 3 different-given-name candidates; review aliases if any exclusion is unexpected.,2001,source-backed,3,0,3,2,1,1,3,1,0,2
Tony Wyss-Coray,non-HHMI,Stanford University,brain aging/neurodegeneration,,16,1.6,9,2018,4,0,26,,,established,unified_pubmed(full-name/affiliation-or-ORCID),last-author proxy,2025,,2026-09-05T03:43:39+00:00,3,pi_879e8377c6a15884a61e3f73bc3a3353,unified-papers,unreviewed,,unreviewed roster label,,unknown,Cellular and molecular neuroscience; Computation and cognition; Glia and neuroimmunology; Learning and memory; Motor systems; Neural circuits and behavior; Neurodegeneration and aging; Sleep and circadian rhythms,Computational modeling; Imaging and microscopy; Organoids and stem-cell models; Sequencing and transcriptomics,,unknown,Human; Mouse,,,not yet curated,,,0,,"The registry preserves this identity, but independent source evidence is still needed. | This institution is a historical roster label, not a sourced current appointment. | Lab model organisms are not yet source-backed; article-species mentions do not establish a lab model. | Selected scientific contributions have not yet been source-curated; this is not absence of contributions.",,unknown,1,1,0,1,3,3,3,2,1,1
David D. Ginty,HHMI,Harvard Medical School,Neuroscience (HHMI),,14,1.4,7,2017;2018;2025,8,1,15,,,established,unified_pubmed(full-name/affiliation-or-ORCID),last-author proxy,2025,,2026-09-05T03:41:54+00:00,3,pi_d5b640306c635bfb84233740fa2c99e3,unified-papers,unreviewed,,unreviewed roster label,Listed in legacy HHMI cohort,unreviewed,Cellular and molecular neuroscience; Development; Glia and neuroimmunology; Learning and memory; Motor systems; Neural circuits and behavior; Sensory systems,Connectomics; Electrophysiology; Imaging and microscopy; Optogenetics; Sequencing and transcriptomics,,unknown,Mouse,,,not yet curated,,,0,,"The registry preserves this identity, but independent source evidence is still needed. | This institution is a historical roster label, not a sourced current appointment. | Lab model organisms are not yet source-backed; article-species mentions do not establish a lab model. | Selected scientific contributions have not yet been source-curated; this is not absence of contributions.",,unknown,2,0,0,1,3,2,2,1,3,0
Francisco Quintana,non-HHMI,Harvard Med (Brigham),neuroimmunology,,14,1.4,8,2016;2017,5,0,60,,,established,unified_pubmed(full-name/affiliation-or-ORCID),last-author proxy,2025,,2026-09-05T03:43:47+00:00,3,pi_15294f40ef065756b4dbd583ff69cc93,unified-papers,unreviewed,,unreviewed roster label,,unknown,Cellular and molecular neuroscience; Computation and cognition; Glia and neuroimmunology; Learning and memory; Neural circuits and behavior; Neurodegeneration and aging,Computational modeling; Connectomics; Imaging and microscopy; Sequencing and transcriptomics,,unknown,Human; Mouse; Zebrafish,,,not yet curated,,,0,,"The registry preserves this identity, but independent source evidence is still needed. | This institution is a historical roster label, not a sourced current appointment. | Lab model organisms are not yet source-backed; article-species mentions do not establish a lab model. | Selected scientific contributions have not yet been source-curated; this is not absence of contributions.",,unknown,0,0,1,2,1,2,1,3,1,3
Ardem Patapoutian,HHMI,Scripps Research,Neuroscience (HHMI),,13,1.3,7,2017;2019;2024,1,2,10,,,established,unified_pubmed(full-name/affiliation-or-ORCID),last-author proxy,2025,,2026-09-05T03:42:09+00:00,3,pi_72dc3e89b2ce5ac887a217b449c0e054,unified-papers,unreviewed,,unreviewed roster label,Listed in legacy HHMI cohort,unreviewed,Cellular and molecular neuroscience; Motor systems; Neural circuits and behavior; Sensory systems,Connectomics; Imaging and microscopy; Optogenetics,,unknown,Human; Mouse,,,not yet curated,,,1,,"The registry preserves this identity, but independent source evidence is still needed. | This institution is a historical roster label, not a sourced current appointment. | Lab model organisms are not yet source-backed; article-species mentions do not establish a lab model. | Selected scientific contributions have not yet been source-curated; this is not absence of contributions. | 1 candidate papers remain unresolved and are not included in totals.",,unknown,2,0,3,0,1,1,1,3,0,2
Michelle Monje,HHMI,Stanford University,Neuroscience (HHMI),,13,1.3,7,2016;2020;2021,5,1,37,,,established,unified_pubmed(full-name/affiliation-or-ORCID),last-author proxy,2025,,2026-09-05T03:42:25+00:00,3,pi_4a7eaf7ff93f5f739c8a1ae30dd367c4,unified-papers,unreviewed,,unreviewed roster label,Listed in legacy HHMI cohort,unreviewed,Cellular and molecular neuroscience; Computation and cognition; Development; Glia and neuroimmunology; Learning and memory; Motor systems; Neural circuits and behavior; Sensory systems,Electrophysiology; Optogenetics; Organoids and stem-cell models; Sequencing and transcriptomics,,unknown,Mouse; Rat,,,not yet curated,,,0,,"The registry preserves this identity, but independent source evidence is still needed. | This institution is a historical roster label, not a sourced current appointment. | Lab model organisms are not yet source-backed; article-species mentions do not establish a lab model. | Selected scientific contributions have not yet been source-curated; this is not absence of contributions.",,unknown,0,2,1,1,0,0,2,3,1,3
David J. Anderson,HHMI,California Institute of Technology,Neuroscience (HHMI),,12,1.2,8,2016;2023,5,2,10,,,established,unified_pubmed(full-name/affiliation-or-ORCID),last-author proxy,2025,,2026-09-05T04:36:37+00:00,3,pi_271074fa981f58a8a7676b959ccd45ff,unified-papers,source-backed,California Institute of Technology,source-backed current profile,HHMI Investigator Program (official profile lists 1989-present),source-backed,Cellular and molecular neuroscience; Learning and memory; Neural circuits and behavior,Calcium imaging; Imaging and microscopy; Optogenetics; Sequencing and transcriptomics,,unknown,Drosophila; Mouse,,,not yet curated,,,5,https://davidandersonlab.caltech.edu/documents/27178/DJA_CV_02082362.pdf#page=1; https://davidandersonlab.caltech.edu/people/professor-david-j-anderson; https://feeds.library.caltech.edu/people/Anderson-D-J/; https://pub.orcid.org/v3.0/0000-0001-6175-3872/personal-details; https://www.bbe.caltech.edu/people/david-j-anderson; https://www.hhmi.org/scientists/david-j-anderson,Lab model organisms are not yet source-backed; article-species mentions do not establish a lab model. | Selected scientific contributions have not yet been source-curated; this is not absence of contributions. | 5 candidate papers remain unresolved and are not included in totals. | Excluded 2 different-given-name candidates; review aliases if any exclusion is unexpected.,1986,source-backed,0,1,1,1,3,1,1,0,3,1
Thomas C. Südhof,HHMI,Stanford University,Neuroscience (HHMI),,12,1.2,7,2018;2022;2023,9,5,61,,,established,unified_pubmed(full-name/affiliation-or-ORCID),last-author proxy,2025,,2026-09-05T03:43:31+00:00,3,pi_8f6d72dfa2c9560db0b009534d7fe9c6,unified-papers,unreviewed,,unreviewed roster label,Listed in legacy HHMI cohort,unreviewed,Cellular and molecular neuroscience; Computation and cognition; Development; Glia and neuroimmunology; Learning and memory; Motor systems; Neural circuits and behavior; Neurodegeneration and aging; Sensory systems,Calcium imaging; Computational modeling; Electrophysiology; Imaging and microscopy; Optogenetics; Organoids and stem-cell models; Sequencing and transcriptomics,,unknown,Human; Mouse,,,not yet curated,,,2,,"The registry preserves this identity, but independent source evidence is still needed. | This institution is a historical roster label, not a sourced current appointment. | Lab model organisms are not yet source-backed; article-species mentions do not establish a lab model. | Selected scientific contributions have not yet been source-curated; this is not absence of contributions. | 2 candidate papers remain unresolved and are not included in totals.",,unknown,1,3,0,2,1,2,0,0,2,1
Jonathan Kipnis,non-HHMI,Washington University in St. Louis,neuroimmunology (meningeal lymphatics),,12,1.2,4,2016;2017;2018;2019;2020;2023,4,0,22,,,established,unified_pubmed(full-name/affiliation-or-ORCID),last-author proxy,2025,,2026-09-05T03:43:37+00:00,3,pi_bfa431c08d5558c786b0eb96212afe5d,unified-papers,unreviewed,,unreviewed roster label,,unknown,Cellular and molecular neuroscience; Computation and cognition; Glia and neuroimmunology; Learning and memory; Motor systems; Neural circuits and behavior; Neurodegeneration and aging; Sleep and circadian rhythms,Imaging and microscopy; MRI and neuroimaging; Optogenetics,,unknown,Drosophila; Mouse,,,not yet curated,,,0,,"The registry preserves this identity, but independent source evidence is still needed. | This institution is a historical roster label, not a sourced current appointment. | Lab model organisms are not yet source-backed; article-species mentions do not establish a lab model. | Selected scientific contributions have not yet been source-curated; this is not absence of contributions.",,unknown,0,0,0,0,0,3,2,0,5,2
Sergiu Pașca,non-HHMI,Stanford University,neural organoids,,12,1.2,9,2016,6,0,30,,,established,unified_pubmed(full-name/affiliation-or-ORCID),last-author proxy,2025,,2026-09-05T03:43:42+00:00,3,pi_b84cfa53805959bfbbf7dda9a04ef375,unified-papers,unreviewed,,unreviewed roster label,,unknown,Cellular and molecular neuroscience; Development; Glia and neuroimmunology; Motor systems; Neural circuits and behavior; Sensory systems,Imaging and microscopy; MRI and neuroimaging; Optogenetics; Organoids and stem-cell models; Sequencing and transcriptomics,,unknown,Human; Mouse; Rat,,,not yet curated,,,0,,"The registry preserves this identity, but independent source evidence is still needed. | This institution is a historical roster label, not a sourced current appointment. | Lab model organisms are not yet source-backed; article-species mentions do not establish a lab model. | Selected scientific contributions have not yet been source-curated; this is not absence of contributions.",,unknown,0,1,1,1,2,1,1,1,2,2
Hongkui Zeng,non-HHMI,Allen Institute,brain cell atlases,,12,1.2,7,2016;2017;2024,4,0,10,,,established,unified_pubmed(full-name/affiliation-or-ORCID),last-author proxy,2025,,2026-09-05T03:43:44+00:00,3,pi_50fec6bffd7352d582ce62f5db161fe4,unified-papers,unreviewed,,unreviewed roster label,,unknown,Cellular and molecular neuroscience; Computation and cognition; Development; Glia and neuroimmunology; Learning and memory; Motor systems; Neural circuits and behavior; Sensory systems,Connectomics; Electrophysiology; Imaging and microscopy; Optogenetics; Sequencing and transcriptomics,,unknown,Human; Mouse,,,not yet curated,,,0,,"The registry preserves this identity, but independent source evidence is still needed. | This institution is a historical roster label, not a sourced current appointment. | Lab model organisms are not yet source-backed; article-species mentions do not establish a lab model. | Selected scientific contributions have not yet been source-curated; this is not absence of contributions.",,unknown,0,0,2,1,1,2,1,1,0,4
Joseph R. Ecker,HHMI,Salk Institute for Biological Studies,Neuroscience (HHMI),,10,1.0,7,2019;2022;2024,1,3,28,,,established,unified_pubmed(full-name/affiliation-or-ORCID),last-author proxy,2025,,2026-09-05T03:42:57+00:00,3,pi_4b1ceab861bc5420b920f56d50f0b043,unified-papers,unreviewed,,unreviewed roster label,Listed in legacy HHMI cohort,unreviewed,Cellular and molecular neuroscience; Computation and cognition; Development; Learning and memory,Imaging and microscopy; Organoids and stem-cell models; Sequencing and transcriptomics,,unknown,Human; Mouse,,,not yet curated,,,0,,"The registry preserves this identity, but independent source evidence is still needed. | This institution is a historical roster label, not a sourced current appointment. | Lab model organisms are not yet source-backed; article-species mentions do not establish a lab model. | Selected scientific contributions have not yet been source-curated; this is not absence of contributions.",,unknown,3,1,1,0,1,1,0,2,0,1
Nenad Sestan,non-HHMI,Yale University,brain development/evolution,,10,1.0,6,2016;2020;2023;2024,5,0,14,,,established,unified_pubmed(full-name/affiliation-or-ORCID),last-author proxy,2025,,2026-09-05T03:43:50+00:00,3,pi_692a86c3e1ce5d62a6cb71b207b37e66,unified-papers,unreviewed,,unreviewed roster label,,unknown,Cellular and molecular neuroscience; Computation and cognition; Development; Glia and neuroimmunology; Learning and memory; Motor systems; Neural circuits and behavior; Neurodegeneration and aging,Organoids and stem-cell models; Sequencing and transcriptomics,,unknown,C. elegans; Human; Mouse; Nonhuman primates; Rat,,,not yet curated,,,0,,"The registry preserves this identity, but independent source evidence is still needed. | This institution is a historical roster label, not a sourced current appointment. | Lab model organisms are not yet source-backed; article-species mentions do not establish a lab model. | Selected scientific contributions have not yet been source-curated; this is not absence of contributions.",,unknown,0,2,2,1,0,2,2,0,0,1
Paola Arlotta,non-HHMI,Harvard (FAS),cortical development/organoids,,10,1.0,7,2016;2018;2025,2,1,16,,,established,unified_pubmed(full-name/affiliation-or-ORCID),last-author proxy,2025,,2026-09-05T03:43:54+00:00,3,pi_5e49ee1b1e405c4faa2c67e9df5d8b55,unified-papers,unreviewed,,unreviewed roster label,,unknown,Cellular and molecular neuroscience; Development; Glia and neuroimmunology; Learning and memory; Sensory systems,Imaging and microscopy; Optogenetics; Organoids and stem-cell models; Sequencing and transcriptomics,,unknown,Human; Mouse; Nonhuman primates; Zebrafish,,,not yet curated,,,0,,"The registry preserves this identity, but independent source evidence is still needed. | This institution is a historical roster label, not a sourced current appointment. | Lab model organisms are not yet source-backed; article-species mentions do not establish a lab model. | Selected scientific contributions have not yet been source-curated; this is not absence of contributions.",,unknown,0,1,0,1,2,1,3,1,1,0
Anne Brunet,non-HHMI,Stanford University,aging/neural stem cells,,10,1.0,6,2021;2022;2023;2025,1,3,27,,,established,unified_pubmed(full-name/affiliation-or-ORCID),last-author proxy,2025,,2026-09-05T03:44:49+00:00,3,pi_92155870fe745d23bf307bbd139c9033,unified-papers,unreviewed,,unreviewed roster label,,unknown,Cellular and molecular neuroscience; Development; Glia and neuroimmunology; Learning and memory; Motor systems; Neural circuits and behavior; Neurodegeneration and aging,Computational modeling; Organoids and stem-cell models; Sequencing and transcriptomics,,unknown,C. elegans; Drosophila; Human; Mouse,,,not yet curated,,,0,,"The registry preserves this identity, but independent source evidence is still needed. | This institution is a historical roster label, not a sourced current appointment. | Lab model organisms are not yet source-backed; article-species mentions do not establish a lab model. | Selected scientific contributions have not yet been source-curated; this is not absence of contributions.",,unknown,1,1,1,3,1,0,0,0,3,0
Mark J. Schnitzer,HHMI,Stanford University,Neuroscience (HHMI),,9,0.9,8,2019;2023,1,0,6,,,established,unified_pubmed(full-name/affiliation-or-ORCID),last-author proxy,2025,,2026-09-05T03:41:31+00:00,3,pi_c0778d973bb35896ba834bf4ae85e5a7,unified-papers,unreviewed,,unreviewed roster label,Listed in legacy HHMI cohort,unreviewed,Cellular and molecular neuroscience; Learning and memory; Motor systems; Neural circuits and behavior; Neurodegeneration and aging; Sensory systems; Sleep and circadian rhythms,Calcium imaging; Electrophysiology; Imaging and microscopy; MRI and neuroimaging; Optogenetics,,unknown,Drosophila; Mouse,,,not yet curated,,,0,,"The registry preserves this identity, but independent source evidence is still needed. | This institution is a historical roster label, not a sourced current appointment. | Lab model organisms are not yet source-backed; article-species mentions do not establish a lab model. | Selected scientific contributions have not yet been source-curated; this is not absence of contributions.",,unknown,1,1,1,0,1,1,2,0,1,1
György Buzsáki,non-HHMI,New York University,hippocampus/oscillations,,9,0.9,7,2018;2020;2023,18,1,51,,,established,unified_pubmed(full-name/affiliation-or-ORCID),last-author proxy,2025,,2026-09-05T03:43:56+00:00,3,pi_6302cd66af455b7fb24bc3e0a18de6f9,unified-papers,unreviewed,,unreviewed roster label,,unknown,Cellular and molecular neuroscience; Computation and cognition; Development; Glia and neuroimmunology; Learning and memory; Motor systems; Neural circuits and behavior; Neurodegeneration and aging; Sensory systems; Sleep and circadian rhythms,Computational modeling; Connectomics; Electrophysiology; Imaging and microscopy; MRI and neuroimaging; Optogenetics,,unknown,Human; Mouse; Rat,,,not yet curated,,,0,,"The registry preserves this identity, but independent source evidence is still needed. | This institution is a historical roster label, not a sourced current appointment. | Lab model organisms are not yet source-backed; article-species mentions do not establish a lab model. | Selected scientific contributions have not yet been source-curated; this is not absence of contributions.",,unknown,1,1,0,1,0,2,1,0,1,2
Vijay Kuchroo,non-HHMI,Harvard Medical School,neuroscience,,9,0.9,7,2019;2020;2022,0,0,37,,2005,established,unified_pubmed(full-name/affiliation-or-ORCID),last-author proxy,2025,first-paper proxy,2026-09-05T03:46:14+00:00,3,pi_94eadba41a3b50b485bdee8be7bb5b3b,unified-papers,unreviewed,,unreviewed roster label,,unknown,Cellular and molecular neuroscience; Development; Glia and neuroimmunology; Learning and memory; Motor systems; Neural circuits and behavior; Neurodegeneration and aging; Sensory systems,Organoids and stem-cell models; Sequencing and transcriptomics,,unknown,Mouse,,,not yet curated,,,0,,"The registry preserves this identity, but independent source evidence is still needed. | This institution is a historical roster label, not a sourced current appointment. | Lab model organisms are not yet source-backed; article-species mentions do not establish a lab model. | Selected scientific contributions have not yet been source-curated; this is not absence of contributions.",,unknown,1,1,1,0,0,2,0,1,1,2
Nieng Yan,non-HHMI,Princeton University; University of Texas Southwestern Medical Center,neuroscience,,9,0.9,5,2016;2017;2018;2024;2025,0,0,18,,2013,early (<=10y),unified_pubmed(full-name/affiliation-or-ORCID),last-author proxy,2025,ORCID employment (unverified),2026-09-05T03:50:39+00:00,3,pi_51f7b88fbb275e9bb81277bc4fcb5e67,unified-papers,unreviewed,,unreviewed roster label,,unknown,Cellular and molecular neuroscience,Connectomics; Imaging and microscopy,,unknown,Human,,,not yet curated,,,10,,"ORCID employment is a career proxy, not a verified independent-lab start. | The registry preserves this identity, but independent source evidence is still needed. | This institution is a historical roster label, not a sourced current appointment. | Lab model organisms are not yet source-backed; article-species mentions do not establish a lab model. | Selected scientific contributions have not yet been source-curated; this is not absence of contributions. | 10 candidate papers remain unresolved and are not included in totals. | Excluded 29 different-given-name candidates; review aliases if any exclusion is unexpected.",,unknown,0,0,0,3,2,2,1,1,0,0
Charles S. Zuker,HHMI,Columbia University,Neuroscience (HHMI),,8,0.8,7,2016;2017;2023,2,0,2,,,established,unified_pubmed(full-name/affiliation-or-ORCID),last-author proxy,2025,,2026-09-05T03:41:39+00:00,3,pi_1e40ff5eb79b578294e979392d25f3f7,unified-papers,unreviewed,,unreviewed roster label,Listed in legacy HHMI cohort,unreviewed,Glia and neuroimmunology; Learning and memory; Neural circuits and behavior; Sensory systems,Imaging and microscopy,,unknown,Human; Mouse,,,not yet curated,,,0,,"The registry preserves this identity, but independent source evidence is still needed. | This institution is a historical roster label, not a sourced current appointment. | Lab model organisms are not yet source-backed; article-species mentions do not establish a lab model. | Selected scientific contributions have not yet been source-curated; this is not absence of contributions.",,unknown,0,0,1,1,1,1,1,0,1,2
Steven McCarroll,HHMI,Harvard Medical School,Neuroscience (HHMI),,8,0.8,5,2017;2019;2021;2022;2023,1,0,8,,,established,unified_pubmed(full-name/affiliation-or-ORCID),last-author proxy,2025,,2026-09-05T03:42:51+00:00,3,pi_c31a80fff45b5ecab9314f6e35d1fb14,unified-papers,unreviewed,,unreviewed roster label,Listed in legacy HHMI cohort,unreviewed,Cellular and molecular neuroscience; Computation and cognition; Glia and neuroimmunology; Learning and memory; Motor systems; Neurodegeneration and aging,Organoids and stem-cell models; Sequencing and transcriptomics,,unknown,Human; Mouse,,,not yet curated,,,0,,"The registry preserves this identity, but independent source evidence is still needed. | This institution is a historical roster label, not a sourced current appointment. | Lab model organisms are not yet source-backed; article-species mentions do not establish a lab model. | Selected scientific contributions have not yet been source-curated; this is not absence of contributions.",,unknown,1,0,1,0,4,0,0,0,1,1
Christopher A. Walsh,HHMI,Boston Children's Hospital,Neuroscience (HHMI),,8,0.8,6,2018;2019;2020;2023,6,1,43,,,established,unified_pubmed(full-name/affiliation-or-ORCID),last-author proxy,2025,,2026-09-05T03:43:05+00:00,3,pi_d2bb704d760d5a2b957f643d42558771,unified-papers,unreviewed,,unreviewed roster label,Listed in legacy HHMI cohort,unreviewed,Cellular and molecular neuroscience; Computation and cognition; Development; Glia and neuroimmunology; Learning and memory; Motor systems; Neural circuits and behavior; Neurodegeneration and aging; Sensory systems,Electrophysiology; Imaging and microscopy; MRI and neuroimaging; Organoids and stem-cell models; Sequencing and transcriptomics,,unknown,Human; Mouse; Zebrafish,,,not yet curated,,,0,,"The registry preserves this identity, but independent source evidence is still needed. | This institution is a historical roster label, not a sourced current appointment. | Lab model organisms are not yet source-backed; article-species mentions do not establish a lab model. | Selected scientific contributions have not yet been source-curated; this is not absence of contributions. | Excluded 5 different-given-name candidates; review aliases if any exclusion is unexpected.",,unknown,2,1,0,0,0,1,1,0,1,2
Oliver Hobert,HHMI,Columbia University,Neuroscience (HHMI),,8,0.8,6,2017;2022;2023;2024,1,9,70,,,established,unified_pubmed(full-name/affiliation-or-ORCID),last-author proxy,2025,,2026-09-05T03:43:24+00:00,3,pi_75f6d91e26915b4d83a5800003833d1d,unified-papers,unreviewed,,unreviewed roster label,Listed in legacy HHMI cohort,unreviewed,Cellular and molecular neuroscience; Computation and cognition; Development; Learning and memory; Motor systems; Neural circuits and behavior; Sensory systems,Connectomics; Imaging and microscopy; Organoids and stem-cell models; Sequencing and transcriptomics,,unknown,C. elegans; Drosophila; Mouse,,,not yet curated,,,0,,"The registry preserves this identity, but independent source evidence is still needed. | This institution is a historical roster label, not a sourced current appointment. | Lab model organisms are not yet source-backed; article-species mentions do not establish a lab model. | Selected scientific contributions have not yet been source-curated; this is not absence of contributions.",,unknown,1,0,2,1,2,1,0,0,0,1
Arnold Kriegstein,non-HHMI,"University of California, San Francisco",cortical development,,8,0.8,6,2016;2018;2022;2024,3,1,19,,,established,unified_pubmed(full-name/affiliation-or-ORCID),last-author proxy,2025,,2026-09-05T03:43:59+00:00,3,pi_bcef60a98b955fcfa6f3c1e50dee6339,unified-papers,unreviewed,,unreviewed roster label,,unknown,Cellular and molecular neuroscience; Computation and cognition; Development; Glia and neuroimmunology; Motor systems; Neural circuits and behavior; Sensory systems,Electrophysiology; Imaging and microscopy; MRI and neuroimaging; Organoids and stem-cell models; Sequencing and transcriptomics,,unknown,Human; Mouse; Nonhuman primates,,,not yet curated,,,1,,"The registry preserves this identity, but independent source evidence is still needed. | This institution is a historical roster label, not a sourced current appointment. | Lab model organisms are not yet source-backed; article-species mentions do not establish a lab model. | Selected scientific contributions have not yet been source-curated; this is not absence of contributions. | 1 candidate papers remain unresolved and are not included in totals.",,unknown,0,1,0,2,2,1,0,1,0,1
Sarkis Mazmanian,non-HHMI,California Institute of Technology,gut–brain axis,,8,0.8,5,2017;2020;2023;2024;2025,0,2,18,,,established,unified_pubmed(full-name/affiliation-or-ORCID),last-author proxy,2025,,2026-09-05T03:44:01+00:00,3,pi_d1ef76c77a1952469a204659c201021e,unified-papers,unreviewed,,unreviewed roster label,,unknown,Cellular and molecular neuroscience; Glia and neuroimmunology; Motor systems; Neural circuits and behavior; Neurodegeneration and aging,Sequencing and transcriptomics,,unknown,Drosophila; Human; Mouse,,,not yet curated,,,1,,"The registry preserves this identity, but independent source evidence is still needed. | This institution is a historical roster label, not a sourced current appointment. | Lab model organisms are not yet source-backed; article-species mentions do not establish a lab model. | Selected scientific contributions have not yet been source-curated; this is not absence of contributions. | 1 candidate papers remain unresolved and are not included in totals.",,unknown,3,0,1,1,0,1,2,0,0,0
David Artis,non-HHMI,Weill Cornell Medicine,mucosal immunology / neuro-immune,,8,0.8,4,2016;2020;2021;2023;2024;2025,0,0,24,,,established,unified_pubmed(full-name/affiliation-or-ORCID),last-author proxy,2025,,2026-09-05T03:44:05+00:00,3,pi_5b2c08ee7834507cb26059e266b06868,unified-papers,unreviewed,,unreviewed roster label,,unknown,Cellular and molecular neuroscience; Glia and neuroimmunology; Learning and memory; Motor systems; Neurodegeneration and aging; Sensory systems,Sequencing and transcriptomics,,unknown,Human; Mouse,,,not yet curated,,,1,,"The registry preserves this identity, but independent source evidence is still needed. | This institution is a historical roster label, not a sourced current appointment. | Lab model organisms are not yet source-backed; article-species mentions do not establish a lab model. | Selected scientific contributions have not yet been source-curated; this is not absence of contributions. | 1 candidate papers remain unresolved and are not included in totals.",,unknown,0,1,3,1,0,0,3,0,0,0
Rong Fan,non-HHMI,Yale University,spatial omics (brain),,8,0.8,5,2016;2017;2018;2019;2021,0,0,22,,,established,unified_pubmed(full-name/affiliation-or-ORCID),last-author proxy,2025,,2026-09-05T03:45:12+00:00,3,pi_c81f64caf093542ea292ed93a70d83b8,unified-papers,unreviewed,,unreviewed roster label,,unknown,Cellular and molecular neuroscience; Computation and cognition; Development; Glia and neuroimmunology; Neurodegeneration and aging,Sequencing and transcriptomics,,unknown,Human; Mouse,,,not yet curated,,,0,,"The registry preserves this identity, but independent source evidence is still needed. | This institution is a historical roster label, not a sourced current appointment. | Lab model organisms are not yet source-backed; article-species mentions do not establish a lab model. | Selected scientific contributions have not yet been source-curated; this is not absence of contributions.",,unknown,0,0,0,0,1,0,2,2,2,1
Marco Colonna,non-HHMI,Washington University in St. Louis,neuroscience,,8,0.8,6,2016;2019;2023;2024,0,0,86,,2005,established,unified_pubmed(full-name/affiliation-or-ORCID),last-author proxy,2025,first-paper proxy,2026-09-05T03:45:38+00:00,3,pi_1b7d25b7d812549aa352b6169baf5b99,unified-papers,unreviewed,,unreviewed roster label,,unknown,Cellular and molecular neuroscience; Development; Glia and neuroimmunology; Learning and memory; Motor systems; Neurodegeneration and aging; Sleep and circadian rhythms,Imaging and microscopy; Organoids and stem-cell models; Sequencing and transcriptomics,,unknown,Human; Mouse,,,not yet curated,,,3,,"The registry preserves this identity, but independent source evidence is still needed. | This institution is a historical roster label, not a sourced current appointment. | Lab model organisms are not yet source-backed; article-species mentions do not establish a lab model. | Selected scientific contributions have not yet been source-curated; this is not absence of contributions. | 3 candidate papers remain unresolved and are not included in totals.",,unknown,0,3,1,0,1,1,1,0,0,1
Shelley Berger,non-HHMI,University of Pennsylvania,neuroscience,,8,0.8,5,2018;2019;2021;2022;2024,1,0,31,,2007,established,unified_pubmed(full-name/affiliation-or-ORCID),last-author proxy,2025,ORCID employment (unverified),2026-09-05T03:46:20+00:00,3,pi_9e4561ee6e045bd4a23f859e5cdc788f,unified-papers,unreviewed,,unreviewed roster label,,unknown,Cellular and molecular neuroscience; Learning and memory; Neural circuits and behavior; Neurodegeneration and aging,Organoids and stem-cell models; Sequencing and transcriptomics,,unknown,C. elegans; Drosophila; Human; Mouse; Rat,,,not yet curated,,,3,,"ORCID employment is a career proxy, not a verified independent-lab start. | The registry preserves this identity, but independent source evidence is still needed. | This institution is a historical roster label, not a sourced current appointment. | Lab model organisms are not yet source-backed; article-species mentions do not establish a lab model. | Selected scientific contributions have not yet been source-curated; this is not absence of contributions. | 3 candidate papers remain unresolved and are not included in totals.",,unknown,2,3,0,0,1,0,0,1,0,1
David Julius,non-HHMI,"University of California, San Francisco",neuroscience,,8,0.8,7,2016;2021;2022,0,0,2,,2006,established,unified_pubmed(full-name/affiliation-or-ORCID),last-author proxy,2025,ORCID employment (unverified),2026-09-05T03:47:33+00:00,3,pi_c017ca165fc651afbc0fdba516c2040f,unified-papers,unreviewed,,unreviewed roster label,,unknown,Cellular and molecular neuroscience; Sensory systems,Imaging and microscopy; Organoids and stem-cell models,,unknown,Mouse; Rat,,,not yet curated,,,1,,"ORCID employment is a career proxy, not a verified independent-lab start. | The registry preserves this identity, but independent source evidence is still needed. | This institution is a historical roster label, not a sourced current appointment. | Lab model organisms are not yet source-backed; article-species mentions do not establish a lab model. | Selected scientific contributions have not yet been source-curated; this is not absence of contributions. | 1 candidate papers remain unresolved and are not included in totals.",,unknown,0,1,1,2,1,0,0,1,1,1
Vanessa Ruta,HHMI,Rockefeller University,Neuroscience (HHMI),,7,0.7,5,2016;2017;2020;2022;2023,1,0,1,,,established,unified_pubmed(full-name/affiliation-or-ORCID),last-author proxy,2025,,2026-09-05T03:41:29+00:00,3,pi_f9e9c964d6f85937991c98ff1ebb9a54,unified-papers,unreviewed,,unreviewed roster label,Listed in legacy HHMI cohort,unreviewed,Cellular and molecular neuroscience; Learning and memory; Motor systems; Neural circuits and behavior; Sensory systems,Imaging and microscopy,,unknown,Drosophila,,,not yet curated,,,0,,"The registry preserves this identity, but independent source evidence is still needed. | This institution is a historical roster label, not a sourced current appointment. | Lab model organisms are not yet source-backed; article-species mentions do not establish a lab model. | Selected scientific contributions have not yet been source-curated; this is not absence of contributions.",,unknown,0,0,2,1,0,2,0,0,1,1
Bernardo L. Sabatini,HHMI,Harvard Medical School,Neuroscience (HHMI),,7,0.7,6,2017;2018;2019;2022,10,5,32,,,established,unified_pubmed(full-name/affiliation-or-ORCID),last-author proxy,2025,,2026-09-05T03:41:50+00:00,3,pi_110c8c0215fa592e82ebcaaef0abd80f,unified-papers,unreviewed,,unreviewed roster label,Listed in legacy HHMI cohort,unreviewed,Cellular and molecular neuroscience; Computation and cognition; Glia and neuroimmunology; Learning and memory; Motor systems; Neural circuits and behavior; Sensory systems,Computational modeling; Electrophysiology; Imaging and microscopy; Optogenetics; Sequencing and transcriptomics,,unknown,Mouse; Rat,,,not yet curated,,,0,,"The registry preserves this identity, but independent source evidence is still needed. | This institution is a historical roster label, not a sourced current appointment. | Lab model organisms are not yet source-backed; article-species mentions do not establish a lab model. | Selected scientific contributions have not yet been source-curated; this is not absence of contributions.",,unknown,1,0,0,0,1,2,0,1,1,1
Catherine Dulac,HHMI,Harvard University,Neuroscience (HHMI),,7,0.7,4,2016;2019;2020;2021;2023;2024,0,1,8,,,established,unified_pubmed(full-name/affiliation-or-ORCID),last-author proxy,2025,,2026-09-05T03:42:02+00:00,3,pi_0e094a1f7cbe505dbc00de39eefd3227,unified-papers,unreviewed,,unreviewed roster label,Listed in legacy HHMI cohort,unreviewed,Cellular and molecular neuroscience; Computation and cognition; Development; Glia and neuroimmunology; Learning and memory; Neural circuits and behavior; Sensory systems; Sleep and circadian rhythms,Calcium imaging; Electrophysiology; Imaging and microscopy; Optogenetics; Sequencing and transcriptomics,,unknown,Mouse,,,not yet curated,,,0,,"The registry preserves this identity, but independent source evidence is still needed. | This institution is a historical roster label, not a sourced current appointment. | Lab model organisms are not yet source-backed; article-species mentions do not establish a lab model. | Selected scientific contributions have not yet been source-curated; this is not absence of contributions.",,unknown,0,1,2,0,0,0,1,0,0,3
Gaby Maimon,HHMI,Rockefeller University,Neuroscience (HHMI),,7,0.7,6,2016;2018;2019;2020,1,0,5,,,established,unified_pubmed(full-name/affiliation-or-ORCID),last-author proxy,2025,,2026-09-05T03:42:04+00:00,3,pi_7d844c79e577575b93a1591bf4c83021,unified-papers,unreviewed,,unreviewed roster label,Listed in legacy HHMI cohort,unreviewed,Cellular and molecular neuroscience; Computation and cognition; Learning and memory; Motor systems; Neural circuits and behavior; Sensory systems,Calcium imaging; Electrophysiology; Imaging and microscopy; Optogenetics,,unknown,Drosophila,,,not yet curated,,,0,,"The registry preserves this identity, but independent source evidence is still needed. | This institution is a historical roster label, not a sourced current appointment. | Lab model organisms are not yet source-backed; article-species mentions do not establish a lab model. | Selected scientific contributions have not yet been source-curated; this is not absence of contributions.",,unknown,0,2,0,0,0,1,1,1,1,1
Jeffrey M. Friedman,HHMI,Rockefeller University,Neuroscience (HHMI),,7,0.7,6,2018;2019;2023;2025,1,1,18,,,established,unified_pubmed(full-name/affiliation-or-ORCID),last-author proxy,2025,,2026-09-05T03:42:16+00:00,3,pi_288c551e43055d0ebc2257e86f488080,unified-papers,unreviewed,,unreviewed roster label,Listed in legacy HHMI cohort,unreviewed,Cellular and molecular neuroscience; Learning and memory; Motor systems; Neural circuits and behavior; Neurodegeneration and aging,Calcium imaging; Electrophysiology; Imaging and microscopy; Optogenetics; Organoids and stem-cell models; Sequencing and transcriptomics,,unknown,Mouse,,,not yet curated,,,0,,"The registry preserves this identity, but independent source evidence is still needed. | This institution is a historical roster label, not a sourced current appointment. | Lab model organisms are not yet source-backed; article-species mentions do not establish a lab model. | Selected scientific contributions have not yet been source-curated; this is not absence of contributions.",,unknown,1,1,0,0,1,1,1,0,2,0
Mark A. Krasnow,HHMI,Stanford University,Neuroscience (HHMI),,7,0.7,6,2016;2021;2023;2024,1,1,7,,,established,unified_pubmed(full-name/affiliation-or-ORCID),last-author proxy,2025,,2026-09-05T03:42:32+00:00,3,pi_574463a5e25653ccbc7039ac18224de5,unified-papers,unreviewed,,unreviewed roster label,Listed in legacy HHMI cohort,unreviewed,Cellular and molecular neuroscience; Neural circuits and behavior,Optogenetics; Organoids and stem-cell models; Sequencing and transcriptomics,,unknown,Human; Mouse,,,not yet curated,,,1,,"The registry preserves this identity, but independent source evidence is still needed. | This institution is a historical roster label, not a sourced current appointment. | Lab model organisms are not yet source-backed; article-species mentions do not establish a lab model. | Selected scientific contributions have not yet been source-curated; this is not absence of contributions. | 1 candidate papers remain unresolved and are not included in totals.",,unknown,0,1,1,1,1,0,1,0,0,2
Zachary A. Knight,HHMI,"University of California, San Francisco",Neuroscience (HHMI),,7,0.7,5,2018;2020;2021;2024;2025,6,1,10,,,established,unified_pubmed(full-name/affiliation-or-ORCID),last-author proxy,2025,,2026-09-05T03:42:55+00:00,3,pi_ae70844268d254b38777816ad6c9feaa,unified-papers,unreviewed,,unreviewed roster label,Listed in legacy HHMI cohort,unreviewed,Neural circuits and behavior; Sensory systems,Calcium imaging; Imaging and microscopy; Optogenetics; Sequencing and transcriptomics,,unknown,Mouse,,,not yet curated,,,0,,"The registry preserves this identity, but independent source evidence is still needed. | This institution is a historical roster label, not a sourced current appointment. | Lab model organisms are not yet source-backed; article-species mentions do not establish a lab model. | Selected scientific contributions have not yet been source-curated; this is not absence of contributions.",,unknown,1,1,0,2,0,0,2,1,0,0
Zhigang He,non-HHMI,Harvard Med (BCH),CNS axon regeneration,,7,0.7,6,2019;2021;2022;2025,5,0,12,,,established,unified_pubmed(full-name/affiliation-or-ORCID),last-author proxy,2025,,2026-09-05T03:44:03+00:00,3,pi_676b90c75bad59e0b0544b69ce2d3bf0,unified-papers,unreviewed,,unreviewed roster label,,unknown,Cellular and molecular neuroscience; Glia and neuroimmunology; Learning and memory; Motor systems; Neural circuits and behavior; Neurodegeneration and aging; Sensory systems; Sleep and circadian rhythms,Electrophysiology; Imaging and microscopy; Sequencing and transcriptomics,,unknown,Mouse; Rat,,,not yet curated,,,0,,"The registry preserves this identity, but independent source evidence is still needed. | This institution is a historical roster label, not a sourced current appointment. | Lab model organisms are not yet source-backed; article-species mentions do not establish a lab model. | Selected scientific contributions have not yet been source-curated; this is not absence of contributions. | Excluded 2 different-given-name candidates; review aliases if any exclusion is unexpected.",,unknown,1,1,2,0,1,0,0,1,1,0
Daniel Geschwind,non-HHMI,"University of California, Los Angeles",neurogenetics/autism,,7,0.7,5,2017;2020;2021;2023;2025,6,0,30,,,established,unified_pubmed(full-name/affiliation-or-ORCID),last-author proxy,2025,,2026-09-05T03:44:10+00:00,3,pi_34059ef52f425c78bc5133e61fe6ce6c,unified-papers,unreviewed,,unreviewed roster label,,unknown,Cellular and molecular neuroscience; Computation and cognition; Development; Glia and neuroimmunology; Neural circuits and behavior; Neurodegeneration and aging; Sensory systems,MRI and neuroimaging; Organoids and stem-cell models; Sequencing and transcriptomics,,unknown,Human; Mouse; Nonhuman primates,,,not yet curated,,,2,,"The registry preserves this identity, but independent source evidence is still needed. | This institution is a historical roster label, not a sourced current appointment. | Lab model organisms are not yet source-backed; article-species mentions do not establish a lab model. | Selected scientific contributions have not yet been source-curated; this is not absence of contributions. | 2 candidate papers remain unresolved and are not included in totals.",,unknown,2,0,1,2,0,0,1,0,1,0
Yuki Oka,non-HHMI,California Institute of Technology,thirst/interoception,"Klingenstein-Simons, McKnight Scholar",7,0.7,6,2016;2017;2021;2025,2,0,7,,,established,unified_pubmed(full-name/affiliation-or-ORCID),last-author proxy,2025,,2026-09-05T03:44:13+00:00,3,pi_8a3a10a9202f5589a48db7be33ceaa0b,unified-papers,unreviewed,,unreviewed roster label,,unknown,Cellular and molecular neuroscience; Learning and memory; Neural circuits and behavior; Sensory systems,Optogenetics; Sequencing and transcriptomics,,unknown,Mouse,,,not yet curated,,,0,https://www.mcknight.org/programs/the-mcknight-endowment-fund-for-neuroscience/scholar-awards/awardees/,"The registry preserves this identity, but independent source evidence is still needed. | This institution is a historical roster label, not a sourced current appointment. | Lab model organisms are not yet source-backed; article-species mentions do not establish a lab model. | Selected scientific contributions have not yet been source-curated; this is not absence of contributions. | Excluded 2 different-given-name candidates; review aliases if any exclusion is unexpected.",,unknown,0,0,1,1,2,0,1,1,1,0
David Holtzman,non-HHMI,Washington University in St. Louis,Alzheimer's / APOE,,7,0.7,4,2018;2020;2021;2022;2024;2025,8,0,55,,,established,unified_pubmed(full-name/affiliation-or-ORCID),last-author proxy,2025,,2026-09-05T03:44:29+00:00,3,pi_eb01feade1f954ca807817c779fb8dc1,unified-papers,unreviewed,,unreviewed roster label,,unknown,Cellular and molecular neuroscience; Computation and cognition; Glia and neuroimmunology; Learning and memory; Motor systems; Neurodegeneration and aging; Sleep and circadian rhythms,Imaging and microscopy; MRI and neuroimaging; Sequencing and transcriptomics,,unknown,Human; Mouse,,,not yet curated,,,0,,"The registry preserves this identity, but independent source evidence is still needed. | This institution is a historical roster label, not a sourced current appointment. | Lab model organisms are not yet source-backed; article-species mentions do not establish a lab model. | Selected scientific contributions have not yet been source-curated; this is not absence of contributions.",,unknown,1,1,0,2,0,0,0,3,0,0
Filippo Mancia,non-HHMI,Columbia University,neuroscience,,7,0.7,6,2017;2018;2023;2025,0,1,19,,2007,established,unified_pubmed(full-name/affiliation-or-ORCID),last-author proxy,2025,first-paper proxy,2026-09-05T03:48:17+00:00,3,pi_2c8238b5faf251ba8c73447eace31cb7,unified-papers,unreviewed,,unreviewed roster label,,unknown,Computation and cognition,Connectomics; Imaging and microscopy,,unknown,Mouse; Zebrafish,,,not yet curated,,,0,,"The registry preserves this identity, but independent source evidence is still needed. | This institution is a historical roster label, not a sourced current appointment. | Lab model organisms are not yet source-backed; article-species mentions do not establish a lab model. | Selected scientific contributions have not yet been source-curated; this is not absence of contributions.",,unknown,2,0,0,1,1,1,1,0,1,0
William Greenleaf,non-HHMI,Stanford University,neuroscience,,7,0.7,5,2017;2019;2020;2022;2023,0,0,36,,2013,established,unified_pubmed(full-name/affiliation-or-ORCID),last-author proxy,2025,ORCID employment (unverified),2026-09-05T03:49:06+00:00,3,pi_c662fcab22dc584d965468e1c3176963,unified-papers,unreviewed,,unreviewed roster label,,unknown,Cellular and molecular neuroscience; Computation and cognition; Glia and neuroimmunology; Learning and memory,Computational modeling; Imaging and microscopy; Organoids and stem-cell models; Sequencing and transcriptomics,,unknown,Human; Mouse,,,not yet curated,,,0,,"ORCID employment is a career proxy, not a verified independent-lab start. | The registry preserves this identity, but independent source evidence is still needed. | This institution is a historical roster label, not a sourced current appointment. | Lab model organisms are not yet source-backed; article-species mentions do not establish a lab model. | Selected scientific contributions have not yet been source-curated; this is not absence of contributions. | Excluded 1 different-given-name candidates; review aliases if any exclusion is unexpected.",,unknown,1,0,2,0,0,1,0,0,2,1
Judy Lieberman,non-HHMI,Harvard Medical School,neuroscience,,7,0.7,6,2019;2021;2024;2025,0,0,22,,2005,established,unified_pubmed(full-name/affiliation-or-ORCID),last-author proxy,2025,first-paper proxy,2026-09-05T03:50:59+00:00,3,pi_629e164d96685defb7df0dba58c3baa8,unified-papers,unreviewed,,unreviewed roster label,,unknown,Cellular and molecular neuroscience; Motor systems,Imaging and microscopy; Sequencing and transcriptomics,,unknown,Human; Mouse; Rat,,,not yet curated,,,0,,"The registry preserves this identity, but independent source evidence is still needed. | This institution is a historical roster label, not a sourced current appointment. | Lab model organisms are not yet source-backed; article-species mentions do not establish a lab model. | Selected scientific contributions have not yet been source-curated; this is not absence of contributions. | Excluded 1 different-given-name candidates; review aliases if any exclusion is unexpected.",,unknown,1,1,1,0,2,0,1,1,0,0
Andrew Kruse,early-career awardee,Harvard Medical School,neuroscience (awardee),Klingenstein-Simons,7,0.7,6,2022;2023;2024;2025,0,2,25,,2016,early (<=10y),unified_pubmed(full-name/affiliation-or-ORCID),last-author proxy,2025,first-paper proxy,2026-09-05T03:53:17+00:00,3,pi_7e110f79cd375625af34749282e9a952,unified-papers,unreviewed,,unreviewed roster label,,unknown,Cellular and molecular neuroscience; Neurodegeneration and aging,Imaging and microscopy; Sequencing and transcriptomics,,unknown,Human; Mouse; Rat,,,not yet curated,,,0,,"The registry preserves this identity, but independent source evidence is still needed. | This institution is a historical roster label, not a sourced current appointment. | Lab model organisms are not yet source-backed; article-species mentions do not establish a lab model. | Selected scientific contributions have not yet been source-curated; this is not absence of contributions.",,unknown,1,1,1,2,1,1,0,0,0,0
Rachel I. Wilson,HHMI,Harvard Medical School,Neuroscience (HHMI),,6,0.6,5,2017;2018;2020;2023;2025,6,1,15,,,established,unified_pubmed(full-name/affiliation-or-ORCID),last-author proxy,2025,,2026-09-05T03:43:10+00:00,3,pi_a4bf76ae859f5639824b1307c2ae63e3,unified-papers,unreviewed,,unreviewed roster label,Listed in legacy HHMI cohort,unreviewed,Cellular and molecular neuroscience; Computation and cognition; Learning and memory; Motor systems; Neural circuits and behavior; Sensory systems,Computational modeling; Connectomics; Electrophysiology; Optogenetics,,unknown,Drosophila,,,not yet curated,,,0,,"The registry preserves this identity, but independent source evidence is still needed. | This institution is a historical roster label, not a sourced current appointment. | Lab model organisms are not yet source-backed; article-species mentions do not establish a lab model. | Selected scientific contributions have not yet been source-curated; this is not absence of contributions. | Excluded 3 different-given-name candidates; review aliases if any exclusion is unexpected.",,unknown,1,0,0,1,0,1,1,0,2,0
Stephen D. Liberles,HHMI,Harvard Medical School,Neuroscience (HHMI),,6,0.6,6,2017;2018;2019;2025,2,2,8,,,established,unified_pubmed(full-name/affiliation-or-ORCID),last-author proxy,2025,,2026-09-05T03:43:27+00:00,3,pi_12c7101f66f85ee5a74876849e13d6fa,unified-papers,unreviewed,,unreviewed roster label,Listed in legacy HHMI cohort,unreviewed,Cellular and molecular neuroscience; Motor systems; Neural circuits and behavior; Sensory systems,Optogenetics; Sequencing and transcriptomics,,unknown,Drosophila; Mouse,,,not yet curated,,,0,,"The registry preserves this identity, but independent source evidence is still needed. | This institution is a historical roster label, not a sourced current appointment. | Lab model organisms are not yet source-backed; article-species mentions do not establish a lab model. | Selected scientific contributions have not yet been source-curated; this is not absence of contributions.",,unknown,1,0,0,0,1,1,1,1,1,0
Fred Gage,non-HHMI,Salk Institute for Biological Studies,adult neurogenesis,,6,0.6,6,2017;2020;2022;2025,4,2,55,,,established,unified_pubmed(full-name/affiliation-or-ORCID),last-author proxy,2025,,2026-09-05T03:44:08+00:00,3,pi_80f079cd45ef52ca81438e9f99ca698b,unified-papers,unreviewed,,unreviewed roster label,,unknown,Cellular and molecular neuroscience; Computation and cognition; Development; Glia and neuroimmunology; Learning and memory; Motor systems; Neural circuits and behavior; Neurodegeneration and aging,Computational modeling; Electrophysiology; Imaging and microscopy; MRI and neuroimaging; Organoids and stem-cell models; Sequencing and transcriptomics,,unknown,Human; Mouse; Nonhuman primates; Rat,,,not yet curated,,,3,,"The registry preserves this identity, but independent source evidence is still needed. | This institution is a historical roster label, not a sourced current appointment. | Lab model organisms are not yet source-backed; article-species mentions do not establish a lab model. | Selected scientific contributions have not yet been source-curated; this is not absence of contributions. | 3 candidate papers remain unresolved and are not included in totals.",,unknown,1,0,1,1,0,1,0,1,1,0
Michael Greenberg,non-HHMI,Harvard Med,activity-dependent transcription,,6,0.6,4,2018;2019;2021;2022;2024;2025,10,1,18,,,established,unified_pubmed(full-name/affiliation-or-ORCID),last-author proxy,2025,,2026-09-05T03:44:15+00:00,3,pi_dc000f88986257a7b9084f0c532ee463,unified-papers,unreviewed,,unreviewed roster label,,unknown,Cellular and molecular neuroscience; Computation and cognition; Development; Glia and neuroimmunology; Learning and memory; Neural circuits and behavior; Neurodegeneration and aging; Sensory systems,Imaging and microscopy; Organoids and stem-cell models; Sequencing and transcriptomics,,unknown,Human; Mouse,,,not yet curated,,,1,,"The registry preserves this identity, but independent source evidence is still needed. | This institution is a historical roster label, not a sourced current appointment. | Lab model organisms are not yet source-backed; article-species mentions do not establish a lab model. | Selected scientific contributions have not yet been source-curated; this is not absence of contributions. | 1 candidate papers remain unresolved and are not included in totals.",,unknown,1,1,0,0,2,0,0,2,0,0
Robert Malenka,non-HHMI,Stanford University,synaptic plasticity,,6,0.6,4,2016;2019;2020;2022;2023;2025,6,0,17,,,established,unified_pubmed(full-name/affiliation-or-ORCID),last-author proxy,2025,,2026-09-05T03:44:24+00:00,3,pi_6ae212ce7d4f576aa39a576f7a5a04cb,unified-papers,unreviewed,,unreviewed roster label,,unknown,Cellular and molecular neuroscience; Learning and memory; Motor systems; Neural circuits and behavior,Electrophysiology; Imaging and microscopy; Optogenetics,,unknown,Mouse,,,not yet curated,,,1,,"The registry preserves this identity, but independent source evidence is still needed. | This institution is a historical roster label, not a sourced current appointment. | Lab model organisms are not yet source-backed; article-species mentions do not establish a lab model. | Selected scientific contributions have not yet been source-curated; this is not absence of contributions. | 1 candidate papers remain unresolved and are not included in totals.",,unknown,0,2,1,0,0,2,0,0,1,0
Ed Lein,non-HHMI,Allen Institute,human brain transcriptomics,,6,0.6,4,2017;2018;2020;2022;2024;2025,3,2,10,,,established,unified_pubmed(full-name/affiliation-or-ORCID),last-author proxy,2025,,2026-09-05T03:44:33+00:00,3,pi_b6e77714da885d11993b5b822bd0c359,unified-papers,unreviewed,,unreviewed roster label,,unknown,Cellular and molecular neuroscience; Computation and cognition; Development; Glia and neuroimmunology; Learning and memory; Motor systems; Neurodegeneration and aging,Electrophysiology; Imaging and microscopy; MRI and neuroimaging; Sequencing and transcriptomics,,unknown,Human; Mouse; Nonhuman primates,,,not yet curated,,,0,,"The registry preserves this identity, but independent source evidence is still needed. | This institution is a historical roster label, not a sourced current appointment. | Lab model organisms are not yet source-backed; article-species mentions do not establish a lab model. | Selected scientific contributions have not yet been source-curated; this is not absence of contributions.",,unknown,1,0,0,1,0,2,0,2,0,0
Edward Chang,non-HHMI,"University of California, San Francisco",speech neuroprosthetics,,6,0.6,5,2016;2017;2020;2022;2024,7,0,51,,,established,unified_pubmed(full-name/affiliation-or-ORCID),last-author proxy,2025,,2026-09-05T03:44:35+00:00,3,pi_a2818b4d09445b6186040796c38dd6b4,unified-papers,unreviewed,,unreviewed roster label,,unknown,Computation and cognition; Learning and memory; Motor systems; Neural circuits and behavior; Sensory systems; Sleep and circadian rhythms,Computational modeling; Connectomics; Electrophysiology; Imaging and microscopy; MRI and neuroimaging; Sequencing and transcriptomics,,unknown,Human,,,not yet curated,,,2,,"The registry preserves this identity, but independent source evidence is still needed. | This institution is a historical roster label, not a sourced current appointment. | Lab model organisms are not yet source-backed; article-species mentions do not establish a lab model. | Selected scientific contributions have not yet been source-curated; this is not absence of contributions. | 2 candidate papers remain unresolved and are not included in totals. | Excluded 9 different-given-name candidates; review aliases if any exclusion is unexpected.",,unknown,0,0,1,1,0,1,0,2,0,1
Benjamin Deneen,non-HHMI,Baylor College of Medicine,glia/astrocytes,,6,0.6,3,2016;2017;2018;2019;2021;2022;2025,7,1,28,,,established,unified_pubmed(full-name/affiliation-or-ORCID),last-author proxy,2025,,2026-09-05T03:44:38+00:00,3,pi_c2a16a48f71153bc91644a47b36b8e0f,unified-papers,unreviewed,,unreviewed roster label,,unknown,Cellular and molecular neuroscience; Computation and cognition; Development; Glia and neuroimmunology; Learning and memory; Motor systems; Neural circuits and behavior; Neurodegeneration and aging; Sensory systems; Sleep and circadian rhythms,Electrophysiology; Imaging and microscopy; Organoids and stem-cell models; Sequencing and transcriptomics,,unknown,Human; Mouse,,,not yet curated,,,1,,"The registry preserves this identity, but independent source evidence is still needed. | This institution is a historical roster label, not a sourced current appointment. | Lab model organisms are not yet source-backed; article-species mentions do not establish a lab model. | Selected scientific contributions have not yet been source-curated; this is not absence of contributions. | 1 candidate papers remain unresolved and are not included in totals.",,unknown,0,0,0,0,1,0,0,3,2,0
Isaac Chiu,non-HHMI,Harvard Med,sensory neuro-immunology,,6,0.6,5,2016;2017;2020;2021;2025,2,0,28,,,established,unified_pubmed(full-name/affiliation-or-ORCID),last-author proxy,2025,,2026-09-05T03:45:04+00:00,3,pi_af66bc5b55b8574facfbf8ee7b7fece5,unified-papers,unreviewed,,unreviewed roster label,,unknown,Cellular and molecular neuroscience; Glia and neuroimmunology; Neurodegeneration and aging; Sensory systems,Organoids and stem-cell models,,unknown,C. elegans; Mouse,,,not yet curated,,,2,,"The registry preserves this identity, but independent source evidence is still needed. | This institution is a historical roster label, not a sourced current appointment. | Lab model organisms are not yet source-backed; article-species mentions do not establish a lab model. | Selected scientific contributions have not yet been source-curated; this is not absence of contributions. | 2 candidate papers remain unresolved and are not included in totals.",,unknown,0,0,1,1,0,0,1,2,1,0
Bing Ren,non-HHMI,"University of California, San Diego",neuroscience,,6,0.6,2,2016;2017;2018;2019;2020;2022;2024;2025,1,0,17,,2005,established,unified_pubmed(full-name/affiliation-or-ORCID),last-author proxy,2025,first-paper proxy,2026-09-05T03:45:19+00:00,3,pi_724a18cf38095578b2ddd6f1241c26d0,unified-papers,unreviewed,,unreviewed roster label,,unknown,Cellular and molecular neuroscience; Computation and cognition; Learning and memory; Motor systems,Imaging and microscopy; Organoids and stem-cell models; Sequencing and transcriptomics,,unknown,Human; Mouse,,,not yet curated,,,0,,"The registry preserves this identity, but independent source evidence is still needed. | This institution is a historical roster label, not a sourced current appointment. | Lab model organisms are not yet source-backed; article-species mentions do not establish a lab model. | Selected scientific contributions have not yet been source-curated; this is not absence of contributions.",,unknown,0,0,0,0,0,3,0,3,0,0
Alexander Sobolevsky,non-HHMI,Columbia University,neuroscience,,6,0.6,4,2018;2019;2020;2021;2023;2025,2,0,47,,2014,established,unified_pubmed(full-name/affiliation-or-ORCID),last-author proxy,2025,first-paper proxy,2026-09-05T03:48:24+00:00,3,pi_26bae9751e415d7a8d8158c37436193c,unified-papers,unreviewed,,unreviewed roster label,,unknown,Cellular and molecular neuroscience; Neurodegeneration and aging,Connectomics; Electrophysiology; Imaging and microscopy,,unknown,Human; Mouse; Rat,,,not yet curated,,,0,,"The registry preserves this identity, but independent source evidence is still needed. | This institution is a historical roster label, not a sourced current appointment. | Lab model organisms are not yet source-backed; article-species mentions do not establish a lab model. | Selected scientific contributions have not yet been source-curated; this is not absence of contributions.",,unknown,2,2,0,0,0,0,1,0,1,0
Alan Brown,non-HHMI,Harvard Medical School,neuroscience,Pew Biomedical,6,0.6,5,2016;2017;2018;2019;2020,0,1,7,,2014,early (<=10y),unified_pubmed(full-name/affiliation-or-ORCID),last-author proxy,2025,ORCID employment (unverified),2026-09-05T03:50:51+00:00,3,pi_e030d664ea58598c908dd2d4550e641a,unified-papers,unreviewed,,unreviewed roster label,,unknown,Cellular and molecular neuroscience; Motor systems,Imaging and microscopy,,unknown,Human; Mouse; Zebrafish,,,not yet curated,,,0,,"ORCID employment is a career proxy, not a verified independent-lab start. | The registry preserves this identity, but independent source evidence is still needed. | This institution is a historical roster label, not a sourced current appointment. | Lab model organisms are not yet source-backed; article-species mentions do not establish a lab model. | Selected scientific contributions have not yet been source-curated; this is not absence of contributions. | Excluded 3 different-given-name candidates; review aliases if any exclusion is unexpected.",,unknown,0,0,0,0,0,1,1,1,1,2
Bruce Spiegelman,non-HHMI,Harvard Medical School,neuroscience,,6,0.6,5,2018;2022;2023;2024;2025,0,0,17,,2005,established,unified_pubmed(full-name/affiliation-or-ORCID),last-author proxy,2025,first-paper proxy,2026-09-05T03:51:11+00:00,3,pi_d985980b680f5a2ead69e2a2451808dd,unified-papers,unreviewed,,unreviewed roster label,,unknown,Cellular and molecular neuroscience,Electrophysiology; Imaging and microscopy,,unknown,Mouse; Rat,,,not yet curated,,,4,,"The registry preserves this identity, but independent source evidence is still needed. | This institution is a historical roster label, not a sourced current appointment. | Lab model organisms are not yet source-backed; article-species mentions do not establish a lab model. | Selected scientific contributions have not yet been source-curated; this is not absence of contributions. | 4 candidate papers remain unresolved and are not included in totals.",,unknown,2,1,0,1,1,1,0,0,0,0
Aashish Manglik,early-career awardee,"University of California, San Francisco",neuroscience (awardee),Klingenstein-Simons,6,0.6,5,2016;2017;2018;2021;2024,0,0,4,,2019,rising (<=6y),unified_pubmed(full-name/affiliation-or-ORCID),last-author proxy,2025,first-paper proxy,2026-09-05T03:53:46+00:00,3,pi_bef740ef33a053fd865fc335f25dca79,unified-papers,unreviewed,,unreviewed roster label,,unknown,,Imaging and microscopy,,unknown,Human; Mouse,,,not yet curated,,,0,,"The registry preserves this identity, but independent source evidence is still needed. | This institution is a historical roster label, not a sourced current appointment. | Lab model organisms are not yet source-backed; article-species mentions do not establish a lab model. | Selected scientific contributions have not yet been source-curated; this is not absence of contributions.",,unknown,0,0,0,1,2,0,1,1,0,1
Leslie B. Vosshall,HHMI,Rockefeller University,Neuroscience (HHMI),,5,0.5,4,2017;2020;2021;2023;2024;2025,1,4,14,,,established,unified_pubmed(full-name/affiliation-or-ORCID),last-author proxy,2025,,2026-09-05T03:41:15+00:00,3,pi_6c92eef23923599ebc517bc4f71fac0b,unified-papers,unreviewed,,unreviewed roster label,Listed in legacy HHMI cohort,unreviewed,Cellular and molecular neuroscience; Learning and memory; Neural circuits and behavior; Sensory systems,Calcium imaging; Computational modeling; Imaging and microscopy; Optogenetics; Sequencing and transcriptomics,,unknown,C. elegans; Drosophila; Human; Mouse,,,not yet curated,,,0,,"The registry preserves this identity, but independent source evidence is still needed. | This institution is a historical roster label, not a sourced current appointment. | Lab model organisms are not yet source-backed; article-species mentions do not establish a lab model. | Selected scientific contributions have not yet been source-curated; this is not absence of contributions.",,unknown,1,0,2,1,0,0,1,0,0,0
Kay Tye,HHMI,Salk Institute for Biological Studies,Neuroscience (HHMI),,5,0.5,4,2016;2017;2020;2023;2024;2025,1,2,8,,,established,unified_pubmed(full-name/affiliation-or-ORCID),last-author proxy,2025,,2026-09-05T03:42:36+00:00,3,pi_09145f96b93355a8a58622806ccad86d,unified-papers,unreviewed,,unreviewed roster label,Listed in legacy HHMI cohort,unreviewed,Learning and memory; Neural circuits and behavior; Sensory systems,Calcium imaging; Electrophysiology; Imaging and microscopy; Optogenetics,,unknown,Mouse; Rat,,,not yet curated,,,0,,"The registry preserves this identity, but independent source evidence is still needed. | This institution is a historical roster label, not a sourced current appointment. | Lab model organisms are not yet source-backed; article-species mentions do not establish a lab model. | Selected scientific contributions have not yet been source-curated; this is not absence of contributions.",,unknown,0,0,1,1,0,1,2,0,0,0
Daniel Kronauer,HHMI,Rockefeller University,Neuroscience (HHMI),,5,0.5,4,2016;2019;2020;2021;2024;2025,0,2,42,,,established,unified_pubmed(full-name/affiliation-or-ORCID),last-author proxy,2025,,2026-09-05T03:42:38+00:00,3,pi_cd8d88ca6118510e983a38c2dbffa4fe,unified-papers,unreviewed,,unreviewed roster label,Listed in legacy HHMI cohort,unreviewed,Cellular and molecular neuroscience; Computation and cognition; Learning and memory; Neural circuits and behavior; Sensory systems,Calcium imaging; Computational modeling; Imaging and microscopy; Sequencing and transcriptomics,,unknown,,,,not yet curated,,,2,,"The registry preserves this identity, but independent source evidence is still needed. | This institution is a historical roster label, not a sourced current appointment. | Lab model organisms are not yet source-backed; article-species mentions do not establish a lab model. | Selected scientific contributions have not yet been source-curated; this is not absence of contributions. | 2 candidate papers remain unresolved and are not included in totals.",,unknown,0,1,1,0,0,0,1,2,0,0
S. Lawrence Zipursky,HHMI,"University of California, Los Angeles",Neuroscience (HHMI),,5,0.5,3,2016;2017;2018;2019;2021;2023;2024,6,0,6,,,established,unified_pubmed(full-name/affiliation-or-ORCID),last-author proxy,2025,,2026-09-05T04:36:45+00:00,3,pi_2f1dcc0623bf5b48a1a1992554d160a6,unified-papers,unreviewed,,unreviewed roster label,Listed in legacy HHMI cohort,unreviewed,Cellular and molecular neuroscience; Development; Glia and neuroimmunology; Neural circuits and behavior; Sensory systems,Calcium imaging; Connectomics; Imaging and microscopy; Sequencing and transcriptomics,,unknown,Drosophila; Mouse,,,not yet curated,,,1,,"The registry preserves this identity, but independent source evidence is still needed. | This institution is a historical roster label, not a sourced current appointment. | Lab model organisms are not yet source-backed; article-species mentions do not establish a lab model. | Selected scientific contributions have not yet been source-curated; this is not absence of contributions. | 1 candidate papers remain unresolved and are not included in totals.",,unknown,0,0,0,0,1,0,2,0,0,2
Susumu Tonegawa,HHMI,Massachusetts Institute of Technology,Neuroscience (HHMI),,5,0.5,3,2018;2019;2021;2022;2023;2024;2025,6,0,14,,,established,unified_pubmed(full-name/affiliation-or-ORCID),last-author proxy,2025,,2026-09-05T03:43:08+00:00,3,pi_a6c995f3a1c25af09e32961423186df4,unified-papers,unreviewed,,unreviewed roster label,Listed in legacy HHMI cohort,unreviewed,Cellular and molecular neuroscience; Computation and cognition; Learning and memory; Neural circuits and behavior; Neurodegeneration and aging; Sleep and circadian rhythms,Electrophysiology; Imaging and microscopy; Optogenetics,,unknown,Mouse,,,not yet curated,,,0,,"The registry preserves this identity, but independent source evidence is still needed. | This institution is a historical roster label, not a sourced current appointment. | Lab model organisms are not yet source-backed; article-species mentions do not establish a lab model. | Selected scientific contributions have not yet been source-curated; this is not absence of contributions.",,unknown,2,2,0,0,1,0,0,0,0,0
Massimo Scanziani,HHMI,"University of California, San Francisco",Neuroscience (HHMI),,5,0.5,5,2017;2021;2023;2024;2025,3,0,6,,,established,unified_pubmed(full-name/affiliation-or-ORCID),last-author proxy,2025,,2026-09-05T03:43:16+00:00,3,pi_e90f779e2edb5c91872bf07f2afd7cc1,unified-papers,unreviewed,,unreviewed roster label,Listed in legacy HHMI cohort,unreviewed,Cellular and molecular neuroscience; Computation and cognition; Learning and memory; Motor systems; Neural circuits and behavior; Sensory systems,Calcium imaging; Computational modeling; Electrophysiology; Imaging and microscopy,,unknown,Mouse,,,not yet curated,,,0,,"The registry preserves this identity, but independent source evidence is still needed. | This institution is a historical roster label, not a sourced current appointment. | Lab model organisms are not yet source-backed; article-species mentions do not establish a lab model. | Selected scientific contributions have not yet been source-curated; this is not absence of contributions.",,unknown,1,0,1,1,1,0,1,0,0,0
Stavros Lomvardas,non-HHMI,Columbia University,olfactory system,,5,0.5,4,2016;2017;2018;2020;2021;2024,0,2,7,,,established,unified_pubmed(full-name/affiliation-or-ORCID),last-author proxy,2025,,2026-09-05T03:44:17+00:00,3,pi_ef23e77fd8695ef988082cd4e1b61071,unified-papers,unreviewed,,unreviewed roster label,,unknown,Cellular and molecular neuroscience; Development; Sensory systems,,,unknown,Mouse,,,not yet curated,,,0,,"The registry preserves this identity, but independent source evidence is still needed. | This institution is a historical roster label, not a sourced current appointment. | Lab model organisms are not yet source-backed; article-species mentions do not establish a lab model. | Selected scientific contributions have not yet been source-curated; this is not absence of contributions.",,unknown,0,0,0,1,0,0,2,1,0,1
Michael Long,non-HHMI (low-CNS),New York University,vocal/motor circuits,,5,0.5,5,2017;2018;2019;2021;2024,7,1,16,,,established,unified_pubmed(full-name/affiliation-or-ORCID),last-author proxy,2025,,2026-09-05T03:44:19+00:00,3,pi_b86c4e737ef753a6b19a15db2aa43ed4,unified-papers,unreviewed,,unreviewed roster label,,unknown,Cellular and molecular neuroscience; Computation and cognition; Learning and memory; Motor systems; Neural circuits and behavior; Sensory systems; Sleep and circadian rhythms,Calcium imaging; Computational modeling; Connectomics; Electrophysiology; Imaging and microscopy; MRI and neuroimaging,,unknown,Human; Mouse,,,not yet curated,,,0,,"The registry preserves this identity, but independent source evidence is still needed. | This institution is a historical roster label, not a sourced current appointment. | Lab model organisms are not yet source-backed; article-species mentions do not establish a lab model. | Selected scientific contributions have not yet been source-curated; this is not absence of contributions. | Excluded 1 different-given-name candidates; review aliases if any exclusion is unexpected.",,unknown,1,0,0,0,1,0,1,1,0,1
Dayu Lin,non-HHMI (low-CNS),New York University,aggression/social circuits,,5,0.5,3,2016;2017;2018;2019;2020;2021;2022,11,0,25,,,established,unified_pubmed(full-name/affiliation-or-ORCID),last-author proxy,2025,,2026-09-05T03:44:21+00:00,3,pi_e0d90a93f25a5c0e91d8070bf66d746e,unified-papers,unreviewed,,unreviewed roster label,,unknown,Cellular and molecular neuroscience; Learning and memory; Neural circuits and behavior; Sensory systems,Electrophysiology; Imaging and microscopy; Optogenetics,,unknown,Mouse,,,not yet curated,,,0,,"The registry preserves this identity, but independent source evidence is still needed. | This institution is a historical roster label, not a sourced current appointment. | Lab model organisms are not yet source-backed; article-species mentions do not establish a lab model. | Selected scientific contributions have not yet been source-curated; this is not absence of contributions. | Excluded 2 different-given-name candidates; review aliases if any exclusion is unexpected.",,unknown,0,0,0,0,0,0,0,2,2,1
Aaron Gitler,non-HHMI,Stanford University,neurodegeneration (ALS),,5,0.5,4,2018;2019;2020;2023;2024;2025,5,0,21,,,established,unified_pubmed(full-name/affiliation-or-ORCID),last-author proxy,2025,,2026-09-05T03:44:26+00:00,3,pi_768c0fb8f68f5e7f8b3571d8892ae125,unified-papers,unreviewed,,unreviewed roster label,,unknown,Cellular and molecular neuroscience; Computation and cognition; Glia and neuroimmunology; Learning and memory; Neural circuits and behavior; Neurodegeneration and aging,Organoids and stem-cell models; Sequencing and transcriptomics,,unknown,C. elegans; Drosophila; Human; Mouse,,,not yet curated,,,0,,"The registry preserves this identity, but independent source evidence is still needed. | This institution is a historical roster label, not a sourced current appointment. | Lab model organisms are not yet source-backed; article-species mentions do not establish a lab model. | Selected scientific contributions have not yet been source-curated; this is not absence of contributions.",,unknown,2,1,0,0,0,1,1,0,0,0
Rui Costa,non-HHMI,Columbia (Zuckerman),basal ganglia/motor,,5,0.5,3,2016;2017;2019;2021;2022;2024;2025,3,0,15,,,established,unified_pubmed(full-name/affiliation-or-ORCID),last-author proxy,2025,,2026-09-05T03:44:41+00:00,3,pi_9c211fdbb79b589dad7d121b7875ebdc,unified-papers,unreviewed,,unreviewed roster label,,unknown,Cellular and molecular neuroscience; Computation and cognition; Learning and memory; Motor systems; Neural circuits and behavior; Neurodegeneration and aging,Calcium imaging; Computational modeling; Imaging and microscopy; MRI and neuroimaging; Optogenetics; Sequencing and transcriptomics,,unknown,Mouse,,,not yet curated,,,0,,"The registry preserves this identity, but independent source evidence is still needed. | This institution is a historical roster label, not a sourced current appointment. | Lab model organisms are not yet source-backed; article-species mentions do not establish a lab model. | Selected scientific contributions have not yet been source-curated; this is not absence of contributions.",,unknown,0,0,3,0,1,0,0,1,0,0
Ivan Soltesz,non-HHMI,Stanford University,hippocampus/epilepsy,,5,0.5,4,2016;2017;2019;2020;2022;2023,10,1,24,,,established,unified_pubmed(full-name/affiliation-or-ORCID),last-author proxy,2025,,2026-09-05T03:44:42+00:00,3,pi_8fc3c73819245ffe9d213fd8ad012a32,unified-papers,unreviewed,,unreviewed roster label,,unknown,Cellular and molecular neuroscience; Computation and cognition; Learning and memory; Motor systems; Neural circuits and behavior; Sleep and circadian rhythms,Calcium imaging; Computational modeling; Electrophysiology; Imaging and microscopy; MRI and neuroimaging; Optogenetics,,unknown,Mouse; Rat; Zebrafish,,,not yet curated,,,1,,"The registry preserves this identity, but independent source evidence is still needed. | This institution is a historical roster label, not a sourced current appointment. | Lab model organisms are not yet source-backed; article-species mentions do not establish a lab model. | Selected scientific contributions have not yet been source-curated; this is not absence of contributions. | 1 candidate papers remain unresolved and are not included in totals.",,unknown,0,0,1,0,0,1,0,0,2,1
Nirao Shah,non-HHMI,Stanford University,sex-dimorphic circuits,,5,0.5,3,2016;2017;2018;2020;2021;2024;2025,1,0,4,,,established,unified_pubmed(full-name/affiliation-or-ORCID),last-author proxy,2025,,2026-09-05T03:44:52+00:00,3,pi_9ae3f2741020585891b8ba8ae1630685,unified-papers,unreviewed,,unreviewed roster label,,unknown,Cellular and molecular neuroscience; Computation and cognition; Learning and memory; Neural circuits and behavior; Sensory systems,Electrophysiology; Sequencing and transcriptomics,,unknown,Drosophila; Mouse,,,not yet curated,,,0,,"The registry preserves this identity, but independent source evidence is still needed. | This institution is a historical roster label, not a sourced current appointment. | Lab model organisms are not yet source-backed; article-species mentions do not establish a lab model. | Selected scientific contributions have not yet been source-curated; this is not absence of contributions. | Excluded 134 different-given-name candidates; review aliases if any exclusion is unexpected.",,unknown,0,0,0,2,0,0,1,2,0,0
Karunesh Ganguly,non-HHMI,"University of California, San Francisco",motor cortex/BCI,,5,0.5,4,2016;2017;2018;2020;2023;2024,4,0,16,,,established,unified_pubmed(full-name/affiliation-or-ORCID),last-author proxy,2025,,2026-09-05T03:44:57+00:00,3,pi_35a4c67e36de5c17a49f3103be3165eb,unified-papers,unreviewed,,unreviewed roster label,,unknown,Computation and cognition; Learning and memory; Motor systems; Neural circuits and behavior; Sensory systems; Sleep and circadian rhythms,Computational modeling; Electrophysiology; Optogenetics,,unknown,Human; Mouse; Rat,,,not yet curated,,,1,,"The registry preserves this identity, but independent source evidence is still needed. | This institution is a historical roster label, not a sourced current appointment. | Lab model organisms are not yet source-backed; article-species mentions do not establish a lab model. | Selected scientific contributions have not yet been source-curated; this is not absence of contributions. | 1 candidate papers remain unresolved and are not included in totals.",,unknown,0,0,0,1,0,1,1,0,0,2
Weizhe Hong,non-HHMI,"University of California, Los Angeles",social-behavior circuits,"Klingenstein-Simons, McKnight Scholar, Searle Scholar",5,0.5,4,2016;2017;2018;2020;2022;2023,6,0,11,,,established,unified_pubmed(full-name/affiliation-or-ORCID),last-author proxy,2025,,2026-09-05T03:44:59+00:00,3,pi_53dbce893bb05f8c876d71c7ba898141,unified-papers,unreviewed,,unreviewed roster label,,unknown,Glia and neuroimmunology; Neural circuits and behavior,Calcium imaging; Electrophysiology; Imaging and microscopy; Optogenetics; Sequencing and transcriptomics,,unknown,Mouse,,,not yet curated,,,0,https://www.mcknight.org/programs/the-mcknight-endowment-fund-for-neuroscience/scholar-awards/awardees/,"The registry preserves this identity, but independent source evidence is still needed. | This institution is a historical roster label, not a sourced current appointment. | Lab model organisms are not yet source-backed; article-species mentions do not establish a lab model. | Selected scientific contributions have not yet been source-curated; this is not absence of contributions.",,unknown,0,0,0,2,0,1,0,0,1,1
Mark Andermann,non-HHMI,Harvard Med (BIDMC),hunger circuits,McKnight Scholar,5,0.5,5,2016;2019;2020;2022;2025,10,0,17,,,established,unified_pubmed(full-name/affiliation-or-ORCID),last-author proxy,2025,,2026-09-05T03:45:02+00:00,3,pi_f05a84660932544fb2484693e3936e73,unified-papers,unreviewed,,unreviewed roster label,,unknown,Cellular and molecular neuroscience; Learning and memory; Neural circuits and behavior; Sensory systems,Calcium imaging; Electrophysiology; Imaging and microscopy; MRI and neuroimaging; Optogenetics,,unknown,Human; Mouse; Rat,,,not yet curated,,,0,https://www.mcknight.org/programs/the-mcknight-endowment-fund-for-neuroscience/scholar-awards/awardees/,"The registry preserves this identity, but independent source evidence is still needed. | This institution is a historical roster label, not a sourced current appointment. | Lab model organisms are not yet source-backed; article-species mentions do not establish a lab model. | Selected scientific contributions have not yet been source-curated; this is not absence of contributions.",,unknown,0,1,1,0,0,1,0,1,1,0
Ziv Williams,non-HHMI,Harvard Med (MGH),human single-neuron cognition,,5,0.5,3,2016;2017;2018;2019;2020;2023;2025,2,0,15,,,established,unified_pubmed(full-name/affiliation-or-ORCID),last-author proxy,2025,,2026-09-05T03:45:06+00:00,3,pi_c647bfbb0e0f5a0faaa52ba62cd872cd,unified-papers,unreviewed,,unreviewed roster label,,unknown,Computation and cognition; Glia and neuroimmunology; Learning and memory; Motor systems; Neural circuits and behavior; Neurodegeneration and aging; Sensory systems,Imaging and microscopy; MRI and neuroimaging,,unknown,Drosophila; Human; Mouse,,,not yet curated,,,0,,"The registry preserves this identity, but independent source evidence is still needed. | This institution is a historical roster label, not a sourced current appointment. | Lab model organisms are not yet source-backed; article-species mentions do not establish a lab model. | Selected scientific contributions have not yet been source-curated; this is not absence of contributions. | Excluded 4 different-given-name candidates; review aliases if any exclusion is unexpected.",,unknown,0,0,0,0,0,2,1,0,2,0
Christopher Harvey,non-HHMI,Harvard Med,cortical circuits,,5,0.5,4,2016;2018;2020;2021;2024;2025,4,1,9,,,established,unified_pubmed(full-name/affiliation-or-ORCID),last-author proxy,2025,,2026-09-05T03:45:08+00:00,3,pi_75e9e9eededc50a7bc1226c12655bee5,unified-papers,unreviewed,,unreviewed roster label,,unknown,Computation and cognition; Learning and memory; Motor systems; Neural circuits and behavior; Sensory systems,Calcium imaging; Electrophysiology; Imaging and microscopy; MRI and neuroimaging; Optogenetics,,unknown,Mouse,,,not yet curated,,,0,,"The registry preserves this identity, but independent source evidence is still needed. | This institution is a historical roster label, not a sourced current appointment. | Lab model organisms are not yet source-backed; article-species mentions do not establish a lab model. | Selected scientific contributions have not yet been source-curated; this is not absence of contributions.",,unknown,0,2,0,1,0,0,1,1,0,0
Sandeep Robert Datta,non-HHMI,Harvard Med,olfaction/behavior,,5,0.5,5,2017;2019;2022;2024;2025,2,0,13,,,established,unified_pubmed(full-name/affiliation-or-ORCID),last-author proxy,2025,,2026-09-05T03:45:10+00:00,3,pi_f9d1e639e01f5852aa5c6e698af3dbf4,unified-papers,unreviewed,,unreviewed roster label,,unknown,Cellular and molecular neuroscience; Computation and cognition; Development; Learning and memory; Motor systems; Neural circuits and behavior; Sensory systems,Computational modeling; Imaging and microscopy; Optogenetics; Sequencing and transcriptomics,,unknown,Drosophila; Mouse; Rat,,,not yet curated,,,0,,"The registry preserves this identity, but independent source evidence is still needed. | This institution is a historical roster label, not a sourced current appointment. | Lab model organisms are not yet source-backed; article-species mentions do not establish a lab model. | Selected scientific contributions have not yet been source-curated; this is not absence of contributions. | Excluded 1 different-given-name candidates; review aliases if any exclusion is unexpected.",,unknown,1,0,1,0,1,1,0,1,0,0
Gloria Choi,non-HHMI,Massachusetts Institute of Technology,neuroscience,,5,0.5,4,2016;2018;2020;2022;2023;2024,0,0,3,,2015,early (<=10y),unified_pubmed(full-name/affiliation-or-ORCID),last-author proxy,2025,first-paper proxy,2026-09-05T03:45:21+00:00,3,pi_2d8618a42f495325ac1753cecd0f5031,unified-papers,unreviewed,,unreviewed roster label,,unknown,Glia and neuroimmunology; Neural circuits and behavior; Sensory systems,,,unknown,Mouse,,,not yet curated,,,0,,"The registry preserves this identity, but independent source evidence is still needed. | This institution is a historical roster label, not a sourced current appointment. | Lab model organisms are not yet source-backed; article-species mentions do not establish a lab model. | Selected scientific contributions have not yet been source-curated; this is not absence of contributions. | Excluded 1 different-given-name candidates; review aliases if any exclusion is unexpected.",,unknown,0,1,0,1,0,1,0,0,0,2
Nicholas Bellono,non-HHMI,Harvard (FAS),neuroscience,"Klingenstein-Simons, Searle Scholar",5,0.5,3,2016;2017;2018;2019;2021;2022;2024,0,2,6,,2020,rising (<=6y),unified_pubmed(full-name/affiliation-or-ORCID),last-author proxy,2025,first-paper proxy,2026-09-05T03:45:51+00:00,3,pi_a9cf103b9e35564cb5a47140c93dfd92,unified-papers,unreviewed,,unreviewed roster label,,unknown,Cellular and molecular neuroscience; Neural circuits and behavior; Sensory systems; Sleep and circadian rhythms,Imaging and microscopy,,unknown,,,,not yet curated,,,0,,"The registry preserves this identity, but independent source evidence is still needed. | This institution is a historical roster label, not a sourced current appointment. | Lab model organisms are not yet source-backed; article-species mentions do not establish a lab model. | Selected scientific contributions have not yet been source-curated; this is not absence of contributions.",,unknown,0,0,0,0,1,0,0,1,0,3
Baljit Khakh,non-HHMI,"University of California, Los Angeles",neuroscience,,5,0.5,4,2016;2017;2018;2020;2021;2025,9,0,26,,2009,established,unified_pubmed(full-name/affiliation-or-ORCID),last-author proxy,2025,first-paper proxy,2026-09-05T03:45:55+00:00,3,pi_9b38161a0e80526f84686faa9418d168,unified-papers,unreviewed,,unreviewed roster label,,unknown,Cellular and molecular neuroscience; Glia and neuroimmunology; Learning and memory; Motor systems; Neural circuits and behavior; Neurodegeneration and aging,Calcium imaging; Connectomics; Electrophysiology; Imaging and microscopy; Optogenetics; Sequencing and transcriptomics,,unknown,C. elegans; Drosophila; Mouse; Zebrafish,,,not yet curated,,,0,,"The registry preserves this identity, but independent source evidence is still needed. | This institution is a historical roster label, not a sourced current appointment. | Lab model organisms are not yet source-backed; article-species mentions do not establish a lab model. | Selected scientific contributions have not yet been source-curated; this is not absence of contributions.",,unknown,0,0,0,1,0,0,2,1,1,0
Alice Ting,non-HHMI,Massachusetts Institute of Technology; Stanford University,neuroscience,,5,0.5,5,2017;2018;2021;2022;2025,0,6,29,,2016,early (<=10y),unified_pubmed(full-name/affiliation-or-ORCID),last-author proxy,2025,first-paper proxy,2026-09-05T03:47:01+00:00,3,pi_f001a48cdced52d689b66c5cccd39ba3,unified-papers,unreviewed,,unreviewed roster label,,unknown,Cellular and molecular neuroscience; Learning and memory; Motor systems; Neural circuits and behavior; Sensory systems,Connectomics; Imaging and microscopy; MRI and neuroimaging; Optogenetics; Sequencing and transcriptomics,,unknown,Human; Mouse; Rat,,,not yet curated,,,0,,"The registry preserves this identity, but independent source evidence is still needed. | This institution is a historical roster label, not a sourced current appointment. | Lab model organisms are not yet source-backed; article-species mentions do not establish a lab model. | Selected scientific contributions have not yet been source-curated; this is not absence of contributions.",,unknown,1,0,0,1,1,0,0,1,1,0
Lulu Qian,rising-star,California Institute of Technology,neuroscience,,5,0.5,3,2016;2019;2020;2021;2022;2023;2024,0,0,10,,2017,early (<=10y),unified_pubmed(full-name/affiliation-or-ORCID),last-author proxy,2025,first-paper proxy,2026-09-05T03:47:45+00:00,3,pi_c600cc81015150bfb1e72f870ecaca41,unified-papers,unreviewed,,unreviewed roster label,,unknown,Computation and cognition; Learning and memory,Computational modeling; Imaging and microscopy,,unknown,,,,not yet curated,,,0,,"The registry preserves this identity, but independent source evidence is still needed. | This institution is a historical roster label, not a sourced current appointment. | Lab model organisms are not yet source-backed; article-species mentions do not establish a lab model. | Selected scientific contributions have not yet been source-curated; this is not absence of contributions.",,unknown,0,2,1,0,0,0,0,0,0,2
Long Cai,non-HHMI (low-CNS),California Institute of Technology,neuroscience,,5,0.5,4,2017;2018;2020;2022;2023;2024,2,0,6,,2012,established,unified_pubmed(full-name/affiliation-or-ORCID),last-author proxy,2025,first-paper proxy,2026-09-05T03:47:47+00:00,3,pi_30f3845e98525616821df5f555ea5ad0,unified-papers,unreviewed,,unreviewed roster label,,unknown,Cellular and molecular neuroscience; Computation and cognition; Glia and neuroimmunology; Learning and memory; Motor systems,Imaging and microscopy; Organoids and stem-cell models; Sequencing and transcriptomics,,unknown,Mouse; Zebrafish,,,not yet curated,,,0,,"The registry preserves this identity, but independent source evidence is still needed. | This institution is a historical roster label, not a sourced current appointment. | Lab model organisms are not yet source-backed; article-species mentions do not establish a lab model. | Selected scientific contributions have not yet been source-curated; this is not absence of contributions.",,unknown,1,0,0,1,0,2,0,0,0,1
Joseph Wu,non-HHMI (low-CNS),Stanford University; University of Texas Southwestern Medical Center,neuroscience,,5,0.5,4,2016;2017;2018;2020;2021;2023,0,0,173,,,unknown,unified_pubmed(full-name/affiliation-or-ORCID),last-author proxy,2025,,2026-09-05T03:49:14+00:00,3,pi_9fb1eec914b55acbabda48aea650bd88,unified-papers,unreviewed,,unreviewed roster label,,unknown,Cellular and molecular neuroscience; Computation and cognition; Learning and memory,Calcium imaging; Computational modeling; Electrophysiology; Imaging and microscopy; MRI and neuroimaging; Organoids and stem-cell models; Sequencing and transcriptomics,,unknown,Human; Mouse; Nonhuman primates; Rat,,,not yet curated,,,3,,"The registry preserves this identity, but independent source evidence is still needed. | This institution is a historical roster label, not a sourced current appointment. | Lab model organisms are not yet source-backed; article-species mentions do not establish a lab model. | Selected scientific contributions have not yet been source-curated; this is not absence of contributions. | 3 candidate papers remain unresolved and are not included in totals. | Excluded 70 different-given-name candidates; review aliases if any exclusion is unexpected.",,unknown,0,0,0,1,0,0,1,0,1,2
Evan Macosko,non-HHMI,Harvard (FAS),neuroscience,"NIH DP2, Pew Biomedical",5,0.5,3,2016;2017;2018;2020;2022;2024;2025,1,0,4,,2019,rising (<=6y),unified_pubmed(full-name/affiliation-or-ORCID),last-author proxy,2025,first-paper proxy,2026-09-05T03:50:04+00:00,3,pi_4cd163a7b7ca510f9f0c930241021f27,unified-papers,unreviewed,,unreviewed roster label,,unknown,Cellular and molecular neuroscience; Computation and cognition; Glia and neuroimmunology; Learning and memory; Motor systems; Neurodegeneration and aging,Computational modeling; Electrophysiology; Imaging and microscopy; Sequencing and transcriptomics,,unknown,Human; Mouse,,,not yet curated,,,1,,"The registry preserves this identity, but independent source evidence is still needed. | This institution is a historical roster label, not a sourced current appointment. | Lab model organisms are not yet source-backed; article-species mentions do not establish a lab model. | Selected scientific contributions have not yet been source-curated; this is not absence of contributions. | 1 candidate papers remain unresolved and are not included in totals.",,unknown,0,0,0,2,0,1,0,2,0,0
Ivan Zanoni,non-HHMI,Harvard Medical School,neuroscience,,5,0.5,5,2016;2017;2018;2019;2023,0,0,19,,2015,early (<=10y),unified_pubmed(full-name/affiliation-or-ORCID),last-author proxy,2025,first-paper proxy,2026-09-05T03:51:05+00:00,3,pi_714de05985dc5ae9aed8f848dc6e58bd,unified-papers,unreviewed,,unreviewed roster label,,unknown,Learning and memory,Organoids and stem-cell models; Sequencing and transcriptomics,,unknown,Mouse,,,not yet curated,,,0,,"The registry preserves this identity, but independent source evidence is still needed. | This institution is a historical roster label, not a sourced current appointment. | Lab model organisms are not yet source-backed; article-species mentions do not establish a lab model. | Selected scientific contributions have not yet been source-curated; this is not absence of contributions.",,unknown,0,0,0,0,1,1,1,0,1,1
Ilana B. Witten,HHMI,Princeton University,Neuroscience (HHMI),,4,0.4,3,2016;2018;2020;2021;2022;2023;2024,7,2,15,,,established,unified_pubmed(full-name/affiliation-or-ORCID),last-author proxy,2025,,2026-09-05T03:40:59+00:00,3,pi_029c839d3f5d5c8eb6dce9a087c2e2d9,unified-papers,unreviewed,,unreviewed roster label,Listed in legacy HHMI cohort,unreviewed,Cellular and molecular neuroscience; Computation and cognition; Learning and memory; Motor systems; Neural circuits and behavior; Sensory systems,Calcium imaging; Electrophysiology; Imaging and microscopy; Optogenetics,,unknown,Mouse; Rat,,,not yet curated,,,0,,"The registry preserves this identity, but independent source evidence is still needed. | This institution is a historical roster label, not a sourced current appointment. | Lab model organisms are not yet source-backed; article-species mentions do not establish a lab model. | Selected scientific contributions have not yet been source-curated; this is not absence of contributions.",,unknown,0,1,0,1,0,0,0,0,0,2
Erich D. Jarvis,HHMI,Rockefeller University,Neuroscience (HHMI),,4,0.4,3,2016;2017;2018;2020;2022;2024;2025,0,1,24,,,established,unified_pubmed(full-name/affiliation-or-ORCID),last-author proxy,2025,,2026-09-05T03:42:00+00:00,3,pi_79a7402c3e145cb0a663cdf0377d7458,unified-papers,unreviewed,,unreviewed roster label,Listed in legacy HHMI cohort,unreviewed,Cellular and molecular neuroscience; Computation and cognition; Learning and memory; Motor systems; Neural circuits and behavior; Sensory systems,Sequencing and transcriptomics,,unknown,Human; Mouse,,,not yet curated,,,0,,"The registry preserves this identity, but independent source evidence is still needed. | This institution is a historical roster label, not a sourced current appointment. | Lab model organisms are not yet source-backed; article-species mentions do not establish a lab model. | Selected scientific contributions have not yet been source-curated; this is not absence of contributions.",,unknown,0,0,0,1,0,2,0,1,0,0
Li Ye,HHMI,Scripps Research,Neuroscience (HHMI),NIH DP2,4,0.4,3,2016;2017;2018;2019;2020;2021;2024,1,0,6,,,established,unified_pubmed(full-name/affiliation-or-ORCID),last-author proxy,2025,,2026-09-05T03:42:44+00:00,3,pi_b85c7109745c5d3995afb2a3ad6b96e3,unified-papers,unreviewed,,unreviewed roster label,Listed in legacy HHMI cohort,unreviewed,Neural circuits and behavior; Sensory systems,Imaging and microscopy; Optogenetics,,unknown,Mouse,,,not yet curated,,,0,,"The registry preserves this identity, but independent source evidence is still needed. | This institution is a historical roster label, not a sourced current appointment. | Lab model organisms are not yet source-backed; article-species mentions do not establish a lab model. | Selected scientific contributions have not yet been source-curated; this is not absence of contributions.",,unknown,0,0,0,0,0,0,2,1,0,1
Anna Molofsky,non-HHMI,"University of California, San Francisco",glia/neuro-immune,"NIH DP2, Pew Biomedical",4,0.4,4,2016;2017;2019;2021;2022;2025,1,0,7,,,established,unified_pubmed(full-name/affiliation-or-ORCID),last-author proxy,2025,,2026-09-05T03:44:55+00:00,3,pi_f1b6ad0eef2b585abe64c86042cc8208,unified-papers,unreviewed,,unreviewed roster label,,unknown,Cellular and molecular neuroscience; Development; Glia and neuroimmunology; Learning and memory; Neural circuits and behavior; Sensory systems,Imaging and microscopy; Organoids and stem-cell models; Sequencing and transcriptomics,,unknown,Mouse; Zebrafish,,,not yet curated,,,0,,"The registry preserves this identity, but independent source evidence is still needed. | This institution is a historical roster label, not a sourced current appointment. | Lab model organisms are not yet source-backed; article-species mentions do not establish a lab model. | Selected scientific contributions have not yet been source-curated; this is not absence of contributions. | Excluded 7 different-given-name candidates; review aliases if any exclusion is unexpected.",,unknown,0,0,1,0,1,0,0,1,1,0
Attila Losonczy,non-HHMI (low-CNS),Columbia University,neuroscience,,4,0.4,3,2016;2017;2018;2019;2020;2023;2025,16,1,20,,2012,established,unified_pubmed(full-name/affiliation-or-ORCID),last-author proxy,2025,first-paper proxy,2026-09-05T03:45:15+00:00,3,pi_4988324544e35ef6bb52137692c8486e,unified-papers,unreviewed,,unreviewed roster label,,unknown,Cellular and molecular neuroscience; Computation and cognition; Learning and memory; Neural circuits and behavior; Sensory systems,Calcium imaging; Electrophysiology; Imaging and microscopy; Optogenetics,,unknown,Mouse; Rat,,,not yet curated,,,1,,"The registry preserves this identity, but independent source evidence is still needed. | This institution is a historical roster label, not a sourced current appointment. | Lab model organisms are not yet source-backed; article-species mentions do not establish a lab model. | Selected scientific contributions have not yet been source-curated; this is not absence of contributions. | 1 candidate papers remain unresolved and are not included in totals.",,unknown,0,0,0,0,0,2,1,0,1,0
Takaki Komiyama,non-HHMI (low-CNS),"University of California, San Diego",neuroscience,,4,0.4,2,2016;2017;2018;2020;2021;2022;2023;2024,3,0,12,,2012,established,unified_pubmed(full-name/affiliation-or-ORCID),last-author proxy,2025,first-paper proxy,2026-09-05T03:45:17+00:00,3,pi_90b11b6d7fdf58c1a11a21e3dadaa40b,unified-papers,unreviewed,,unreviewed roster label,,unknown,Cellular and molecular neuroscience; Computation and cognition; Development; Learning and memory; Motor systems; Neural circuits and behavior; Sensory systems; Sleep and circadian rhythms,Calcium imaging; Computational modeling; Imaging and microscopy; MRI and neuroimaging; Optogenetics,,unknown,Mouse,,,not yet curated,,,0,,"The registry preserves this identity, but independent source evidence is still needed. | This institution is a historical roster label, not a sourced current appointment. | Lab model organisms are not yet source-backed; article-species mentions do not establish a lab model. | Selected scientific contributions have not yet been source-curated; this is not absence of contributions.",,unknown,0,0,0,1,0,0,0,0,0,3
Rudolf Jaenisch,non-HHMI (low-CNS),Massachusetts Institute of Technology,neuroscience,,4,0.4,2,2017;2019;2020;2021;2022;2023;2024;2025,1,0,33,,2005,established,unified_pubmed(full-name/affiliation-or-ORCID),last-author proxy,2025,first-paper proxy,2026-09-05T03:45:25+00:00,3,pi_461d200fe7e057a7a06a7e6a49516ce9,unified-papers,unreviewed,,unreviewed roster label,,unknown,Cellular and molecular neuroscience; Development; Glia and neuroimmunology; Neurodegeneration and aging; Sensory systems,Electrophysiology; Organoids and stem-cell models; Sequencing and transcriptomics,,unknown,Human; Mouse; Rat,,,not yet curated,,,2,,"The registry preserves this identity, but independent source evidence is still needed. | This institution is a historical roster label, not a sourced current appointment. | Lab model organisms are not yet source-backed; article-species mentions do not establish a lab model. | Selected scientific contributions have not yet been source-curated; this is not absence of contributions. | 2 candidate papers remain unresolved and are not included in totals.",,unknown,2,0,2,0,0,0,0,0,0,0
Mark Wu,non-HHMI (low-CNS),Johns Hopkins,neuroscience,,4,0.4,4,2019;2020;2021;2022;2023;2024,1,0,13,,2011,established,unified_pubmed(full-name/affiliation-or-ORCID),last-author proxy,2025,first-paper proxy,2026-09-05T03:45:27+00:00,3,pi_d2e7fc89696a5edc91375f6261a1371d,unified-papers,unreviewed,,unreviewed roster label,,unknown,Cellular and molecular neuroscience; Glia and neuroimmunology; Learning and memory; Neural circuits and behavior; Sleep and circadian rhythms,Computational modeling; Imaging and microscopy; Optogenetics; Sequencing and transcriptomics,,unknown,Drosophila; Mouse; Zebrafish,,,not yet curated,,,0,,"The registry preserves this identity, but independent source evidence is still needed. | This institution is a historical roster label, not a sourced current appointment. | Lab model organisms are not yet source-backed; article-species mentions do not establish a lab model. | Selected scientific contributions have not yet been source-curated; this is not absence of contributions. | Excluded 17 different-given-name candidates; review aliases if any exclusion is unexpected.",,unknown,1,1,1,0,0,0,0,0,0,1
Richard Mooney,non-HHMI (low-CNS),Duke University,neuroscience,,4,0.4,3,2016;2017;2019;2020;2022;2023;2024,5,2,18,,2005,established,unified_pubmed(full-name/affiliation-or-ORCID),last-author proxy,2025,ORCID employment (unverified),2026-09-05T03:45:32+00:00,3,pi_96d867c2988157eaa5c61e027e6d96ba,unified-papers,unreviewed,,unreviewed roster label,,unknown,Cellular and molecular neuroscience; Learning and memory; Motor systems; Neural circuits and behavior; Sensory systems; Sleep and circadian rhythms,Optogenetics,,unknown,Mouse; Nonhuman primates,,,not yet curated,,,0,,"ORCID employment is a career proxy, not a verified independent-lab start. | The registry preserves this identity, but independent source evidence is still needed. | This institution is a historical roster label, not a sourced current appointment. | Lab model organisms are not yet source-backed; article-species mentions do not establish a lab model. | Selected scientific contributions have not yet been source-curated; this is not absence of contributions. | Excluded 1 different-given-name candidates; review aliases if any exclusion is unexpected.",,unknown,0,0,2,0,0,1,0,0,0,1
Nico Dosenbach,rising-star,Washington University in St. Louis,neuroscience,,4,0.4,4,2016;2017;2018;2019;2020;2021,3,0,22,,2017,early (<=10y),unified_pubmed(full-name/affiliation-or-ORCID),last-author proxy,2025,first-paper proxy,2026-09-05T03:45:34+00:00,3,pi_364ea09b0d635b38ae7f8a356ecd5d49,unified-papers,unreviewed,,unreviewed roster label,,unknown,Computation and cognition; Learning and memory; Motor systems; Neural circuits and behavior; Sensory systems; Sleep and circadian rhythms,Computational modeling; Connectomics; Electrophysiology; Imaging and microscopy; MRI and neuroimaging,,unknown,Human,,,not yet curated,,,0,,"The registry preserves this identity, but independent source evidence is still needed. | This institution is a historical roster label, not a sourced current appointment. | Lab model organisms are not yet source-backed; article-species mentions do not establish a lab model. | Selected scientific contributions have not yet been source-curated; this is not absence of contributions.",,unknown,0,0,0,0,0,0,1,1,1,1
Scott Russo,non-HHMI (low-CNS),Icahn School of Medicine at Mount Sinai,neuroscience,,4,0.4,4,2017;2018;2019;2020;2021;2023,5,1,31,,2009,established,unified_pubmed(full-name/affiliation-or-ORCID),last-author proxy,2025,first-paper proxy,2026-09-05T03:45:47+00:00,3,pi_db959f18ca335e4da30d755c94cbb2f1,unified-papers,unreviewed,,unreviewed roster label,,unknown,Cellular and molecular neuroscience; Glia and neuroimmunology; Learning and memory; Neural circuits and behavior; Neurodegeneration and aging,Optogenetics; Sequencing and transcriptomics,,unknown,Human; Mouse,,,not yet curated,,,1,,"The registry preserves this identity, but independent source evidence is still needed. | This institution is a historical roster label, not a sourced current appointment. | Lab model organisms are not yet source-backed; article-species mentions do not establish a lab model. | Selected scientific contributions have not yet been source-curated; this is not absence of contributions. | 1 candidate papers remain unresolved and are not included in totals.",,unknown,1,0,0,0,0,0,1,0,1,1
Michael Sofroniew,non-HHMI (low-CNS),"University of California, Los Angeles",neuroscience,,4,0.4,3,2017;2019;2020;2021;2023;2024;2025,1,0,7,,2005,established,unified_pubmed(full-name/affiliation-or-ORCID),last-author proxy,2025,first-paper proxy,2026-09-05T03:45:57+00:00,3,pi_a2412330288f553bb300dc6b74002029,unified-papers,unreviewed,,unreviewed roster label,,unknown,Cellular and molecular neuroscience; Glia and neuroimmunology,Electrophysiology; Sequencing and transcriptomics,,unknown,Human; Mouse; Rat,,,not yet curated,,,1,,"The registry preserves this identity, but independent source evidence is still needed. | This institution is a historical roster label, not a sourced current appointment. | Lab model organisms are not yet source-backed; article-species mentions do not establish a lab model. | Selected scientific contributions have not yet been source-curated; this is not absence of contributions. | 1 candidate papers remain unresolved and are not included in totals.",,unknown,1,0,2,0,0,0,1,0,0,0
Anthony Zador,non-HHMI (low-CNS),Cold Spring Harbor Laboratory,neuroscience,,4,0.4,4,2016;2017;2018;2021;2023;2025,3,1,14,,2005,established,unified_pubmed(full-name/affiliation-or-ORCID),last-author proxy,2025,first-paper proxy,2026-09-05T03:46:01+00:00,3,pi_5e132d990e2555aca9713f03f25a7ac1,unified-papers,unreviewed,,unreviewed roster label,,unknown,Cellular and molecular neuroscience; Computation and cognition; Learning and memory; Motor systems; Neural circuits and behavior; Sensory systems,Computational modeling; Connectomics; Imaging and microscopy; Sequencing and transcriptomics,,unknown,Mouse; Rat,,,not yet curated,,,0,,"The registry preserves this identity, but independent source evidence is still needed. | This institution is a historical roster label, not a sourced current appointment. | Lab model organisms are not yet source-backed; article-species mentions do not establish a lab model. | Selected scientific contributions have not yet been source-curated; this is not absence of contributions.",,unknown,0,0,0,1,1,0,1,0,1,0
Bo Li,non-HHMI (low-CNS),Cold Spring Harbor Laboratory,neuroscience,,4,0.4,4,2017;2018;2019;2022;2024;2025,6,0,18,,2013,established,unified_pubmed(full-name/affiliation-or-ORCID),last-author proxy,2025,first-paper proxy,2026-09-05T03:46:03+00:00,3,pi_4a237277aec3565a9854d612353b4c6e,unified-papers,unreviewed,,unreviewed roster label,,unknown,Cellular and molecular neuroscience; Computation and cognition; Learning and memory; Motor systems; Neural circuits and behavior,Electrophysiology; Imaging and microscopy; MRI and neuroimaging; Optogenetics,,unknown,Mouse; Rat,,,not yet curated,,,0,,"The registry preserves this identity, but independent source evidence is still needed. | This institution is a historical roster label, not a sourced current appointment. | Lab model organisms are not yet source-backed; article-species mentions do not establish a lab model. | Selected scientific contributions have not yet been source-curated; this is not absence of contributions.",,unknown,1,0,0,0,1,1,0,1,0,0
Ueli Rutishauser,non-HHMI (low-CNS),California Institute of Technology,neuroscience,,4,0.4,3,2016;2017;2018;2019;2021;2023;2025,6,0,25,,2014,established,unified_pubmed(full-name/affiliation-or-ORCID),last-author proxy,2025,first-paper proxy,2026-09-05T03:46:05+00:00,3,pi_629582c4e69f53d3b5408b57d3907fa2,unified-papers,unreviewed,,unreviewed roster label,,unknown,Computation and cognition; Learning and memory; Motor systems; Neural circuits and behavior; Neurodegeneration and aging; Sensory systems,Electrophysiology; Imaging and microscopy; MRI and neuroimaging,,unknown,Human; Nonhuman primates,,,not yet curated,,,1,,"The registry preserves this identity, but independent source evidence is still needed. | This institution is a historical roster label, not a sourced current appointment. | Lab model organisms are not yet source-backed; article-species mentions do not establish a lab model. | Selected scientific contributions have not yet been source-curated; this is not absence of contributions. | 1 candidate papers remain unresolved and are not included in totals.",,unknown,0,0,0,0,1,0,1,0,2,0
Marianne Bronner,non-HHMI (low-CNS),California Institute of Technology,neuroscience,,4,0.4,4,2018;2020;2021;2022;2023;2025,0,7,64,,2010,established,unified_pubmed(full-name/affiliation-or-ORCID),last-author proxy,2025,first-paper proxy,2026-09-05T03:46:07+00:00,3,pi_23cddd8a671057c095a4a314e84d4676,unified-papers,unreviewed,,unreviewed roster label,,unknown,Cellular and molecular neuroscience; Development; Learning and memory; Motor systems; Neural circuits and behavior; Sensory systems,Imaging and microscopy; Organoids and stem-cell models; Sequencing and transcriptomics,,unknown,Mouse; Zebrafish,,,not yet curated,,,0,,"The registry preserves this identity, but independent source evidence is still needed. | This institution is a historical roster label, not a sourced current appointment. | Lab model organisms are not yet source-backed; article-species mentions do not establish a lab model. | Selected scientific contributions have not yet been source-curated; this is not absence of contributions.",,unknown,1,1,0,1,0,0,0,0,1,0
Mario Suvà,non-HHMI (low-CNS),Harvard Medical School,neuroscience,,4,0.4,4,2020;2021;2022;2023;2024;2025,1,0,9,,2014,established,unified_pubmed(full-name/affiliation-or-ORCID),last-author proxy,2025,ORCID employment (unverified),2026-09-05T03:46:18+00:00,3,pi_e53733e0b88654b99faebad405b4c97d,unified-papers,unreviewed,,unreviewed roster label,,unknown,Cellular and molecular neuroscience; Computation and cognition; Glia and neuroimmunology; Learning and memory,Organoids and stem-cell models; Sequencing and transcriptomics,,unknown,Human; Mouse,,,not yet curated,,,0,,"ORCID employment is a career proxy, not a verified independent-lab start. | The registry preserves this identity, but independent source evidence is still needed. | This institution is a historical roster label, not a sourced current appointment. | Lab model organisms are not yet source-backed; article-species mentions do not establish a lab model. | Selected scientific contributions have not yet been source-curated; this is not absence of contributions.",,unknown,1,1,1,1,0,0,0,0,0,0
Christoph Thaiss,rising-star,University of Pennsylvania,neuroscience,,4,0.4,3,2016;2017;2019;2020;2021;2024;2025,0,0,16,,2018,early (<=10y),unified_pubmed(full-name/affiliation-or-ORCID),last-author proxy,2025,first-paper proxy,2026-09-05T03:46:23+00:00,3,pi_5301036d3a52542e8ef2544d583e7a14,unified-papers,unreviewed,,unreviewed roster label,,unknown,Computation and cognition; Glia and neuroimmunology; Learning and memory; Neural circuits and behavior; Sensory systems; Sleep and circadian rhythms,Sequencing and transcriptomics,,unknown,Human; Mouse,,,not yet curated,,,0,,"The registry preserves this identity, but independent source evidence is still needed. | This institution is a historical roster label, not a sourced current appointment. | Lab model organisms are not yet source-backed; article-species mentions do not establish a lab model. | Selected scientific contributions have not yet been source-curated; this is not absence of contributions.",,unknown,0,0,1,0,0,0,1,2,0,0
Tom Maniatis,non-HHMI (low-CNS),Columbia University,neuroscience,,4,0.4,3,2016;2018;2020;2021;2022;2023;2024,1,0,7,,2012,established,unified_pubmed(full-name/affiliation-or-ORCID),last-author proxy,2025,ORCID employment (unverified),2026-09-05T03:46:30+00:00,3,pi_47dec95a1f8d5203aa33fb69bfbe2f73,unified-papers,unreviewed,,unreviewed roster label,,unknown,Development; Glia and neuroimmunology; Neural circuits and behavior; Sensory systems,,,unknown,Mouse,,,not yet curated,,,0,,"ORCID employment is a career proxy, not a verified independent-lab start. | The registry preserves this identity, but independent source evidence is still needed. | This institution is a historical roster label, not a sourced current appointment. | Lab model organisms are not yet source-backed; article-species mentions do not establish a lab model. | Selected scientific contributions have not yet been source-curated; this is not absence of contributions.",,unknown,0,2,0,1,0,0,0,0,0,1
Manolis Kellis,non-HHMI,Massachusetts Institute of Technology,neuroscience,,4,0.4,4,2016;2017;2018;2019;2020;2022,0,0,18,,2007,established,unified_pubmed(full-name/affiliation-or-ORCID),last-author proxy,2025,first-paper proxy,2026-09-05T03:46:55+00:00,3,pi_26715a868f1a558e96b1117ca2102f6d,unified-papers,unreviewed,,unreviewed roster label,,unknown,Cellular and molecular neuroscience; Computation and cognition; Glia and neuroimmunology; Learning and memory; Motor systems; Neurodegeneration and aging; Sleep and circadian rhythms,Computational modeling; Organoids and stem-cell models; Sequencing and transcriptomics,,unknown,Human; Mouse,,,not yet curated,,,2,,"The registry preserves this identity, but independent source evidence is still needed. | This institution is a historical roster label, not a sourced current appointment. | Lab model organisms are not yet source-backed; article-species mentions do not establish a lab model. | Selected scientific contributions have not yet been source-curated; this is not absence of contributions. | 2 candidate papers remain unresolved and are not included in totals.",,unknown,0,0,0,0,0,1,0,1,1,1
Guoping Feng,non-HHMI (low-CNS),Massachusetts Institute of Technology,neuroscience,,4,0.4,4,2017;2018;2019;2023;2024;2025,5,0,20,,2011,established,unified_pubmed(full-name/affiliation-or-ORCID),last-author proxy,2025,first-paper proxy,2026-09-05T03:46:57+00:00,3,pi_63af929a1c445f11aa7452b852d04d5a,unified-papers,unreviewed,,unreviewed roster label,,unknown,Cellular and molecular neuroscience; Computation and cognition; Glia and neuroimmunology; Learning and memory; Motor systems; Neural circuits and behavior; Neurodegeneration and aging; Sensory systems; Sleep and circadian rhythms,Computational modeling; Connectomics; Electrophysiology; Imaging and microscopy; Optogenetics; Sequencing and transcriptomics,,unknown,Human; Mouse; Nonhuman primates,,,not yet curated,,,1,,"The registry preserves this identity, but independent source evidence is still needed. | This institution is a historical roster label, not a sourced current appointment. | Lab model organisms are not yet source-backed; article-species mentions do not establish a lab model. | Selected scientific contributions have not yet been source-curated; this is not absence of contributions. | 1 candidate papers remain unresolved and are not included in totals. | Excluded 1 different-given-name candidates; review aliases if any exclusion is unexpected.",,unknown,1,0,0,0,1,1,1,0,0,0
Robert Froemke,non-HHMI (low-CNS),New York University,neuroscience,,4,0.4,4,2016;2017;2018;2019;2024;2025,3,1,22,,2013,established,unified_pubmed(full-name/affiliation-or-ORCID),last-author proxy,2025,ORCID employment (unverified),2026-09-05T03:47:05+00:00,3,pi_0aad5c21a7af59d3ab14b3e9f5083d9e,unified-papers,unreviewed,,unreviewed roster label,,unknown,Cellular and molecular neuroscience; Computation and cognition; Learning and memory; Neural circuits and behavior; Sensory systems; Sleep and circadian rhythms,Electrophysiology; MRI and neuroimaging; Optogenetics,,unknown,Mouse; Rat,,,not yet curated,,,0,,"ORCID employment is a career proxy, not a verified independent-lab start. | The registry preserves this identity, but independent source evidence is still needed. | This institution is a historical roster label, not a sourced current appointment. | Lab model organisms are not yet source-backed; article-species mentions do not establish a lab model. | Selected scientific contributions have not yet been source-curated; this is not absence of contributions.",,unknown,0,0,0,0,1,1,1,1,0,0
Elaine Hsiao,non-HHMI,"University of California, Los Angeles",neuroscience,Klingenstein-Simons,4,0.4,4,2016;2017;2019;2022;2024;2025,2,0,26,,2017,early (<=10y),unified_pubmed(full-name/affiliation-or-ORCID),last-author proxy,2025,first-paper proxy,2026-09-05T03:47:43+00:00,3,pi_922f1d00e1f955539186a3d55a450a75,unified-papers,unreviewed,,unreviewed roster label,,unknown,Cellular and molecular neuroscience; Computation and cognition; Development; Glia and neuroimmunology; Learning and memory; Neural circuits and behavior; Neurodegeneration and aging,Sequencing and transcriptomics,,unknown,Human; Mouse,,,not yet curated,,,4,,"The registry preserves this identity, but independent source evidence is still needed. | This institution is a historical roster label, not a sourced current appointment. | Lab model organisms are not yet source-backed; article-species mentions do not establish a lab model. | Selected scientific contributions have not yet been source-curated; this is not absence of contributions. | 4 candidate papers remain unresolved and are not included in totals.",,unknown,0,0,1,0,1,1,0,1,0,0
Thorsten Mempel,non-HHMI (low-CNS),Harvard Medical School,neuroscience,,4,0.4,2,2016;2017;2018;2020;2022;2023;2024;2025,0,0,3,,2008,established,unified_pubmed(full-name/affiliation-or-ORCID),last-author proxy,2025,first-paper proxy,2026-09-05T03:48:00+00:00,3,pi_641710b104c95efc82f6db691390f5a3,unified-papers,unreviewed,,unreviewed roster label,,unknown,Learning and memory; Motor systems,Imaging and microscopy,,unknown,Mouse,,,not yet curated,,,0,,"The registry preserves this identity, but independent source evidence is still needed. | This institution is a historical roster label, not a sourced current appointment. | Lab model organisms are not yet source-backed; article-species mentions do not establish a lab model. | Selected scientific contributions have not yet been source-curated; this is not absence of contributions.",,unknown,0,0,0,2,0,2,0,0,0,0
Satchidananda Panda,non-HHMI,Salk Institute for Biological Studies,neuroscience,,4,0.4,3,2017;2020;2021;2022;2023;2024;2025,1,0,36,,2006,established,unified_pubmed(full-name/affiliation-or-ORCID),last-author proxy,2025,first-paper proxy,2026-09-05T03:49:31+00:00,3,pi_82a20bff5ee051dbb8f4361084bdefee,unified-papers,unreviewed,,unreviewed roster label,,unknown,Cellular and molecular neuroscience; Learning and memory; Motor systems; Neural circuits and behavior; Sensory systems; Sleep and circadian rhythms,Connectomics; Imaging and microscopy; Sequencing and transcriptomics,,unknown,Human; Mouse,,,not yet curated,,,0,,"The registry preserves this identity, but independent source evidence is still needed. | This institution is a historical roster label, not a sourced current appointment. | Lab model organisms are not yet source-backed; article-species mentions do not establish a lab model. | Selected scientific contributions have not yet been source-curated; this is not absence of contributions.",,unknown,1,0,2,1,0,0,0,0,0,0
Ya-Chieh Hsu,non-HHMI (low-CNS),Harvard (FAS),neuroscience,,4,0.4,3,2016;2017;2018;2019;2022;2023;2024,0,0,5,,2006,established,unified_pubmed(full-name/affiliation-or-ORCID),last-author proxy,2025,first-paper proxy,2026-09-05T03:50:08+00:00,3,pi_c686967ebdcb5724b9bac5dfad537deb,unified-papers,unreviewed,,unreviewed roster label,,unknown,Cellular and molecular neuroscience; Glia and neuroimmunology,Organoids and stem-cell models; Sequencing and transcriptomics,,unknown,Mouse,,,not yet curated,,,0,,"The registry preserves this identity, but independent source evidence is still needed. | This institution is a historical roster label, not a sourced current appointment. | Lab model organisms are not yet source-backed; article-species mentions do not establish a lab model. | Selected scientific contributions have not yet been source-curated; this is not absence of contributions. | Excluded 8 different-given-name candidates; review aliases if any exclusion is unexpected.",,unknown,0,0,0,0,2,1,0,0,0,1
Holly Ingraham,non-HHMI (low-CNS),"University of California, San Francisco",neuroscience,,4,0.4,4,2016;2017;2018;2019;2020;2023,0,0,5,,2014,established,unified_pubmed(full-name/affiliation-or-ORCID),last-author proxy,2025,first-paper proxy,2026-09-05T03:50:22+00:00,3,pi_c8b70b25d04c5a4ab7a5bce337f92d4a,unified-papers,unreviewed,,unreviewed roster label,,unknown,Learning and memory; Neural circuits and behavior,Organoids and stem-cell models,,unknown,Mouse,,,not yet curated,,,0,,"The registry preserves this identity, but independent source evidence is still needed. | This institution is a historical roster label, not a sourced current appointment. | Lab model organisms are not yet source-backed; article-species mentions do not establish a lab model. | Selected scientific contributions have not yet been source-curated; this is not absence of contributions.",,unknown,0,0,0,0,0,1,1,0,1,1
Fei Chen,early-career awardee,Broad Institute,neuroscience (awardee),Searle Scholar,4,0.4,4,2016;2017;2018;2019;2022;2025,0,0,8,,2019,rising (<=6y),unified_pubmed(full-name/affiliation-or-ORCID),last-author proxy,2025,first-paper proxy,2026-09-05T03:55:58+00:00,3,pi_80e16d4941a5505094ed42e5da96e63c,unified-papers,unreviewed,,unreviewed roster label,,unknown,Cellular and molecular neuroscience; Computation and cognition; Learning and memory,Imaging and microscopy; Sequencing and transcriptomics,,unknown,Human; Mouse,,,not yet curated,,,0,,"The registry preserves this identity, but independent source evidence is still needed. | This institution is a historical roster label, not a sourced current appointment. | Lab model organisms are not yet source-backed; article-species mentions do not establish a lab model. | Selected scientific contributions have not yet been source-curated; this is not absence of contributions.",,unknown,0,0,0,0,1,1,0,1,1,0
Bozhi Tian,early-career awardee,University of Chicago,neuroscience (awardee),NIH DP2,4,0.4,3,2016;2017;2018;2020;2021;2022;2023,0,0,49,,,unknown,unified_pubmed(full-name/affiliation-or-ORCID),last-author proxy,2025,,2026-09-05T03:56:48+00:00,3,pi_97e964a47b34539c97fe550158c1af60,unified-papers,unreviewed,,unreviewed roster label,,unknown,,Electrophysiology; Imaging and microscopy; Optogenetics,,unknown,Mouse; Rat,,,not yet curated,,,2,,"The registry preserves this identity, but independent source evidence is still needed. | This institution is a historical roster label, not a sourced current appointment. | Lab model organisms are not yet source-backed; article-species mentions do not establish a lab model. | Selected scientific contributions have not yet been source-curated; this is not absence of contributions. | 2 candidate papers remain unresolved and are not included in totals.",,unknown,0,0,0,1,0,0,0,0,2,1
Cornelia Bargmann,HHMI,Rockefeller University,Neuroscience (HHMI),,4,0.4,3,2019;2020;2021;2022;2023;2024;2025,2,6,15,,,established,unified_pubmed(full-name/affiliation-or-ORCID),last-author proxy,2025,,2026-09-05T03:58:12+00:00,3,pi_41229fad7a0755799344c2599221220f,unified-papers,unreviewed,,unreviewed roster label,Listed in legacy HHMI cohort,unreviewed,Cellular and molecular neuroscience; Computation and cognition; Learning and memory; Motor systems; Neural circuits and behavior; Sensory systems,Calcium imaging; Electrophysiology; Imaging and microscopy; MRI and neuroimaging; Optogenetics,,unknown,C. elegans; Zebrafish,,,not yet curated,,,0,,"The registry preserves this identity, but independent source evidence is still needed. | This institution is a historical roster label, not a sourced current appointment. | Lab model organisms are not yet source-backed; article-species mentions do not establish a lab model. | Selected scientific contributions have not yet been source-curated; this is not absence of contributions. | Excluded 1 different-given-name candidates; review aliases if any exclusion is unexpected.",,unknown,2,1,1,0,0,0,0,0,0,0
Mikhail Shapiro,HHMI,California Institute of Technology,Neuroscience (HHMI),,3,0.3,3,2016;2017;2020;2021;2022;2024;2025,1,0,48,,,established,unified_pubmed(full-name/affiliation-or-ORCID),last-author proxy,2025,,2026-09-05T03:40:57+00:00,3,pi_3aeff650cf995c72a83bc7a1be768ba3,unified-papers,unreviewed,,unreviewed roster label,Listed in legacy HHMI cohort,unreviewed,Cellular and molecular neuroscience; Learning and memory; Neural circuits and behavior,Connectomics; Imaging and microscopy; MRI and neuroimaging,,unknown,Human; Mouse; Rat,,,not yet curated,,,1,,"The registry preserves this identity, but independent source evidence is still needed. | This institution is a historical roster label, not a sourced current appointment. | Lab model organisms are not yet source-backed; article-species mentions do not establish a lab model. | Selected scientific contributions have not yet been source-curated; this is not absence of contributions. | 1 candidate papers remain unresolved and are not included in totals.",,unknown,0,0,1,1,0,0,0,1,0,0
Loren M. Frank,HHMI,"University of California, San Francisco",Neuroscience (HHMI),,3,0.3,3,2017;2018;2019;2021;2022;2024;2025,5,1,17,,,established,unified_pubmed(full-name/affiliation-or-ORCID),last-author proxy,2025,,2026-09-05T03:41:09+00:00,3,pi_591cf63fc4cb58b1afe9b29ba21983b7,unified-papers,unreviewed,,unreviewed roster label,Listed in legacy HHMI cohort,unreviewed,Computation and cognition; Learning and memory; Motor systems; Neural circuits and behavior; Sleep and circadian rhythms,Computational modeling; Electrophysiology; Imaging and microscopy,,unknown,Mouse; Rat,,,not yet curated,,,0,,"The registry preserves this identity, but independent source evidence is still needed. | This institution is a historical roster label, not a sourced current appointment. | Lab model organisms are not yet source-backed; article-species mentions do not establish a lab model. | Selected scientific contributions have not yet been source-curated; this is not absence of contributions.",,unknown,1,0,0,0,1,0,0,1,0,0
Cagla Eroglu,HHMI,Duke University,Neuroscience (HHMI),,3,0.3,3,2018;2019;2020;2021;2022;2023;2024,3,0,20,,,established,unified_pubmed(full-name/affiliation-or-ORCID),last-author proxy,2025,,2026-09-05T03:41:11+00:00,3,pi_d93b62a99e8d581dbe0169c9edc4e16a,unified-papers,unreviewed,,unreviewed roster label,Listed in legacy HHMI cohort,unreviewed,Cellular and molecular neuroscience; Development; Glia and neuroimmunology; Learning and memory; Motor systems; Neural circuits and behavior; Sensory systems,Computational modeling; Imaging and microscopy; Organoids and stem-cell models,,unknown,Human; Mouse; Rat,,,not yet curated,,,0,,"The registry preserves this identity, but independent source evidence is still needed. | This institution is a historical roster label, not a sourced current appointment. | Lab model organisms are not yet source-backed; article-species mentions do not establish a lab model. | Selected scientific contributions have not yet been source-curated; this is not absence of contributions.",,unknown,1,1,0,0,0,0,0,0,0,1
Kafui Dzirasa,HHMI,Duke University,Neuroscience (HHMI),,3,0.3,2,2016;2017;2019;2021;2022;2023;2024;2025,3,0,6,,,established,unified_pubmed(full-name/affiliation-or-ORCID),last-author proxy,2025,,2026-09-05T03:41:38+00:00,3,pi_51732be6035351ffb1fd2959e0d525f8,unified-papers,unreviewed,,unreviewed roster label,Listed in legacy HHMI cohort,unreviewed,Computation and cognition; Learning and memory; Neural circuits and behavior; Sleep and circadian rhythms,Computational modeling; Optogenetics,,unknown,Mouse,,,not yet curated,,,1,,"The registry preserves this identity, but independent source evidence is still needed. | This institution is a historical roster label, not a sourced current appointment. | Lab model organisms are not yet source-backed; article-species mentions do not establish a lab model. | Selected scientific contributions have not yet been source-curated; this is not absence of contributions. | 1 candidate papers remain unresolved and are not included in totals.",,unknown,0,0,1,0,2,0,0,0,0,0
Lisa Giocomo,HHMI,Stanford University,Neuroscience (HHMI),,3,0.3,2,2016;2017;2018;2020;2021;2022;2023;2025,8,1,22,,,established,unified_pubmed(full-name/affiliation-or-ORCID),last-author proxy,2025,,2026-09-05T03:41:57+00:00,3,pi_ef0c079ae01a5a949a5c011c40d79a13,unified-papers,unreviewed,,unreviewed roster label,Listed in legacy HHMI cohort,unreviewed,Computation and cognition; Learning and memory; Motor systems; Neural circuits and behavior; Sensory systems,Computational modeling; Connectomics; Imaging and microscopy,,unknown,Mouse; Rat; Zebrafish,,,not yet curated,,,0,,"The registry preserves this identity, but independent source evidence is still needed. | This institution is a historical roster label, not a sourced current appointment. | Lab model organisms are not yet source-backed; article-species mentions do not establish a lab model. | Selected scientific contributions have not yet been source-curated; this is not absence of contributions.",,unknown,0,0,0,1,0,0,0,0,2,0
Huda Y. Zoghbi,HHMI,Baylor College of Medicine,Neuroscience (HHMI),,3,0.3,3,2016;2017;2019;2020;2023;2024;2025,11,12,62,,,established,unified_pubmed(full-name/affiliation-or-ORCID),last-author proxy,2025,,2026-09-05T03:42:06+00:00,3,pi_5f8cd31936b254a191575d29d50c5a71,unified-papers,unreviewed,,unreviewed roster label,Listed in legacy HHMI cohort,unreviewed,Cellular and molecular neuroscience; Computation and cognition; Development; Learning and memory; Motor systems; Neural circuits and behavior; Neurodegeneration and aging; Sensory systems,Electrophysiology; Imaging and microscopy; Organoids and stem-cell models; Sequencing and transcriptomics,,unknown,Drosophila; Human; Mouse; Rat,,,not yet curated,,,0,,"The registry preserves this identity, but independent source evidence is still needed. | This institution is a historical roster label, not a sourced current appointment. | Lab model organisms are not yet source-backed; article-species mentions do not establish a lab model. | Selected scientific contributions have not yet been source-curated; this is not absence of contributions.",,unknown,0,0,1,0,0,1,1,0,0,0
Kang Shen,HHMI,Stanford University,Neuroscience (HHMI),,3,0.3,3,2016;2017;2019;2021;2023;2024;2025,5,5,33,,,established,unified_pubmed(full-name/affiliation-or-ORCID),last-author proxy,2025,,2026-09-05T03:42:41+00:00,3,pi_a4bc680830385ef4b49a65fd5d8869ea,unified-papers,unreviewed,,unreviewed roster label,Listed in legacy HHMI cohort,unreviewed,Cellular and molecular neuroscience; Development; Learning and memory; Neurodegeneration and aging; Sensory systems,Imaging and microscopy; Organoids and stem-cell models,,unknown,C. elegans; Drosophila; Mouse; Rat,,,not yet curated,,,1,,"The registry preserves this identity, but independent source evidence is still needed. | This institution is a historical roster label, not a sourced current appointment. | Lab model organisms are not yet source-backed; article-species mentions do not establish a lab model. | Selected scientific contributions have not yet been source-curated; this is not absence of contributions. | 1 candidate papers remain unresolved and are not included in totals. | Excluded 3 different-given-name candidates; review aliases if any exclusion is unexpected.",,unknown,0,0,1,0,1,0,1,0,0,0
Axel T. Brunger,HHMI,Stanford University,Neuroscience (HHMI),,3,0.3,3,2016;2018;2019;2020;2021;2023;2025,1,4,22,,,established,unified_pubmed(full-name/affiliation-or-ORCID),last-author proxy,2025,,2026-09-05T03:42:53+00:00,3,pi_e7939a473b9351bfae3e773f88d784bf,unified-papers,unreviewed,,unreviewed roster label,Listed in legacy HHMI cohort,unreviewed,Cellular and molecular neuroscience; Learning and memory,Connectomics; Imaging and microscopy,,unknown,Mouse; Rat,,,not yet curated,,,1,,"The registry preserves this identity, but independent source evidence is still needed. | This institution is a historical roster label, not a sourced current appointment. | Lab model organisms are not yet source-backed; article-species mentions do not establish a lab model. | Selected scientific contributions have not yet been source-curated; this is not absence of contributions. | 1 candidate papers remain unresolved and are not included in totals.",,unknown,0,1,0,0,0,0,1,0,1,0
Carlos D. Brody,HHMI,Princeton University,Neuroscience (HHMI),,3,0.3,3,2016;2017;2019;2020;2021;2022;2023,3,5,16,,,established,unified_pubmed(full-name/affiliation-or-ORCID),last-author proxy,2025,,2026-09-05T03:43:22+00:00,3,pi_14d450b0a69b557cb770a0577e3f0cb4,unified-papers,unreviewed,,unreviewed roster label,Listed in legacy HHMI cohort,unreviewed,Computation and cognition; Learning and memory; Neural circuits and behavior; Sensory systems,Computational modeling; Electrophysiology; Imaging and microscopy; Optogenetics,,unknown,Mouse; Rat,,,not yet curated,,,0,,"The registry preserves this identity, but independent source evidence is still needed. | This institution is a historical roster label, not a sourced current appointment. | Lab model organisms are not yet source-backed; article-species mentions do not establish a lab model. | Selected scientific contributions have not yet been source-curated; this is not absence of contributions.",,unknown,0,0,1,0,0,0,0,0,1,1
Ian Maze,HHMI,Icahn School of Medicine at Mount Sinai,Neuroscience (HHMI),,3,0.3,3,2016;2017;2018;2021;2022;2023;2024,1,0,18,,,established,unified_pubmed(full-name/affiliation-or-ORCID),last-author proxy,2025,,2026-09-05T03:43:34+00:00,3,pi_32858d3c60b9525680da390e44350bd4,unified-papers,unreviewed,,unreviewed roster label,Listed in legacy HHMI cohort,unreviewed,Cellular and molecular neuroscience; Computation and cognition; Development; Glia and neuroimmunology; Learning and memory; Neural circuits and behavior; Neurodegeneration and aging; Sleep and circadian rhythms,Organoids and stem-cell models; Sequencing and transcriptomics,,unknown,Human; Mouse; Rat,,,not yet curated,,,1,,"The registry preserves this identity, but independent source evidence is still needed. | This institution is a historical roster label, not a sourced current appointment. | Lab model organisms are not yet source-backed; article-species mentions do not establish a lab model. | Selected scientific contributions have not yet been source-curated; this is not absence of contributions. | 1 candidate papers remain unresolved and are not included in totals.",,unknown,0,0,0,1,1,0,0,0,0,1
Thomas Clandinin,non-HHMI (low-CNS),Stanford University,Drosophila vision,,3,0.3,3,2017;2018;2019;2020;2022;2023;2024,6,3,19,,,established,unified_pubmed(full-name/affiliation-or-ORCID),last-author proxy,2025,,2026-09-05T03:44:45+00:00,3,pi_4063dfeaec4c5240a5a84d91b9f66c62,unified-papers,unreviewed,,unreviewed roster label,,unknown,Cellular and molecular neuroscience; Computation and cognition; Glia and neuroimmunology; Learning and memory; Motor systems; Neural circuits and behavior; Neurodegeneration and aging; Sensory systems; Sleep and circadian rhythms,Calcium imaging; Connectomics; Imaging and microscopy; MRI and neuroimaging; Optogenetics,,unknown,Drosophila,,,not yet curated,,,1,,"The registry preserves this identity, but independent source evidence is still needed. | This institution is a historical roster label, not a sourced current appointment. | Lab model organisms are not yet source-backed; article-species mentions do not establish a lab model. | Selected scientific contributions have not yet been source-curated; this is not absence of contributions. | 1 candidate papers remain unresolved and are not included in totals.",,unknown,1,0,0,0,0,1,0,0,0,1
Michael Halassa,non-HHMI (low-CNS),Massachusetts Institute of Technology; New York University,neuroscience,Pew Biomedical,3,0.3,3,2018;2019;2020;2022;2023;2024;2025,3,1,10,,2014,established,unified_pubmed(full-name/affiliation-or-ORCID),last-author proxy,2025,first-paper proxy,2026-09-05T03:45:23+00:00,3,pi_80ffdc3377c55034997aeb16acc42dd1,unified-papers,unreviewed,,unreviewed roster label,,unknown,Computation and cognition; Development; Learning and memory; Motor systems; Neural circuits and behavior; Sensory systems; Sleep and circadian rhythms,Electrophysiology; Optogenetics,,unknown,Mouse,,,not yet curated,,,4,,"The registry preserves this identity, but independent source evidence is still needed. | This institution is a historical roster label, not a sourced current appointment. | Lab model organisms are not yet source-backed; article-species mentions do not establish a lab model. | Selected scientific contributions have not yet been source-curated; this is not absence of contributions. | 4 candidate papers remain unresolved and are not included in totals.",,unknown,1,1,0,0,0,1,0,0,0,0
Andrew Huberman,rising-star,Stanford University,neuroscience,,3,0.3,3,2016;2019;2020;2021;2023;2024;2025,2,0,11,,2006,early (<=10y),unified_pubmed(full-name/affiliation-or-ORCID),last-author proxy,2025,ORCID employment (unverified),2026-09-05T03:45:30+00:00,3,pi_e58a9e4cbcce57b993542990ac150349,unified-papers,unreviewed,,unreviewed roster label,,unknown,Cellular and molecular neuroscience; Computation and cognition; Development; Motor systems; Neural circuits and behavior; Sensory systems; Sleep and circadian rhythms,Connectomics; Electrophysiology; Imaging and microscopy; Organoids and stem-cell models,,unknown,Human; Mouse,,,not yet curated,,,0,,"ORCID employment is a career proxy, not a verified independent-lab start. | The registry preserves this identity, but independent source evidence is still needed. | This institution is a historical roster label, not a sourced current appointment. | Lab model organisms are not yet source-backed; article-species mentions do not establish a lab model. | Selected scientific contributions have not yet been source-curated; this is not absence of contributions.",,unknown,0,1,1,0,0,0,1,0,0,0
Adam Kepecs,non-HHMI (low-CNS),Cold Spring Harbor Laboratory; Washington University in St. Louis,neuroscience,,3,0.3,3,2016;2017;2018;2021;2022;2023;2024,5,1,14,,2012,established,unified_pubmed(full-name/affiliation-or-ORCID),last-author proxy,2025,first-paper proxy,2026-09-05T03:45:36+00:00,3,pi_fede157747f25b0cb52e04622c339aef,unified-papers,unreviewed,,unreviewed roster label,,unknown,Computation and cognition; Development; Glia and neuroimmunology; Learning and memory; Motor systems; Neural circuits and behavior; Sensory systems,Electrophysiology,,unknown,Human; Mouse; Rat,,,not yet curated,,,1,,"The registry preserves this identity, but independent source evidence is still needed. | This institution is a historical roster label, not a sourced current appointment. | Lab model organisms are not yet source-backed; article-species mentions do not establish a lab model. | Selected scientific contributions have not yet been source-curated; this is not absence of contributions. | 1 candidate papers remain unresolved and are not included in totals.",,unknown,0,0,0,1,1,0,0,0,0,1
Ivan de Araujo,non-HHMI (low-CNS),Icahn School of Medicine at Mount Sinai; Yale University,neuroscience,,3,0.3,3,2016;2019;2020;2021;2022;2023;2025,1,0,5,,2009,established,unified_pubmed(full-name/affiliation-or-ORCID),last-author proxy,2025,first-paper proxy,2026-09-05T03:45:50+00:00,3,pi_5178e68fba945cd1bd89b8558631b604,unified-papers,unreviewed,,unreviewed roster label,,unknown,Learning and memory; Motor systems; Neural circuits and behavior,Imaging and microscopy; Optogenetics,,unknown,Drosophila; Mouse,,,not yet curated,,,0,,"The registry preserves this identity, but independent source evidence is still needed. | This institution is a historical roster label, not a sourced current appointment. | Lab model organisms are not yet source-backed; article-species mentions do not establish a lab model. | Selected scientific contributions have not yet been source-curated; this is not absence of contributions.",,unknown,0,1,1,0,0,0,0,0,1,0
Tomasz Nowakowski,non-HHMI,"University of California, San Francisco",neuroscience,Klingenstein-Simons,3,0.3,3,2016;2017;2018;2019;2020;2022;2023,5,0,11,,2019,rising (<=6y),unified_pubmed(full-name/affiliation-or-ORCID),last-author proxy,2025,first-paper proxy,2026-09-05T03:45:53+00:00,3,pi_e0009a89045151909c6df71201388955,unified-papers,unreviewed,,unreviewed roster label,,unknown,Cellular and molecular neuroscience; Computation and cognition; Development; Glia and neuroimmunology; Learning and memory; Motor systems,Computational modeling; Optogenetics; Organoids and stem-cell models; Sequencing and transcriptomics,,unknown,Human; Mouse,,,not yet curated,,,1,,"The registry preserves this identity, but independent source evidence is still needed. | This institution is a historical roster label, not a sourced current appointment. | Lab model organisms are not yet source-backed; article-species mentions do not establish a lab model. | Selected scientific contributions have not yet been source-curated; this is not absence of contributions. | 1 candidate papers remain unresolved and are not included in totals.",,unknown,0,0,0,0,0,1,0,0,1,1
Coleen Murphy,non-HHMI (low-CNS),Princeton University,neuroscience,,3,0.3,3,2016;2017;2018;2022;2023;2024;2025,1,4,38,,2006,established,unified_pubmed(full-name/affiliation-or-ORCID),last-author proxy,2025,ORCID employment (unverified),2026-09-05T03:46:10+00:00,3,pi_e91163dd2e115b36b755eaf4086f8c91,unified-papers,unreviewed,,unreviewed roster label,,unknown,Cellular and molecular neuroscience; Learning and memory; Neural circuits and behavior; Neurodegeneration and aging,Imaging and microscopy; Organoids and stem-cell models; Sequencing and transcriptomics,,unknown,C. elegans; Human; Mouse,,,not yet curated,,,0,,"ORCID employment is a career proxy, not a verified independent-lab start. | The registry preserves this identity, but independent source evidence is still needed. | This institution is a historical roster label, not a sourced current appointment. | Lab model organisms are not yet source-backed; article-species mentions do not establish a lab model. | Selected scientific contributions have not yet been source-curated; this is not absence of contributions.",,unknown,0,0,0,1,1,1,0,0,0,0
Nathaniel Sawtell,non-HHMI (low-CNS),Columbia University,neuroscience,,3,0.3,3,2016;2017;2018;2020;2021;2022;2023,4,2,13,,2010,established,unified_pubmed(full-name/affiliation-or-ORCID),last-author proxy,2025,first-paper proxy,2026-09-05T03:46:25+00:00,3,pi_312b0edd1ca354529eb8445d7b3afaf6,unified-papers,unreviewed,,unreviewed roster label,,unknown,Cellular and molecular neuroscience; Computation and cognition; Learning and memory; Motor systems; Neural circuits and behavior; Sensory systems,Computational modeling,,unknown,Mouse; Zebrafish,,,not yet curated,,,0,,"The registry preserves this identity, but independent source evidence is still needed. | This institution is a historical roster label, not a sourced current appointment. | Lab model organisms are not yet source-backed; article-species mentions do not establish a lab model. | Selected scientific contributions have not yet been source-curated; this is not absence of contributions.",,unknown,0,0,0,1,0,0,0,0,1,1
Edward Callaway,non-HHMI,"Salk Institute for Biological Studies; University of California, San Diego",neuroscience,,3,0.3,3,2016;2017;2018;2020;2022;2024;2025,3,1,17,,2005,established,unified_pubmed(full-name/affiliation-or-ORCID),last-author proxy,2025,ORCID employment (unverified),2026-09-05T03:46:44+00:00,3,pi_ea3de0fa72805586aabba598bdf5ebe4,unified-papers,unreviewed,,unreviewed roster label,,unknown,Cellular and molecular neuroscience; Motor systems; Neural circuits and behavior; Sensory systems,Connectomics; Electrophysiology; Imaging and microscopy; MRI and neuroimaging; Optogenetics; Sequencing and transcriptomics,,unknown,Mouse,,,not yet curated,,,0,,"ORCID employment is a career proxy, not a verified independent-lab start. | The registry preserves this identity, but independent source evidence is still needed. | This institution is a historical roster label, not a sourced current appointment. | Lab model organisms are not yet source-backed; article-species mentions do not establish a lab model. | Selected scientific contributions have not yet been source-curated; this is not absence of contributions.",,unknown,0,0,0,1,0,1,0,1,0,0
Ryohei Yasuda,non-HHMI (low-CNS),Max Planck Florida Institute for Neuroscience,neuroscience,,3,0.3,2,2017;2018;2019;2020;2021;2022;2023;2025,8,1,26,,2006,established,unified_pubmed(full-name/affiliation-or-ORCID),last-author proxy,2025,first-paper proxy,2026-09-05T03:47:07+00:00,3,pi_10498dd3a87351f48368dce440200eb2,unified-papers,unreviewed,,unreviewed roster label,,unknown,Cellular and molecular neuroscience; Learning and memory; Neural circuits and behavior; Neurodegeneration and aging; Sensory systems,Computational modeling; Connectomics; Electrophysiology; Imaging and microscopy; MRI and neuroimaging; Optogenetics; Sequencing and transcriptomics,,unknown,Mouse; Rat,,,not yet curated,,,0,,"The registry preserves this identity, but independent source evidence is still needed. | This institution is a historical roster label, not a sourced current appointment. | Lab model organisms are not yet source-backed; article-species mentions do not establish a lab model. | Selected scientific contributions have not yet been source-curated; this is not absence of contributions.",,unknown,2,0,0,0,0,0,0,0,1,0
David Fitzpatrick,non-HHMI (low-CNS),Max Planck Florida Institute for Neuroscience,neuroscience,,3,0.3,3,2017;2019;2021;2022;2023;2024;2025,9,0,14,,2012,established,unified_pubmed(full-name/affiliation-or-ORCID),last-author proxy,2025,first-paper proxy,2026-09-05T03:47:09+00:00,3,pi_d9268d7005af59cd97cef627c2934c20,unified-papers,unreviewed,,unreviewed roster label,,unknown,Cellular and molecular neuroscience; Computation and cognition; Learning and memory; Sensory systems,Electrophysiology; Imaging and microscopy; MRI and neuroimaging; Optogenetics,,unknown,Mouse,,,not yet curated,,,0,,"The registry preserves this identity, but independent source evidence is still needed. | This institution is a historical roster label, not a sourced current appointment. | Lab model organisms are not yet source-backed; article-species mentions do not establish a lab model. | Selected scientific contributions have not yet been source-curated; this is not absence of contributions.",,unknown,1,0,1,0,1,0,0,0,0,0
Azad Bonni,non-HHMI (low-CNS),Washington University in St. Louis,neuroscience,,3,0.3,3,2017;2018;2020;2021;2023;2024;2025,1,0,11,,2013,established,unified_pubmed(full-name/affiliation-or-ORCID),last-author proxy,2025,first-paper proxy,2026-09-05T03:47:15+00:00,3,pi_707734910b6a50198a94082349e4ca0b,unified-papers,unreviewed,,unreviewed roster label,,unknown,Cellular and molecular neuroscience; Computation and cognition; Development; Glia and neuroimmunology; Learning and memory; Motor systems; Neural circuits and behavior; Sensory systems,Electrophysiology; Imaging and microscopy; MRI and neuroimaging; Organoids and stem-cell models; Sequencing and transcriptomics,,unknown,Mouse; Rat,,,not yet curated,,,2,,"The registry preserves this identity, but independent source evidence is still needed. | This institution is a historical roster label, not a sourced current appointment. | Lab model organisms are not yet source-backed; article-species mentions do not establish a lab model. | Selected scientific contributions have not yet been source-curated; this is not absence of contributions. | 2 candidate papers remain unresolved and are not included in totals.",,unknown,1,0,0,1,0,0,1,0,0,0
Michael Bruchas,non-HHMI (low-CNS),University of Washington; Washington University in St. Louis,neuroscience,,3,0.3,3,2016;2017;2018;2020;2022;2023;2024,8,3,29,,2011,established,unified_pubmed(full-name/affiliation-or-ORCID),last-author proxy,2025,first-paper proxy,2026-09-05T03:47:17+00:00,3,pi_8222fcecf89556ce85d42f93fb1a9a32,unified-papers,unreviewed,,unreviewed roster label,,unknown,Cellular and molecular neuroscience; Learning and memory; Motor systems; Neural circuits and behavior,Calcium imaging; Electrophysiology; Imaging and microscopy; MRI and neuroimaging; Optogenetics; Sequencing and transcriptomics,,unknown,Mouse; Rat,,,not yet curated,,,0,,"The registry preserves this identity, but independent source evidence is still needed. | This institution is a historical roster label, not a sourced current appointment. | Lab model organisms are not yet source-backed; article-species mentions do not establish a lab model. | Selected scientific contributions have not yet been source-curated; this is not absence of contributions.",,unknown,0,0,0,1,0,1,0,0,0,1
Eric Nestler,non-HHMI (low-CNS),Icahn School of Medicine at Mount Sinai,neuroscience,,3,0.3,3,2016;2018;2019;2020;2021;2022;2023,7,0,78,,2008,established,unified_pubmed(full-name/affiliation-or-ORCID),last-author proxy,2025,ORCID employment (unverified),2026-09-05T03:47:21+00:00,3,pi_59bee5f33b7f5bd7aacf9d987974e4c6,unified-papers,unreviewed,,unreviewed roster label,,unknown,Cellular and molecular neuroscience; Computation and cognition; Glia and neuroimmunology; Learning and memory; Motor systems; Neural circuits and behavior; Neurodegeneration and aging,Calcium imaging; Electrophysiology; Imaging and microscopy; MRI and neuroimaging; Sequencing and transcriptomics,,unknown,Human; Mouse; Nonhuman primates; Rat,,,not yet curated,,,2,,"ORCID employment is a career proxy, not a verified independent-lab start. | The registry preserves this identity, but independent source evidence is still needed. | This institution is a historical roster label, not a sourced current appointment. | Lab model organisms are not yet source-backed; article-species mentions do not establish a lab model. | Selected scientific contributions have not yet been source-curated; this is not absence of contributions. | 2 candidate papers remain unresolved and are not included in totals.",,unknown,0,1,0,0,0,0,0,0,1,1
Naoshige Uchida,non-HHMI (low-CNS),Harvard (FAS),neuroscience,,3,0.3,2,2016;2017;2018;2019;2021;2022;2023;2024,5,0,12,,2010,established,unified_pubmed(full-name/affiliation-or-ORCID),last-author proxy,2025,ORCID employment (unverified),2026-09-05T03:47:24+00:00,3,pi_d1fe884b44b15584823eff9367f79d70,unified-papers,unreviewed,,unreviewed roster label,,unknown,Computation and cognition; Learning and memory; Motor systems; Neural circuits and behavior; Sensory systems,Computational modeling; Optogenetics,,unknown,Mouse,,,not yet curated,,,0,,"ORCID employment is a career proxy, not a verified independent-lab start. | The registry preserves this identity, but independent source evidence is still needed. | This institution is a historical roster label, not a sourced current appointment. | Lab model organisms are not yet source-backed; article-species mentions do not establish a lab model. | Selected scientific contributions have not yet been source-curated; this is not absence of contributions.",,unknown,0,0,0,0,1,0,0,0,0,2
Maria Lehtinen,non-HHMI (low-CNS),Harvard (FAS); Harvard Medical School,neuroscience,,3,0.3,3,2016;2017;2018;2019;2020;2022;2025,4,1,17,,2012,established,unified_pubmed(full-name/affiliation-or-ORCID),last-author proxy,2025,first-paper proxy,2026-09-05T03:47:26+00:00,3,pi_5e6a5b49a28a5eb5a784295437589d65,unified-papers,unreviewed,,unreviewed roster label,,unknown,Development; Glia and neuroimmunology; Learning and memory,Imaging and microscopy; MRI and neuroimaging; Sequencing and transcriptomics,,unknown,Mouse; Rat; Zebrafish,,,not yet curated,,,6,,"The registry preserves this identity, but independent source evidence is still needed. | This institution is a historical roster label, not a sourced current appointment. | Lab model organisms are not yet source-backed; article-species mentions do not establish a lab model. | Selected scientific contributions have not yet been source-curated; this is not absence of contributions. | 6 candidate papers remain unresolved and are not included in totals.",,unknown,0,0,0,0,0,1,0,1,1,0
Hong-Wei Dong,non-HHMI (low-CNS),"University of California, Los Angeles; University of Southern California",neuroscience,,3,0.3,2,2016;2017;2018;2019;2020;2022;2023;2024,2,0,10,,2010,established,unified_pubmed(full-name/affiliation-or-ORCID),last-author proxy,2025,first-paper proxy,2026-09-05T03:47:29+00:00,3,pi_2449184fec8c5e8cb1799748d3743151,unified-papers,unreviewed,,unreviewed roster label,,unknown,Cellular and molecular neuroscience; Computation and cognition; Learning and memory; Motor systems; Neural circuits and behavior; Sensory systems,Computational modeling; Connectomics; Imaging and microscopy; MRI and neuroimaging; Optogenetics; Sequencing and transcriptomics,,unknown,Human; Mouse; Rat,,,not yet curated,,,0,,"The registry preserves this identity, but independent source evidence is still needed. | This institution is a historical roster label, not a sourced current appointment. | Lab model organisms are not yet source-backed; article-species mentions do not establish a lab model. | Selected scientific contributions have not yet been source-curated; this is not absence of contributions. | Excluded 4 different-given-name candidates; review aliases if any exclusion is unexpected.",,unknown,0,0,0,0,0,2,0,0,0,1
Alex Pollen,rising-star,"University of California, San Francisco",neuroscience,,3,0.3,3,2016;2017;2018;2019;2020;2021;2024,2,0,7,,2018,early (<=10y),unified_pubmed(full-name/affiliation-or-ORCID),last-author proxy,2025,first-paper proxy,2026-09-05T03:47:31+00:00,3,pi_c9aa3cadac4d5bbd893dc8fe94375e29,unified-papers,unreviewed,,unreviewed roster label,,unknown,Cellular and molecular neuroscience; Development; Sensory systems,Organoids and stem-cell models; Sequencing and transcriptomics,,unknown,Human; Mouse,,,not yet curated,,,0,,"The registry preserves this identity, but independent source evidence is still needed. | This institution is a historical roster label, not a sourced current appointment. | Lab model organisms are not yet source-backed; article-species mentions do not establish a lab model. | Selected scientific contributions have not yet been source-curated; this is not absence of contributions.",,unknown,0,0,0,0,0,0,1,1,0,1
Vikaas Sohal,non-HHMI (low-CNS),"University of California, San Francisco",neuroscience,,3,0.3,3,2016;2017;2019;2020;2021;2024;2025,3,0,12,,2012,established,unified_pubmed(full-name/affiliation-or-ORCID),last-author proxy,2025,first-paper proxy,2026-09-05T03:47:35+00:00,3,pi_cfa841f77b0b5ed0a6d9d1ee11bbefd8,unified-papers,unreviewed,,unreviewed roster label,,unknown,Cellular and molecular neuroscience; Computation and cognition; Learning and memory; Neural circuits and behavior; Sensory systems,Calcium imaging; Computational modeling; Electrophysiology; Imaging and microscopy; Optogenetics,,unknown,Human; Mouse,,,not yet curated,,,2,,"The registry preserves this identity, but independent source evidence is still needed. | This institution is a historical roster label, not a sourced current appointment. | Lab model organisms are not yet source-backed; article-species mentions do not establish a lab model. | Selected scientific contributions have not yet been source-curated; this is not absence of contributions. | 2 candidate papers remain unresolved and are not included in totals.",,unknown,0,0,1,0,0,0,1,1,0,0
Eric Huang,non-HHMI (low-CNS),"University of California, San Francisco",neuroscience,,3,0.3,3,2017;2018;2019;2021;2023;2024;2025,3,0,15,,2005,established,unified_pubmed(full-name/affiliation-or-ORCID),last-author proxy,2025,first-paper proxy,2026-09-05T03:47:37+00:00,3,pi_814014e3eacd5c5782204ed24749e776,unified-papers,unreviewed,,unreviewed roster label,,unknown,Cellular and molecular neuroscience; Development; Glia and neuroimmunology; Learning and memory; Neurodegeneration and aging,Organoids and stem-cell models; Sequencing and transcriptomics,,unknown,Human; Mouse,,,not yet curated,,,0,,"The registry preserves this identity, but independent source evidence is still needed. | This institution is a historical roster label, not a sourced current appointment. | Lab model organisms are not yet source-backed; article-species mentions do not establish a lab model. | Selected scientific contributions have not yet been source-curated; this is not absence of contributions. | Excluded 2 different-given-name candidates; review aliases if any exclusion is unexpected.",,unknown,1,0,0,0,1,0,1,0,0,0
Mauro Costa-Mattioli,non-HHMI (low-CNS),"Baylor College of Medicine; University of California, San Francisco",neuroscience,,3,0.3,3,2017;2018;2020;2022;2023;2024;2025,4,3,11,,2008,established,unified_pubmed(full-name/affiliation-or-ORCID),last-author proxy,2025,ORCID employment (unverified),2026-09-05T03:47:39+00:00,3,pi_84667c9da5d3508fb5eb07fd6d115c0f,unified-papers,unreviewed,,unreviewed roster label,,unknown,Cellular and molecular neuroscience; Learning and memory; Motor systems; Neural circuits and behavior,Electrophysiology; MRI and neuroimaging,,unknown,Drosophila; Human; Mouse,,,not yet curated,,,0,,"ORCID employment is a career proxy, not a verified independent-lab start. | The registry preserves this identity, but independent source evidence is still needed. | This institution is a historical roster label, not a sourced current appointment. | Lab model organisms are not yet source-backed; article-species mentions do not establish a lab model. | Selected scientific contributions have not yet been source-curated; this is not absence of contributions.",,unknown,1,0,0,1,0,1,0,0,0,0
John Tuthill,rising-star,University of Washington,neuroscience,"Klingenstein-Simons, McKnight Scholar, Pew Biomedical, Searle Scholar",3,0.3,2,2016;2017;2018;2019;2020;2021;2022;2023,2,2,10,,2018,early (<=10y),unified_pubmed(full-name/affiliation-or-ORCID),last-author proxy,2025,ORCID employment (unverified),2026-09-05T03:47:48+00:00,3,pi_ebf16d0599405ddb9a1d4a60f3fa6c91,unified-papers,unreviewed,,unreviewed roster label,,unknown,Cellular and molecular neuroscience; Computation and cognition; Learning and memory; Motor systems; Neural circuits and behavior; Sensory systems,Calcium imaging; Computational modeling; Connectomics; Electrophysiology; Imaging and microscopy; Optogenetics,,unknown,Drosophila; Mouse,,,not yet curated,,,0,https://www.mcknight.org/programs/the-mcknight-endowment-fund-for-neuroscience/scholar-awards/awardees/,"ORCID employment is a career proxy, not a verified independent-lab start. | The registry preserves this identity, but independent source evidence is still needed. | This institution is a historical roster label, not a sourced current appointment. | Lab model organisms are not yet source-backed; article-species mentions do not establish a lab model. | Selected scientific contributions have not yet been source-curated; this is not absence of contributions.",,unknown,0,0,0,0,0,0,0,0,2,1
Mala Murthy,non-HHMI (low-CNS),Princeton University,neuroscience,,3,0.3,2,2016;2017;2018;2019;2020;2021;2022;2025,5,0,17,,2010,established,unified_pubmed(full-name/affiliation-or-ORCID),last-author proxy,2025,ORCID employment (unverified),2026-09-05T03:47:50+00:00,3,pi_43366c391b955ec480794cf48e98fcf6,unified-papers,unreviewed,,unreviewed roster label,,unknown,Cellular and molecular neuroscience; Computation and cognition; Learning and memory; Neural circuits and behavior; Sensory systems,Calcium imaging; Computational modeling; Connectomics; Imaging and microscopy; Optogenetics; Sequencing and transcriptomics,,unknown,C. elegans; Drosophila; Mouse,,,not yet curated,,,0,,"ORCID employment is a career proxy, not a verified independent-lab start. | The registry preserves this identity, but independent source evidence is still needed. | This institution is a historical roster label, not a sourced current appointment. | Lab model organisms are not yet source-backed; article-species mentions do not establish a lab model. | Selected scientific contributions have not yet been source-curated; this is not absence of contributions.",,unknown,0,0,0,0,0,0,0,1,2,0
David Tank,non-HHMI (low-CNS),Princeton University,neuroscience,,3,0.3,3,2016;2019;2020;2022;2023;2024;2025,5,2,9,,2007,established,unified_pubmed(full-name/affiliation-or-ORCID),last-author proxy,2025,ORCID employment (unverified),2026-09-05T03:47:52+00:00,3,pi_f9e9980c691558199ed3874bc708698e,unified-papers,unreviewed,,unreviewed roster label,,unknown,Computation and cognition; Learning and memory; Neural circuits and behavior; Sensory systems,Calcium imaging; Electrophysiology; Imaging and microscopy,,unknown,Mouse; Rat,,,not yet curated,,,0,,"ORCID employment is a career proxy, not a verified independent-lab start. | The registry preserves this identity, but independent source evidence is still needed. | This institution is a historical roster label, not a sourced current appointment. | Lab model organisms are not yet source-backed; article-species mentions do not establish a lab model. | Selected scientific contributions have not yet been source-curated; this is not absence of contributions.",,unknown,0,1,1,0,0,1,0,0,0,0
Pascal Kaeser,non-HHMI (low-CNS),Harvard Medical School,neuroscience,,3,0.3,3,2016;2017;2019;2020;2021;2023;2025,6,6,23,,2014,established,unified_pubmed(full-name/affiliation-or-ORCID),last-author proxy,2025,ORCID employment (unverified),2026-09-05T03:47:56+00:00,3,pi_758aa2607ea951e2b0f924b6492dc5f3,unified-papers,unreviewed,,unreviewed roster label,,unknown,Cellular and molecular neuroscience; Learning and memory; Motor systems,Electrophysiology; Imaging and microscopy,,unknown,Mouse; Rat,,,not yet curated,,,0,,"ORCID employment is a career proxy, not a verified independent-lab start. | The registry preserves this identity, but independent source evidence is still needed. | This institution is a historical roster label, not a sourced current appointment. | Lab model organisms are not yet source-backed; article-species mentions do not establish a lab model. | Selected scientific contributions have not yet been source-curated; this is not absence of contributions.",,unknown,0,0,1,0,0,0,1,0,1,0
Wei-Chung Lee,rising-star,Harvard Medical School,neuroscience,,3,0.3,3,2016;2017;2018;2019;2020;2023;2025,1,1,3,,2005,early (<=10y),unified_pubmed(full-name/affiliation-or-ORCID),last-author proxy,2025,ORCID employment (unverified),2026-09-05T03:47:58+00:00,3,pi_45331f1476d15e948afd6f1b0282c837,unified-papers,unreviewed,,unreviewed roster label,,unknown,Cellular and molecular neuroscience; Computation and cognition; Learning and memory; Motor systems; Neural circuits and behavior; Sensory systems,Computational modeling; Connectomics; Imaging and microscopy,,unknown,Drosophila; Mouse,,,not yet curated,,,1,,"ORCID employment is a career proxy, not a verified independent-lab start. | The registry preserves this identity, but independent source evidence is still needed. | This institution is a historical roster label, not a sourced current appointment. | Lab model organisms are not yet source-backed; article-species mentions do not establish a lab model. | Selected scientific contributions have not yet been source-curated; this is not absence of contributions. | 1 candidate papers remain unresolved and are not included in totals. | Excluded 8 different-given-name candidates; review aliases if any exclusion is unexpected.",,unknown,0,0,0,0,0,1,1,0,1,0
Andrew Wang,non-HHMI (low-CNS),Yale University,neuroscience,,3,0.3,2,2016;2017;2018;2019;2021;2022;2023;2024,0,0,6,,,unknown,unified_pubmed(full-name/affiliation-or-ORCID),last-author proxy,2025,,2026-09-05T03:48:02+00:00,3,pi_fdd63d54a69e5d179eb9809ad29578d1,unified-papers,unreviewed,,unreviewed roster label,,unknown,Glia and neuroimmunology; Learning and memory; Neural circuits and behavior,,,unknown,Mouse,,,not yet curated,,,3,,"The registry preserves this identity, but independent source evidence is still needed. | This institution is a historical roster label, not a sourced current appointment. | Lab model organisms are not yet source-backed; article-species mentions do not establish a lab model. | Selected scientific contributions have not yet been source-curated; this is not absence of contributions. | 3 candidate papers remain unresolved and are not included in totals. | Excluded 4 different-given-name candidates; review aliases if any exclusion is unexpected.",,unknown,0,0,0,0,1,0,0,0,0,2
Flora Vaccarino,non-HHMI (low-CNS),Yale University,neuroscience,,3,0.3,3,2016;2018;2019;2020;2023;2024;2025,1,0,18,,2005,established,unified_pubmed(full-name/affiliation-or-ORCID),last-author proxy,2025,first-paper proxy,2026-09-05T03:48:04+00:00,3,pi_4ab73ddac7ef5c649a9c7e3057bf71df,unified-papers,unreviewed,,unreviewed roster label,,unknown,Cellular and molecular neuroscience; Development; Glia and neuroimmunology; Learning and memory; Motor systems; Neural circuits and behavior,Electrophysiology; Organoids and stem-cell models; Sequencing and transcriptomics,,unknown,Human; Mouse,,,not yet curated,,,0,,"The registry preserves this identity, but independent source evidence is still needed. | This institution is a historical roster label, not a sourced current appointment. | Lab model organisms are not yet source-backed; article-species mentions do not establish a lab model. | Selected scientific contributions have not yet been source-curated; this is not absence of contributions.",,unknown,0,1,0,0,0,1,1,0,0,0
Mark Kahn,non-HHMI (low-CNS),University of Pennsylvania,neuroscience,,3,0.3,3,2018;2019;2020;2022;2023;2024;2025,0,1,15,,2005,established,unified_pubmed(full-name/affiliation-or-ORCID),last-author proxy,2025,first-paper proxy,2026-09-05T03:48:12+00:00,3,pi_5d2ead81e24e5c2cb72436b06e512583,unified-papers,unreviewed,,unreviewed roster label,,unknown,,Organoids and stem-cell models,,unknown,Mouse; Zebrafish,,,not yet curated,,,2,,"The registry preserves this identity, but independent source evidence is still needed. | This institution is a historical roster label, not a sourced current appointment. | Lab model organisms are not yet source-backed; article-species mentions do not establish a lab model. | Selected scientific contributions have not yet been source-curated; this is not absence of contributions. | 2 candidate papers remain unresolved and are not included in totals.",,unknown,1,1,0,0,0,1,0,0,0,0
Alipasha Vaziri,rising-star,Rockefeller University,neuroscience,,3,0.3,3,2017;2018;2021;2022;2023;2024;2025,1,0,10,,2016,early (<=10y),unified_pubmed(full-name/affiliation-or-ORCID),last-author proxy,2025,first-paper proxy,2026-09-05T03:48:30+00:00,3,pi_4b5946675e0d5603a0bc76a4705bff42,unified-papers,unreviewed,,unreviewed roster label,,unknown,Computation and cognition; Learning and memory; Motor systems; Neural circuits and behavior; Sensory systems,Calcium imaging; Imaging and microscopy; MRI and neuroimaging,,unknown,Drosophila; Human; Mouse; Zebrafish,,,not yet curated,,,0,,"The registry preserves this identity, but independent source evidence is still needed. | This institution is a historical roster label, not a sourced current appointment. | Lab model organisms are not yet source-backed; article-species mentions do not establish a lab model. | Selected scientific contributions have not yet been source-curated; this is not absence of contributions.",,unknown,1,0,0,1,1,0,0,0,0,0
Seth Blackshaw,non-HHMI (low-CNS),Johns Hopkins,neuroscience,,3,0.3,3,2016;2018;2019;2021;2022;2024;2025,0,2,36,,2009,established,unified_pubmed(full-name/affiliation-or-ORCID),last-author proxy,2025,first-paper proxy,2026-09-05T03:48:59+00:00,3,pi_3d847b57f6c057b38361362b7a8f6e75,unified-papers,unreviewed,,unreviewed roster label,,unknown,Cellular and molecular neuroscience; Computation and cognition; Development; Glia and neuroimmunology; Learning and memory; Sensory systems; Sleep and circadian rhythms,Organoids and stem-cell models; Sequencing and transcriptomics,,unknown,Human; Mouse; Zebrafish,,,not yet curated,,,0,,"The registry preserves this identity, but independent source evidence is still needed. | This institution is a historical roster label, not a sourced current appointment. | Lab model organisms are not yet source-backed; article-species mentions do not establish a lab model. | Selected scientific contributions have not yet been source-curated; this is not absence of contributions.",,unknown,0,1,0,0,1,0,0,1,0,0
Michael Lin,candidate (career TBD),Stanford University,neuroscience,,3,0.3,2,2016;2018;2020;2021;2022;2023;2024;2025,1,0,18,,2011,established,unified_pubmed(full-name/affiliation-or-ORCID),last-author proxy,2025,first-paper proxy,2026-09-05T03:49:24+00:00,3,pi_b46c77022d515a4b8b79b97951b286f6,unified-papers,unreviewed,,unreviewed roster label,,unknown,Cellular and molecular neuroscience; Learning and memory; Sleep and circadian rhythms,Electrophysiology; Imaging and microscopy; Optogenetics,,unknown,C. elegans; Mouse; Rat,,,not yet curated,,,0,,"The registry preserves this identity, but independent source evidence is still needed. | This institution is a historical roster label, not a sourced current appointment. | Lab model organisms are not yet source-backed; article-species mentions do not establish a lab model. | Selected scientific contributions have not yet been source-curated; this is not absence of contributions. | Excluded 12 different-given-name candidates; review aliases if any exclusion is unexpected.",,unknown,0,1,0,2,0,0,0,0,0,0
Li Gan,rising-star,Weill Cornell Medicine,neuroscience,,3,0.3,2,2016;2017;2018;2019;2020;2021;2023;2025,4,1,20,,2019,rising (<=6y),unified_pubmed(full-name/affiliation-or-ORCID),last-author proxy,2025,first-paper proxy,2026-09-05T03:49:27+00:00,3,pi_42cd723202fe5957ab7b491b51e30986,unified-papers,unreviewed,,unreviewed roster label,,unknown,Cellular and molecular neuroscience; Computation and cognition; Development; Glia and neuroimmunology; Neurodegeneration and aging,Organoids and stem-cell models; Sequencing and transcriptomics,,unknown,Human; Mouse; Rat,,,not yet curated,,,1,,"The registry preserves this identity, but independent source evidence is still needed. | This institution is a historical roster label, not a sourced current appointment. | Lab model organisms are not yet source-backed; article-species mentions do not establish a lab model. | Selected scientific contributions have not yet been source-curated; this is not absence of contributions. | 1 candidate papers remain unresolved and are not included in totals.",,unknown,0,0,0,0,0,0,1,0,2,0
Jeff Lichtman,non-HHMI (low-CNS),Harvard (FAS),neuroscience,,3,0.3,3,2018;2019;2020;2021;2022;2023;2025,1,1,13,,2007,established,unified_pubmed(full-name/affiliation-or-ORCID),last-author proxy,2025,first-paper proxy,2026-09-05T03:50:02+00:00,3,pi_f8e4db77b2fc541a9a63ef021cd87d74,unified-papers,unreviewed,,unreviewed roster label,,unknown,Cellular and molecular neuroscience; Glia and neuroimmunology; Learning and memory; Motor systems; Neural circuits and behavior; Sensory systems; Sleep and circadian rhythms,Connectomics; Imaging and microscopy,,unknown,Human; Mouse,,,not yet curated,,,0,,"The registry preserves this identity, but independent source evidence is still needed. | This institution is a historical roster label, not a sourced current appointment. | Lab model organisms are not yet source-backed; article-species mentions do not establish a lab model. | Selected scientific contributions have not yet been source-curated; this is not absence of contributions. | Excluded 6 different-given-name candidates; review aliases if any exclusion is unexpected.",,unknown,1,1,0,0,0,0,0,0,1,0
Florian Engert,non-HHMI (low-CNS),Harvard (FAS),neuroscience,,3,0.3,2,2018;2019;2020;2021;2022;2023;2024;2025,3,2,19,,2006,established,unified_pubmed(full-name/affiliation-or-ORCID),last-author proxy,2025,first-paper proxy,2026-09-05T03:50:13+00:00,3,pi_35c795c8163d5f0cb3ae20869625386f,unified-papers,unreviewed,,unreviewed roster label,,unknown,Cellular and molecular neuroscience; Computation and cognition; Learning and memory; Motor systems; Neural circuits and behavior; Sensory systems; Sleep and circadian rhythms,Calcium imaging; Computational modeling; Connectomics; Imaging and microscopy; MRI and neuroimaging,,unknown,C. elegans; Mouse; Zebrafish,,,not yet curated,,,0,,"The registry preserves this identity, but independent source evidence is still needed. | This institution is a historical roster label, not a sourced current appointment. | Lab model organisms are not yet source-backed; article-species mentions do not establish a lab model. | Selected scientific contributions have not yet been source-curated; this is not absence of contributions.",,unknown,1,2,0,0,0,0,0,0,0,0
Georg Seelig,non-HHMI (low-CNS),University of Washington,neuroscience,,3,0.3,3,2016;2017;2021;2022;2023;2024;2025,0,1,17,,2013,established,unified_pubmed(full-name/affiliation-or-ORCID),last-author proxy,2025,first-paper proxy,2026-09-05T03:50:45+00:00,3,pi_f9b617d11353566eb3f0f5df0c75d926,unified-papers,unreviewed,,unreviewed roster label,,unknown,Cellular and molecular neuroscience; Computation and cognition; Learning and memory; Motor systems,Computational modeling; Imaging and microscopy; Sequencing and transcriptomics,,unknown,Human; Mouse,,,not yet curated,,,1,,"The registry preserves this identity, but independent source evidence is still needed. | This institution is a historical roster label, not a sourced current appointment. | Lab model organisms are not yet source-backed; article-species mentions do not establish a lab model. | Selected scientific contributions have not yet been source-curated; this is not absence of contributions. | 1 candidate papers remain unresolved and are not included in totals.",,unknown,0,0,1,1,1,0,0,0,0,0
Timothy Buschman,rising-star,Princeton University,neuroscience,,3,0.3,3,2016;2017;2018;2019;2020;2022;2023,2,0,11,,2015,early (<=10y),unified_pubmed(full-name/affiliation-or-ORCID),last-author proxy,2025,first-paper proxy,2026-09-05T03:50:49+00:00,3,pi_d876fd68b51251e3af526fa9dec33a52,unified-papers,unreviewed,,unreviewed roster label,,unknown,Computation and cognition; Learning and memory; Neural circuits and behavior; Sensory systems; Sleep and circadian rhythms,Calcium imaging; Computational modeling; Imaging and microscopy; MRI and neuroimaging,,unknown,Mouse,,,not yet curated,,,0,,"The registry preserves this identity, but independent source evidence is still needed. | This institution is a historical roster label, not a sourced current appointment. | Lab model organisms are not yet source-backed; article-species mentions do not establish a lab model. | Selected scientific contributions have not yet been source-curated; this is not absence of contributions.",,unknown,0,0,0,0,0,1,0,0,1,1
Junying Yuan,non-HHMI (low-CNS),Harvard Medical School,neuroscience,,3,0.3,3,2017;2019;2021;2022;2023;2024;2025,0,0,27,,2005,established,unified_pubmed(full-name/affiliation-or-ORCID),last-author proxy,2025,ORCID employment (unverified),2026-09-05T03:51:16+00:00,3,pi_6d0df39c8fdd5a489233260abe003393,unified-papers,unreviewed,,unreviewed roster label,,unknown,Cellular and molecular neuroscience; Glia and neuroimmunology; Neural circuits and behavior; Neurodegeneration and aging,Sequencing and transcriptomics,,unknown,Human; Mouse,,,not yet curated,,,2,,"ORCID employment is a career proxy, not a verified independent-lab start. | The registry preserves this identity, but independent source evidence is still needed. | This institution is a historical roster label, not a sourced current appointment. | Lab model organisms are not yet source-backed; article-species mentions do not establish a lab model. | Selected scientific contributions have not yet been source-curated; this is not absence of contributions. | 2 candidate papers remain unresolved and are not included in totals. | Excluded 5 different-given-name candidates; review aliases if any exclusion is unexpected.",,unknown,1,0,1,0,1,0,0,0,0,0
Nuo Li,early-career awardee,Baylor College of Medicine,neuroscience (awardee),"McKnight Scholar, Pew Biomedical",3,0.3,3,2016;2017;2019;2020;2022;2023;2025,2,1,6,,2014,established,unified_pubmed(full-name/affiliation-or-ORCID),last-author proxy,2025,first-paper proxy,2026-09-05T03:52:01+00:00,3,pi_62824776ba2e5c209a6ae5d1c4d3a9d3,unified-papers,unreviewed,,unreviewed roster label,,unknown,Computation and cognition; Learning and memory; Motor systems; Neural circuits and behavior; Sensory systems,Computational modeling; Imaging and microscopy; MRI and neuroimaging; Optogenetics,,unknown,Mouse,,,not yet curated,,,0,,"The registry preserves this identity, but independent source evidence is still needed. | This institution is a historical roster label, not a sourced current appointment. | Lab model organisms are not yet source-backed; article-species mentions do not establish a lab model. | Selected scientific contributions have not yet been source-curated; this is not absence of contributions. | Excluded 13 different-given-name candidates; review aliases if any exclusion is unexpected.",,unknown,0,0,1,0,0,1,0,0,1,0
Dragana Rogulja,early-career awardee,Harvard Medical School,neuroscience (awardee),Pew Biomedical,3,0.3,3,2016;2018;2019;2021;2022;2024;2025,1,0,2,,2016,early (<=10y),unified_pubmed(full-name/affiliation-or-ORCID),last-author proxy,2025,first-paper proxy,2026-09-05T03:56:13+00:00,3,pi_dbec0625034659449c0d0342c35a86cf,unified-papers,unreviewed,,unreviewed roster label,,unknown,Neural circuits and behavior; Sleep and circadian rhythms,,,unknown,Drosophila; Mouse,,,not yet curated,,,0,,"The registry preserves this identity, but independent source evidence is still needed. | This institution is a historical roster label, not a sourced current appointment. | Lab model organisms are not yet source-backed; article-species mentions do not establish a lab model. | Selected scientific contributions have not yet been source-curated; this is not absence of contributions.",,unknown,0,1,0,0,1,0,0,1,0,0
Neville Sanjana,early-career awardee,New York University,neuroscience (awardee),NIH DP2,3,0.3,3,2016;2017;2018;2019;2021;2024;2025,0,1,24,,,unknown,unified_pubmed(full-name/affiliation-or-ORCID),last-author proxy,2025,,2026-09-05T03:56:53+00:00,3,pi_dd09fcb8a26a5888b9076a162dcf0346,unified-papers,unreviewed,,unreviewed roster label,,unknown,Cellular and molecular neuroscience; Computation and cognition; Development; Learning and memory,Organoids and stem-cell models; Sequencing and transcriptomics,,unknown,Human; Mouse,,,not yet curated,,,0,,"The registry preserves this identity, but independent source evidence is still needed. | This institution is a historical roster label, not a sourced current appointment. | Lab model organisms are not yet source-backed; article-species mentions do not establish a lab model. | Selected scientific contributions have not yet been source-curated; this is not absence of contributions.",,unknown,0,0,0,0,1,0,1,1,0,0
Karel Svoboda,non-HHMI,Allen Institute,systems neuroscience / imaging,,3,0.3,3,2016;2017;2018;2019;2020;2021;2023,0,1,2,,,established,unified_pubmed(full-name/affiliation-or-ORCID),last-author proxy,2025,,2026-09-05T03:58:13+00:00,3,pi_e94fd4d9c8295b33b40e5b5662956685,unified-papers,unreviewed,,unreviewed roster label,,unknown,Computation and cognition; Learning and memory; Motor systems; Neural circuits and behavior,Imaging and microscopy; Optogenetics,Mouse,source-backed examples,Mouse,ALM persistent/preparatory activity for motor planning; ScanImage,ALM; image acquisition; interhemispheric coupling; laser-scanning microscopy; microscopy software; motor planning; open-source software; persistent activity; preparatory activity; robust neural dynamics; ScanImage,source-backed examples,,,1,https://pmc.ncbi.nlm.nih.gov/articles/PMC161784/; https://pmc.ncbi.nlm.nih.gov/articles/PMC5081260/; https://pubmed.ncbi.nlm.nih.gov/25731172/; https://www.hhmi.org/news/storing-memory-involves-distant-parts-brain,"The registry preserves this identity, but independent source evidence is still needed. | This institution is a historical roster label, not a sourced current appointment. | 1 candidate papers remain unresolved and are not included in totals.",,unknown,0,0,0,0,0,0,1,0,1,1
Dmitriy Aronov,HHMI,Columbia University,Neuroscience (HHMI),NIH DP2,2,0.2,2,2016;2017;2018;2019;2020;2021;2022;2023,0,1,3,,,established,unified_pubmed(full-name/affiliation-or-ORCID),last-author proxy,2025,,2026-09-05T03:40:53+00:00,3,pi_db47778fb46b52c6b0a5ba46e9870fc9,unified-papers,unreviewed,,unreviewed roster label,Listed in legacy HHMI cohort,unreviewed,Learning and memory; Motor systems; Neural circuits and behavior; Sensory systems,,,unknown,,,,not yet curated,,,1,,"The registry preserves this identity, but independent source evidence is still needed. | This institution is a historical roster label, not a sourced current appointment. | Lab model organisms are not yet source-backed; article-species mentions do not establish a lab model. | Selected scientific contributions have not yet been source-curated; this is not absence of contributions. | 1 candidate papers remain unresolved and are not included in totals.",,unknown,0,0,0,0,0,0,0,0,1,1
Beth Stevens,HHMI,Boston Children's Hospital,Neuroscience (HHMI),,2,0.2,2,2017;2018;2019;2020;2021;2022;2023;2025,2,1,22,,,established,unified_pubmed(full-name/affiliation-or-ORCID),last-author proxy,2025,,2026-09-05T03:41:02+00:00,3,pi_0c921b9cf8e35fca9b4f48dac8da2882,unified-papers,unreviewed,,unreviewed roster label,Listed in legacy HHMI cohort,unreviewed,Cellular and molecular neuroscience; Computation and cognition; Development; Glia and neuroimmunology; Learning and memory; Neural circuits and behavior; Neurodegeneration and aging; Sensory systems,Organoids and stem-cell models; Sequencing and transcriptomics,,unknown,Human; Mouse,,,not yet curated,,,0,,"The registry preserves this identity, but independent source evidence is still needed. | This institution is a historical roster label, not a sourced current appointment. | Lab model organisms are not yet source-backed; article-species mentions do not establish a lab model. | Selected scientific contributions have not yet been source-curated; this is not absence of contributions.",,unknown,1,0,0,0,0,0,0,0,1,0
Amita Sehgal,HHMI,University of Pennsylvania,Neuroscience (HHMI),,2,0.2,2,2016;2017;2019;2021;2022;2023;2024;2025,1,9,55,,,established,unified_pubmed(full-name/affiliation-or-ORCID),last-author proxy,2025,,2026-09-05T03:41:26+00:00,3,pi_322b524b3d345ce88809c77d4789150e,unified-papers,unreviewed,,unreviewed roster label,Listed in legacy HHMI cohort,unreviewed,Cellular and molecular neuroscience; Computation and cognition; Glia and neuroimmunology; Learning and memory; Motor systems; Neural circuits and behavior; Neurodegeneration and aging; Sensory systems; Sleep and circadian rhythms,Electrophysiology; Optogenetics; Organoids and stem-cell models; Sequencing and transcriptomics,,unknown,Drosophila; Human; Mouse; Rat,,,not yet curated,,,1,,"The registry preserves this identity, but independent source evidence is still needed. | This institution is a historical roster label, not a sourced current appointment. | Lab model organisms are not yet source-backed; article-species mentions do not establish a lab model. | Selected scientific contributions have not yet been source-curated; this is not absence of contributions. | 1 candidate papers remain unresolved and are not included in totals. | Excluded 1 different-given-name candidates; review aliases if any exclusion is unexpected.",,unknown,0,0,1,0,1,0,0,0,0,0
Chenghua Gu,HHMI,Harvard Medical School,Neuroscience (HHMI),,2,0.2,2,2016;2017;2018;2019;2021;2022;2023;2024,4,2,12,,,established,unified_pubmed(full-name/affiliation-or-ORCID),last-author proxy,2025,,2026-09-05T03:43:00+00:00,3,pi_7f75eabc615c5d21b343493c0a7fe34e,unified-papers,unreviewed,,unreviewed roster label,Listed in legacy HHMI cohort,unreviewed,Computation and cognition; Glia and neuroimmunology; Neural circuits and behavior; Sensory systems,Computational modeling; Imaging and microscopy; Optogenetics; Organoids and stem-cell models,,unknown,Mouse; Zebrafish,,,not yet curated,,,0,,"The registry preserves this identity, but independent source evidence is still needed. | This institution is a historical roster label, not a sourced current appointment. | Lab model organisms are not yet source-backed; article-species mentions do not establish a lab model. | Selected scientific contributions have not yet been source-curated; this is not absence of contributions.",,unknown,0,0,0,0,1,0,0,0,0,1
Pietro De Camilli,HHMI,Yale University,Neuroscience (HHMI),,2,0.2,2,2017;2019;2020;2021;2022;2023;2024;2025,2,0,38,,,established,unified_pubmed(full-name/affiliation-or-ORCID),last-author proxy,2025,,2026-09-05T03:43:02+00:00,3,pi_7505975000175ed0be043264caec1594,unified-papers,unreviewed,,unreviewed roster label,Listed in legacy HHMI cohort,unreviewed,Cellular and molecular neuroscience; Learning and memory; Motor systems; Neurodegeneration and aging,Imaging and microscopy; Optogenetics; Organoids and stem-cell models,,unknown,C. elegans; Drosophila; Mouse; Rat; Zebrafish,,,not yet curated,,,0,,"The registry preserves this identity, but independent source evidence is still needed. | This institution is a historical roster label, not a sourced current appointment. | Lab model organisms are not yet source-backed; article-species mentions do not establish a lab model. | Selected scientific contributions have not yet been source-curated; this is not absence of contributions.",,unknown,1,0,1,0,0,0,0,0,0,0
Susan L. Ackerman,HHMI,"University of California, San Diego",Neuroscience (HHMI),Klingenstein-Simons,2,0.2,2,2016;2017;2019;2020;2021;2022;2023;2024,0,1,2,,,established,unified_pubmed(full-name/affiliation-or-ORCID),last-author proxy,2025,,2026-09-05T03:43:20+00:00,3,pi_3348ea9baebd5d8d8650468c60991eb0,unified-papers,unreviewed,,unreviewed roster label,Listed in legacy HHMI cohort,unreviewed,Development; Motor systems; Neurodegeneration and aging,,,unknown,Mouse,,,not yet curated,,,0,,"The registry preserves this identity, but independent source evidence is still needed. | This institution is a historical roster label, not a sourced current appointment. | Lab model organisms are not yet source-backed; article-species mentions do not establish a lab model. | Selected scientific contributions have not yet been source-curated; this is not absence of contributions.",,unknown,0,0,1,0,0,0,0,0,0,1
Ryan Hibbs,non-HHMI,UCSD (←UTSW),neurotransmitter-receptor structure,,2,0.2,2,2016;2017;2018;2019;2020;2021;2022;2023,0,0,2,,,established,unified_pubmed(full-name/affiliation-or-ORCID),last-author proxy,2025,,2026-09-05T03:43:52+00:00,3,pi_68beba2fde7457efa836e7f3262b339e,unified-papers,unreviewed,,unreviewed roster label,,unknown,,Imaging and microscopy,,unknown,Human,,,not yet curated,,,0,,"The registry preserves this identity, but independent source evidence is still needed. | This institution is a historical roster label, not a sourced current appointment. | Lab model organisms are not yet source-backed; article-species mentions do not establish a lab model. | Selected scientific contributions have not yet been source-curated; this is not absence of contributions.",,unknown,0,0,0,0,0,0,0,0,1,1
Andreas Tolias,non-HHMI (low-CNS),Baylor→Stanford,connectomics / AI neuroscience,,2,0.2,1,2016;2017;2018;2019;2020;2021;2022;2023;2024,0,1,1,,,established,unified_pubmed(full-name/affiliation-or-ORCID),last-author proxy,2025,,2026-09-05T03:44:47+00:00,3,pi_3f8cc9d57ff85bb18338977e67752162,unified-papers,unreviewed,,unreviewed roster label,,unknown,Cellular and molecular neuroscience; Computation and cognition; Learning and memory; Neural circuits and behavior; Sensory systems,Computational modeling; Connectomics,,unknown,Mouse,,,not yet curated,,,0,,"The registry preserves this identity, but independent source evidence is still needed. | This institution is a historical roster label, not a sourced current appointment. | Lab model organisms are not yet source-backed; article-species mentions do not establish a lab model. | Selected scientific contributions have not yet been source-curated; this is not absence of contributions.",,unknown,0,0,0,0,0,0,0,0,0,2
Mayank Mehta,non-HHMI (low-CNS),"University of California, Los Angeles",neuroscience,,2,0.2,2,2016;2018;2019;2020;2021;2023;2024;2025,1,0,2,,2011,established,unified_pubmed(full-name/affiliation-or-ORCID),last-author proxy,2025,ORCID employment (unverified),2026-09-05T03:45:59+00:00,3,pi_0e5881ef2f9352a39adc41d52eb74e83,unified-papers,unreviewed,,unreviewed roster label,,unknown,Learning and memory; Neural circuits and behavior; Sensory systems; Sleep and circadian rhythms,Connectomics,,unknown,Mouse; Rat,,,not yet curated,,,1,,"ORCID employment is a career proxy, not a verified independent-lab start. | The registry preserves this identity, but independent source evidence is still needed. | This institution is a historical roster label, not a sourced current appointment. | Lab model organisms are not yet source-backed; article-species mentions do not establish a lab model. | Selected scientific contributions have not yet been source-curated; this is not absence of contributions. | 1 candidate papers remain unresolved and are not included in totals.",,unknown,0,1,0,0,0,0,1,0,0,0
Michael Do,candidate (career TBD),Harvard Medical School,neuroscience,,2,0.2,2,2016;2018;2019;2020;2021;2022;2024;2025,3,0,5,,2015,established,unified_pubmed(full-name/affiliation-or-ORCID),last-author proxy,2025,ORCID employment (unverified),2026-09-05T03:46:17+00:00,3,pi_9cf233f89ba5556f9efde7543a68b8a6,unified-papers,unreviewed,,unreviewed roster label,,unknown,Cellular and molecular neuroscience; Neural circuits and behavior; Sensory systems; Sleep and circadian rhythms,Electrophysiology,,unknown,Mouse,,,not yet curated,,,0,,"ORCID employment is a career proxy, not a verified independent-lab start. | The registry preserves this identity, but independent source evidence is still needed. | This institution is a historical roster label, not a sourced current appointment. | Lab model organisms are not yet source-backed; article-species mentions do not establish a lab model. | Selected scientific contributions have not yet been source-curated; this is not absence of contributions.",,unknown,0,1,0,0,0,0,0,1,0,0
Franck Polleux,non-HHMI (low-CNS),Columbia University,neuroscience,,2,0.2,2,2016;2018;2019;2020;2022;2023;2024;2025,1,0,13,,2016,established,unified_pubmed(full-name/affiliation-or-ORCID),last-author proxy,2025,ORCID employment (unverified),2026-09-05T03:46:28+00:00,3,pi_bf38cb15bdff5e03b4edfc022e94456a,unified-papers,unreviewed,,unreviewed roster label,,unknown,Cellular and molecular neuroscience; Development; Learning and memory; Neural circuits and behavior; Neurodegeneration and aging; Sensory systems,Connectomics; Electrophysiology; Imaging and microscopy,,unknown,Human; Mouse,,,not yet curated,,,0,,"ORCID employment is a career proxy, not a verified independent-lab start. | The registry preserves this identity, but independent source evidence is still needed. | This institution is a historical roster label, not a sourced current appointment. | Lab model organisms are not yet source-backed; article-species mentions do not establish a lab model. | Selected scientific contributions have not yet been source-curated; this is not absence of contributions.",,unknown,0,1,0,0,0,1,0,0,0,0
Priya Rajasethupathy,rising-star,Rockefeller University,neuroscience,"Klingenstein-Simons, NIH DP2, Searle Scholar",2,0.2,2,2016;2017;2018;2019;2020;2021;2022;2024,2,0,3,,2020,early (<=10y),unified_pubmed(full-name/affiliation-or-ORCID),last-author proxy,2025,ORCID employment (unverified),2026-09-05T03:46:32+00:00,3,pi_f18d9ce8464c5588aee657dfff588f10,unified-papers,unreviewed,,unreviewed roster label,,unknown,Learning and memory,Calcium imaging; Imaging and microscopy; Optogenetics; Organoids and stem-cell models,,unknown,Mouse,,,not yet curated,,,0,,"ORCID employment is a career proxy, not a verified independent-lab start. | The registry preserves this identity, but independent source evidence is still needed. | This institution is a historical roster label, not a sourced current appointment. | Lab model organisms are not yet source-backed; article-species mentions do not establish a lab model. | Selected scientific contributions have not yet been source-curated; this is not absence of contributions. | Excluded 3 different-given-name candidates; review aliases if any exclusion is unexpected.",,unknown,0,0,0,0,0,0,0,1,0,1
Winrich Freiwald,non-HHMI (low-CNS),Rockefeller University,neuroscience,,2,0.2,2,2016;2018;2019;2020;2022;2023;2024;2025,2,2,16,,2013,established,unified_pubmed(full-name/affiliation-or-ORCID),last-author proxy,2025,first-paper proxy,2026-09-05T03:46:33+00:00,3,pi_4093ac86f0f458788e417f4fe3314873,unified-papers,unreviewed,,unreviewed roster label,,unknown,Computation and cognition; Learning and memory; Motor systems; Neural circuits and behavior; Sensory systems,Electrophysiology; Imaging and microscopy; MRI and neuroimaging,,unknown,Human; Nonhuman primates,,,not yet curated,,,1,,"The registry preserves this identity, but independent source evidence is still needed. | This institution is a historical roster label, not a sourced current appointment. | Lab model organisms are not yet source-backed; article-species mentions do not establish a lab model. | Selected scientific contributions have not yet been source-curated; this is not absence of contributions. | 1 candidate papers remain unresolved and are not included in totals.",,unknown,0,1,0,0,0,1,0,0,0,0
Kirill Martemyanov,non-HHMI (low-CNS),Scripps Research,neuroscience,,2,0.2,2,2016;2017;2018;2019;2022;2023;2024;2025,1,2,36,,2011,established,unified_pubmed(full-name/affiliation-or-ORCID),last-author proxy,2025,first-paper proxy,2026-09-05T03:46:50+00:00,3,pi_0f72d774c1e25293829e6b295957a8b0,unified-papers,unreviewed,,unreviewed roster label,,unknown,Cellular and molecular neuroscience; Learning and memory; Motor systems; Neural circuits and behavior; Sensory systems,Electrophysiology; Imaging and microscopy; Optogenetics; Organoids and stem-cell models,,unknown,Human; Mouse; Rat,,,not yet curated,,,1,,"The registry preserves this identity, but independent source evidence is still needed. | This institution is a historical roster label, not a sourced current appointment. | Lab model organisms are not yet source-backed; article-species mentions do not establish a lab model. | Selected scientific contributions have not yet been source-curated; this is not absence of contributions. | 1 candidate papers remain unresolved and are not included in totals.",,unknown,0,0,0,0,1,1,0,0,0,0
James Knierim,non-HHMI (low-CNS),Johns Hopkins,neuroscience,,2,0.2,2,2016;2017;2020;2021;2022;2023;2024;2025,3,2,20,,2009,established,unified_pubmed(full-name/affiliation-or-ORCID),last-author proxy,2025,ORCID employment (unverified),2026-09-05T03:47:03+00:00,3,pi_3e8a8cd529a25e3fb3624c75f3ce3b41,unified-papers,unreviewed,,unreviewed roster label,,unknown,Computation and cognition; Learning and memory; Neural circuits and behavior; Sensory systems,Calcium imaging; Electrophysiology; Imaging and microscopy,,unknown,Mouse; Rat,,,not yet curated,,,0,,"ORCID employment is a career proxy, not a verified independent-lab start. | The registry preserves this identity, but independent source evidence is still needed. | This institution is a historical roster label, not a sourced current appointment. | Lab model organisms are not yet source-backed; article-species mentions do not establish a lab model. | Selected scientific contributions have not yet been source-curated; this is not absence of contributions.",,unknown,0,0,1,1,0,0,0,0,0,0
Conor Liston,rising-star,Weill Cornell Medicine,neuroscience,Klingenstein-Simons,2,0.2,2,2016;2017;2018;2019;2020;2022;2023;2025,3,0,23,,2015,early (<=10y),unified_pubmed(full-name/affiliation-or-ORCID),last-author proxy,2025,first-paper proxy,2026-09-05T03:47:11+00:00,3,pi_33f314078c975f7bae6fbf2b70092a09,unified-papers,unreviewed,,unreviewed roster label,,unknown,Cellular and molecular neuroscience; Computation and cognition; Learning and memory; Neural circuits and behavior; Neurodegeneration and aging; Sleep and circadian rhythms,Calcium imaging; Computational modeling; Imaging and microscopy; MRI and neuroimaging; Optogenetics; Sequencing and transcriptomics,,unknown,Human; Mouse,,,not yet curated,,,1,,"The registry preserves this identity, but independent source evidence is still needed. | This institution is a historical roster label, not a sourced current appointment. | Lab model organisms are not yet source-backed; article-species mentions do not establish a lab model. | Selected scientific contributions have not yet been source-curated; this is not absence of contributions. | 1 candidate papers remain unresolved and are not included in totals.",,unknown,0,0,0,0,0,1,0,0,1,0
Anatol Kreitzer,non-HHMI (low-CNS),"University of California, San Francisco",neuroscience,,2,0.2,2,2017;2019;2020;2021;2022;2023;2024;2025,2,0,5,,2009,established,unified_pubmed(full-name/affiliation-or-ORCID),last-author proxy,2025,first-paper proxy,2026-09-05T03:47:41+00:00,3,pi_842c38281a0754b88472d8161d568a48,unified-papers,unreviewed,,unreviewed roster label,,unknown,Cellular and molecular neuroscience; Learning and memory; Motor systems; Neural circuits and behavior; Neurodegeneration and aging,Calcium imaging; Electrophysiology; Imaging and microscopy; Optogenetics,,unknown,Mouse,,,not yet curated,,,0,,"The registry preserves this identity, but independent source evidence is still needed. | This institution is a historical roster label, not a sourced current appointment. | Lab model organisms are not yet source-backed; article-species mentions do not establish a lab model. | Selected scientific contributions have not yet been source-curated; this is not absence of contributions.",,unknown,1,0,1,0,0,0,0,0,0,0
Bruce Yankner,non-HHMI (low-CNS),Harvard Medical School,neuroscience,,2,0.2,2,2016;2017;2018;2020;2021;2022;2023;2024,0,0,5,,2005,established,unified_pubmed(full-name/affiliation-or-ORCID),last-author proxy,2025,first-paper proxy,2026-09-05T03:47:54+00:00,3,pi_9a3f144a952a5bf68c35e10f8505bb7a,unified-papers,unreviewed,,unreviewed roster label,,unknown,Cellular and molecular neuroscience; Development; Glia and neuroimmunology; Neurodegeneration and aging,Organoids and stem-cell models; Sequencing and transcriptomics,,unknown,C. elegans; Mouse,,,not yet curated,,,0,,"The registry preserves this identity, but independent source evidence is still needed. | This institution is a historical roster label, not a sourced current appointment. | Lab model organisms are not yet source-backed; article-species mentions do not establish a lab model. | Selected scientific contributions have not yet been source-curated; this is not absence of contributions.",,unknown,0,0,0,1,0,0,0,0,0,1
Roberto Bonasio,non-HHMI (low-CNS),University of Pennsylvania,neuroscience,,2,0.2,2,2016;2018;2019;2020;2022;2023;2024;2025,0,1,12,,2015,established,unified_pubmed(full-name/affiliation-or-ORCID),last-author proxy,2025,ORCID employment (unverified),2026-09-05T03:48:09+00:00,3,pi_6e72c4a4698b5c8db5761be2c3160fa8,unified-papers,unreviewed,,unreviewed roster label,,unknown,Cellular and molecular neuroscience; Glia and neuroimmunology; Learning and memory; Neural circuits and behavior; Neurodegeneration and aging,Organoids and stem-cell models; Sequencing and transcriptomics,,unknown,Drosophila; Human; Mouse,,,not yet curated,,,0,,"ORCID employment is a career proxy, not a verified independent-lab start. | The registry preserves this identity, but independent source evidence is still needed. | This institution is a historical roster label, not a sourced current appointment. | Lab model organisms are not yet source-backed; article-species mentions do not establish a lab model. | Selected scientific contributions have not yet been source-curated; this is not absence of contributions.",,unknown,0,1,0,0,0,1,0,0,0,0
Alexander Nectow,rising-star,Columbia University,neuroscience,,2,0.2,2,2016;2017;2018;2020;2021;2022;2023;2024,0,0,2,,2019,rising (<=6y),unified_pubmed(full-name/affiliation-or-ORCID),last-author proxy,2025,ORCID employment (unverified),2026-09-05T03:48:15+00:00,3,pi_7dcfefd08a55523a8a62279adca94622,unified-papers,unreviewed,,unreviewed roster label,,unknown,Neural circuits and behavior,Optogenetics,,unknown,Mouse,,,not yet curated,,,0,,"ORCID employment is a career proxy, not a verified independent-lab start. | The registry preserves this identity, but independent source evidence is still needed. | This institution is a historical roster label, not a sourced current appointment. | Lab model organisms are not yet source-backed; article-species mentions do not establish a lab model. | Selected scientific contributions have not yet been source-curated; this is not absence of contributions.",,unknown,0,0,0,1,0,0,0,0,0,1
Anthony Fitzpatrick,rising-star,Columbia University,neuroscience,,2,0.2,2,2016;2017;2018;2019;2021;2023;2024;2025,0,0,3,,2020,rising (<=6y),unified_pubmed(full-name/affiliation-or-ORCID),last-author proxy,2025,first-paper proxy,2026-09-05T03:48:20+00:00,3,pi_0761786130075a699524dab390db007a,unified-papers,unreviewed,,unreviewed roster label,,unknown,Neurodegeneration and aging; Sensory systems,Connectomics; Imaging and microscopy,,unknown,Human,,,not yet curated,,,1,,"The registry preserves this identity, but independent source evidence is still needed. | This institution is a historical roster label, not a sourced current appointment. | Lab model organisms are not yet source-backed; article-species mentions do not establish a lab model. | Selected scientific contributions have not yet been source-curated; this is not absence of contributions. | 1 candidate papers remain unresolved and are not included in totals.",,unknown,0,0,0,0,1,0,1,0,0,0
René Hen,non-HHMI (low-CNS),Columbia University,neuroscience,,2,0.2,2,2016;2017;2020;2021;2022;2023;2024;2025,1,0,13,,2005,established,unified_pubmed(full-name/affiliation-or-ORCID),last-author proxy,2025,first-paper proxy,2026-09-05T03:48:22+00:00,3,pi_e62a178589f75e42911157e1275f9adc,unified-papers,unreviewed,,unreviewed roster label,,unknown,Cellular and molecular neuroscience; Computation and cognition; Development; Learning and memory; Neural circuits and behavior,Imaging and microscopy; Optogenetics; Organoids and stem-cell models,,unknown,Mouse; Rat,,,not yet curated,,,1,,"The registry preserves this identity, but independent source evidence is still needed. | This institution is a historical roster label, not a sourced current appointment. | Lab model organisms are not yet source-backed; article-species mentions do not establish a lab model. | Selected scientific contributions have not yet been source-curated; this is not absence of contributions. | 1 candidate papers remain unresolved and are not included in totals.",,unknown,0,0,1,1,0,0,0,0,0,0
Mriganka Sur,non-HHMI (low-CNS),Massachusetts Institute of Technology,neuroscience,,2,0.2,2,2016;2017;2019;2020;2021;2023;2024;2025,2,3,32,,2005,established,unified_pubmed(full-name/affiliation-or-ORCID),last-author proxy,2025,first-paper proxy,2026-09-05T03:48:42+00:00,3,pi_ed77e298507d55e89f75d43facf4ee6c,unified-papers,unreviewed,,unreviewed roster label,,unknown,Cellular and molecular neuroscience; Computation and cognition; Development; Glia and neuroimmunology; Learning and memory; Motor systems; Neural circuits and behavior; Sensory systems,Calcium imaging; Computational modeling; Imaging and microscopy; MRI and neuroimaging; Optogenetics; Organoids and stem-cell models,,unknown,Human; Mouse; Nonhuman primates,,,not yet curated,,,1,,"The registry preserves this identity, but independent source evidence is still needed. | This institution is a historical roster label, not a sourced current appointment. | Lab model organisms are not yet source-backed; article-species mentions do not establish a lab model. | Selected scientific contributions have not yet been source-curated; this is not absence of contributions. | 1 candidate papers remain unresolved and are not included in totals.",,unknown,0,0,1,0,0,0,1,0,0,0
Mark Harnett,rising-star,Massachusetts Institute of Technology,neuroscience,"Klingenstein-Simons, McKnight Scholar",2,0.2,2,2016;2017;2019;2020;2022;2023;2024;2025,4,2,9,,2018,early (<=10y),unified_pubmed(full-name/affiliation-or-ORCID),last-author proxy,2025,first-paper proxy,2026-09-05T03:48:44+00:00,3,pi_54cd959540e75864a50ad876af522dc2,unified-papers,unreviewed,,unreviewed roster label,,unknown,Cellular and molecular neuroscience; Learning and memory; Neural circuits and behavior; Sensory systems,Calcium imaging; Electrophysiology; Imaging and microscopy; MRI and neuroimaging; Optogenetics,,unknown,Human; Mouse; Rat,,,not yet curated,,,0,https://www.mcknight.org/programs/the-mcknight-endowment-fund-for-neuroscience/scholar-awards/awardees/,"The registry preserves this identity, but independent source evidence is still needed. | This institution is a historical roster label, not a sourced current appointment. | Lab model organisms are not yet source-backed; article-species mentions do not establish a lab model. | Selected scientific contributions have not yet been source-curated; this is not absence of contributions.",,unknown,0,0,1,0,0,1,0,0,0,0
Wojciech Matusik,rising-star,Massachusetts Institute of Technology,neuroscience,,2,0.2,2,2016;2017;2018;2020;2022;2023;2024;2025,0,0,7,,2018,early (<=10y),unified_pubmed(full-name/affiliation-or-ORCID),last-author proxy,2025,first-paper proxy,2026-09-05T03:48:46+00:00,3,pi_8301283a3ed4505a8bdade53327f6c49,unified-papers,unreviewed,,unreviewed roster label,,unknown,Computation and cognition; Learning and memory,Computational modeling; Imaging and microscopy,,unknown,Human,,,not yet curated,,,0,,"The registry preserves this identity, but independent source evidence is still needed. | This institution is a historical roster label, not a sourced current appointment. | Lab model organisms are not yet source-backed; article-species mentions do not establish a lab model. | Selected scientific contributions have not yet been source-curated; this is not absence of contributions.",,unknown,0,0,0,1,0,1,0,0,0,0
Ann Graybiel,non-HHMI (low-CNS),Massachusetts Institute of Technology,neuroscience,,2,0.2,2,2016;2018;2019;2021;2022;2023;2024;2025,1,1,26,,2005,established,unified_pubmed(full-name/affiliation-or-ORCID),last-author proxy,2025,first-paper proxy,2026-09-05T03:48:48+00:00,3,pi_c4d165beadb050c4a6b01787cc18b966,unified-papers,unreviewed,,unreviewed roster label,,unknown,Cellular and molecular neuroscience; Computation and cognition; Learning and memory; Motor systems; Neural circuits and behavior; Neurodegeneration and aging; Sensory systems; Sleep and circadian rhythms,Computational modeling; Electrophysiology; Imaging and microscopy; Optogenetics; Sequencing and transcriptomics,,unknown,Human; Mouse; Nonhuman primates; Rat,,,not yet curated,,,1,,"The registry preserves this identity, but independent source evidence is still needed. | This institution is a historical roster label, not a sourced current appointment. | Lab model organisms are not yet source-backed; article-species mentions do not establish a lab model. | Selected scientific contributions have not yet been source-curated; this is not absence of contributions. | 1 candidate papers remain unresolved and are not included in totals.",,unknown,0,1,0,0,1,0,0,0,0,0
Hyung-Bae Kwon,rising-star,Johns Hopkins; Max Planck Florida Institute for Neuroscience,neuroscience,,2,0.2,2,2017;2018;2019;2020;2021;2022;2023;2024,2,0,13,,,rising (<=6y),unified_pubmed(full-name/affiliation-or-ORCID),last-author proxy,2025,ORCID employment (unverified),2026-09-05T03:48:51+00:00,3,pi_6628daa8734b511eb978c60c47a528d4,unified-papers,unreviewed,,unreviewed roster label,,unknown,Cellular and molecular neuroscience; Development; Learning and memory; Motor systems; Neural circuits and behavior; Neurodegeneration and aging; Sensory systems; Sleep and circadian rhythms,Electrophysiology; Imaging and microscopy; Optogenetics,,unknown,Mouse; Rat,,,not yet curated,,,0,,"ORCID employment is a career proxy, not a verified independent-lab start. | The registry preserves this identity, but independent source evidence is still needed. | This institution is a historical roster label, not a sourced current appointment. | Lab model organisms are not yet source-backed; article-species mentions do not establish a lab model. | Selected scientific contributions have not yet been source-curated; this is not absence of contributions. | Excluded 1 different-given-name candidates; review aliases if any exclusion is unexpected.",,unknown,1,0,0,0,0,0,0,0,0,1
Edward Twomey,rising-star,Johns Hopkins,neuroscience,,2,0.2,1,2016;2017;2018;2019;2020;2021;2022;2023;2024,0,0,4,,2021,rising (<=6y),unified_pubmed(full-name/affiliation-or-ORCID),last-author proxy,2025,ORCID employment (unverified),2026-09-05T03:48:52+00:00,3,pi_18c17d11321956cd9a23d09235d10ad1,unified-papers,unreviewed,,unreviewed roster label,,unknown,Cellular and molecular neuroscience,Imaging and microscopy,,unknown,,,,not yet curated,,,0,,"ORCID employment is a career proxy, not a verified independent-lab start. | The registry preserves this identity, but independent source evidence is still needed. | This institution is a historical roster label, not a sourced current appointment. | Lab model organisms are not yet source-backed; article-species mentions do not establish a lab model. | Selected scientific contributions have not yet been source-curated; this is not absence of contributions.",,unknown,0,0,0,0,0,0,0,0,0,2
Ulrich Müller,rising-star,Johns Hopkins,neuroscience,,2,0.2,2,2016;2017;2019;2020;2021;2022;2024;2025,4,1,16,,2017,early (<=10y),unified_pubmed(full-name/affiliation-or-ORCID),last-author proxy,2025,first-paper proxy,2026-09-05T03:48:54+00:00,3,pi_e2da8484598c582f863807f422dccd85,unified-papers,unreviewed,,unreviewed roster label,,unknown,Cellular and molecular neuroscience; Development; Glia and neuroimmunology; Sensory systems,Organoids and stem-cell models; Sequencing and transcriptomics,,unknown,C. elegans; Mouse,,,not yet curated,,,1,,"The registry preserves this identity, but independent source evidence is still needed. | This institution is a historical roster label, not a sourced current appointment. | Lab model organisms are not yet source-backed; article-species mentions do not establish a lab model. | Selected scientific contributions have not yet been source-curated; this is not absence of contributions. | 1 candidate papers remain unresolved and are not included in totals.",,unknown,0,0,1,0,0,0,0,1,0,0
Ted Dawson,non-HHMI (low-CNS),Johns Hopkins,neuroscience,,2,0.2,1,2017;2018;2019;2020;2021;2022;2023;2024;2025,2,0,36,,2005,established,unified_pubmed(full-name/affiliation-or-ORCID),last-author proxy,2025,first-paper proxy,2026-09-05T03:48:56+00:00,3,pi_603a825c283c5a489eafb5b710c9f543,unified-papers,unreviewed,,unreviewed roster label,,unknown,Cellular and molecular neuroscience; Glia and neuroimmunology; Learning and memory; Neurodegeneration and aging,Imaging and microscopy; Organoids and stem-cell models; Sequencing and transcriptomics,,unknown,Drosophila; Human; Mouse,,,not yet curated,,,0,,"The registry preserves this identity, but independent source evidence is still needed. | This institution is a historical roster label, not a sourced current appointment. | Lab model organisms are not yet source-backed; article-species mentions do not establish a lab model. | Selected scientific contributions have not yet been source-curated; this is not absence of contributions.",,unknown,2,0,0,0,0,0,0,0,0,0
Marius Wernig,non-HHMI (low-CNS),Stanford University,neuroscience,,2,0.2,2,2016;2018;2019;2020;2021;2022;2023;2024,2,0,21,,2010,established,unified_pubmed(full-name/affiliation-or-ORCID),last-author proxy,2025,first-paper proxy,2026-09-05T03:49:03+00:00,3,pi_25006187f661577aac3f000499e799f6,unified-papers,unreviewed,,unreviewed roster label,,unknown,Cellular and molecular neuroscience; Development; Glia and neuroimmunology; Learning and memory; Neural circuits and behavior; Neurodegeneration and aging,Organoids and stem-cell models,,unknown,Human; Mouse; Rat,,,not yet curated,,,0,,"The registry preserves this identity, but independent source evidence is still needed. | This institution is a historical roster label, not a sourced current appointment. | Lab model organisms are not yet source-backed; article-species mentions do not establish a lab model. | Selected scientific contributions have not yet been source-curated; this is not absence of contributions.",,unknown,0,1,0,0,0,0,0,0,0,1
Katrin Andreasson,non-HHMI (low-CNS),Stanford University,neuroscience,,2,0.2,2,2016;2017;2018;2019;2020;2022;2023;2025,1,0,13,,2008,established,unified_pubmed(full-name/affiliation-or-ORCID),last-author proxy,2025,first-paper proxy,2026-09-05T03:49:08+00:00,3,pi_302a2b8c637758d18530eb694412ae99,unified-papers,unreviewed,,unreviewed roster label,,unknown,Cellular and molecular neuroscience; Computation and cognition; Glia and neuroimmunology; Learning and memory; Neural circuits and behavior; Neurodegeneration and aging; Sleep and circadian rhythms,,,unknown,Mouse; Rat,,,not yet curated,,,0,,"The registry preserves this identity, but independent source evidence is still needed. | This institution is a historical roster label, not a sourced current appointment. | Lab model organisms are not yet source-backed; article-species mentions do not establish a lab model. | Selected scientific contributions have not yet been source-curated; this is not absence of contributions.",,unknown,0,0,0,0,0,1,0,0,1,0
Luis de Lecea,non-HHMI (low-CNS),Stanford University,neuroscience,,2,0.2,2,2016;2017;2018;2019;2020;2021;2024;2025,5,0,33,,2007,established,unified_pubmed(full-name/affiliation-or-ORCID),last-author proxy,2025,ORCID employment (unverified),2026-09-05T03:49:10+00:00,3,pi_cd066446671d59dfa6177b6978567099,unified-papers,unreviewed,,unreviewed roster label,,unknown,Cellular and molecular neuroscience; Computation and cognition; Development; Learning and memory; Neural circuits and behavior; Neurodegeneration and aging; Sleep and circadian rhythms,Connectomics; Electrophysiology; Optogenetics; Sequencing and transcriptomics,,unknown,Mouse; Rat,,,not yet curated,,,0,,"ORCID employment is a career proxy, not a verified independent-lab start. | The registry preserves this identity, but independent source evidence is still needed. | This institution is a historical roster label, not a sourced current appointment. | Lab model organisms are not yet source-backed; article-species mentions do not establish a lab model. | Selected scientific contributions have not yet been source-curated; this is not absence of contributions.",,unknown,0,0,0,0,0,0,1,1,0,0
Kwabena Boahen,non-HHMI (low-CNS),Stanford University,neuroscience,,2,0.2,2,2017;2018;2019;2020;2021;2023;2024;2025,0,0,0,,2006,established,unified_pubmed(full-name/affiliation-or-ORCID),last-author proxy,2025,first-paper proxy,2026-09-05T03:49:12+00:00,3,pi_7f7be77581265335ae646b778825ab61,unified-papers,unreviewed,,unreviewed roster label,,unknown,Learning and memory; Sensory systems,,,unknown,,,,not yet curated,,,0,,"The registry preserves this identity, but independent source evidence is still needed. | This institution is a historical roster label, not a sourced current appointment. | Lab model organisms are not yet source-backed; article-species mentions do not establish a lab model. | Selected scientific contributions have not yet been source-curated; this is not absence of contributions.",,unknown,1,0,0,0,0,0,1,0,0,0
Anthony Wagner,non-HHMI,Stanford University,neuroscience,,2,0.2,2,2017;2018;2019;2021;2022;2023;2024;2025,1,2,23,,2005,established,unified_pubmed(full-name/affiliation-or-ORCID),last-author proxy,2025,first-paper proxy,2026-09-05T03:49:21+00:00,3,pi_bf195915445356ffb94bb6acff7aa265,unified-papers,unreviewed,,unreviewed roster label,,unknown,Computation and cognition; Learning and memory; Neural circuits and behavior; Neurodegeneration and aging; Sensory systems,Computational modeling; Electrophysiology; Imaging and microscopy; MRI and neuroimaging,,unknown,Human,,,not yet curated,,,0,,"The registry preserves this identity, but independent source evidence is still needed. | This institution is a historical roster label, not a sourced current appointment. | Lab model organisms are not yet source-backed; article-species mentions do not establish a lab model. | Selected scientific contributions have not yet been source-curated; this is not absence of contributions. | Excluded 6 different-given-name candidates; review aliases if any exclusion is unexpected.",,unknown,1,0,0,0,1,0,0,0,0,0
Humsa Venkatesh,rising-star,Harvard Medical School; Stanford University,neuroscience,"NIH DP2, Searle Scholar",2,0.2,2,2016;2017;2018;2020;2021;2022;2023;2024,0,0,1,,2019,rising (<=6y),unified_pubmed(full-name/affiliation-or-ORCID),last-author proxy,2025,ORCID employment (unverified),2026-09-05T03:49:26+00:00,3,pi_82d1b1f9d4ff54f8af412638cc4b8bc7,unified-papers,unreviewed,,unreviewed roster label,,unknown,Cellular and molecular neuroscience; Glia and neuroimmunology,Electrophysiology; Optogenetics,,unknown,Mouse,,,not yet curated,,,0,,"ORCID employment is a career proxy, not a verified independent-lab start. | The registry preserves this identity, but independent source evidence is still needed. | This institution is a historical roster label, not a sourced current appointment. | Lab model organisms are not yet source-backed; article-species mentions do not establish a lab model. | Selected scientific contributions have not yet been source-curated; this is not absence of contributions.",,unknown,0,0,0,1,0,0,0,0,0,1
Marito Hayashi,rising-star,Harvard Medical School; Salk Institute for Biological Studies,neuroscience,,2,0.2,2,2016;2017;2018;2019;2020;2022;2023;2024,0,0,0,,2021,rising (<=6y),unified_pubmed(full-name/affiliation-or-ORCID),last-author proxy,2025,first-paper proxy,2026-09-05T03:49:30+00:00,3,pi_94053c1ad8fd5f28aa8a98d2fc7330eb,unified-papers,unreviewed,,unreviewed roster label,,unknown,Cellular and molecular neuroscience; Sensory systems,Sequencing and transcriptomics,,unknown,Mouse,,,not yet curated,,,0,,"The registry preserves this identity, but independent source evidence is still needed. | This institution is a historical roster label, not a sourced current appointment. | Lab model organisms are not yet source-backed; article-species mentions do not establish a lab model. | Selected scientific contributions have not yet been source-curated; this is not absence of contributions.",,unknown,0,0,0,0,0,1,0,0,0,1
Diego Bohórquez,rising-star,Duke University,neuroscience,,2,0.2,2,2016;2017;2019;2020;2021;2022;2023;2024,2,0,9,,2017,early (<=10y),unified_pubmed(full-name/affiliation-or-ORCID),last-author proxy,2025,first-paper proxy,2026-09-05T03:49:34+00:00,3,pi_07982fd18ecb52c5848265bbd1de12f5,unified-papers,unreviewed,,unreviewed roster label,,unknown,Cellular and molecular neuroscience; Neural circuits and behavior; Sensory systems; Sleep and circadian rhythms,Electrophysiology; Imaging and microscopy,,unknown,C. elegans; Drosophila; Mouse,,,not yet curated,,,0,,"The registry preserves this identity, but independent source evidence is still needed. | This institution is a historical roster label, not a sourced current appointment. | Lab model organisms are not yet source-backed; article-species mentions do not establish a lab model. | Selected scientific contributions have not yet been source-curated; this is not absence of contributions.",,unknown,0,0,1,0,0,0,0,0,0,1
Ru-Rong Ji,non-HHMI (low-CNS),Duke University,neuroscience,,2,0.2,2,2016;2017;2018;2019;2020;2022;2023;2024,7,0,57,,2013,established,unified_pubmed(full-name/affiliation-or-ORCID),last-author proxy,2025,ORCID employment (unverified),2026-09-05T03:49:35+00:00,3,pi_f31089d15c4854bba4526545f7db6779,unified-papers,unreviewed,,unreviewed roster label,,unknown,Cellular and molecular neuroscience; Glia and neuroimmunology; Learning and memory; Neural circuits and behavior; Sensory systems,Electrophysiology; Optogenetics,,unknown,Human; Mouse; Nonhuman primates; Rat,,,not yet curated,,,3,,"ORCID employment is a career proxy, not a verified independent-lab start. | The registry preserves this identity, but independent source evidence is still needed. | This institution is a historical roster label, not a sourced current appointment. | Lab model organisms are not yet source-backed; article-species mentions do not establish a lab model. | Selected scientific contributions have not yet been source-curated; this is not absence of contributions. | 3 candidate papers remain unresolved and are not included in totals.",,unknown,0,0,0,0,0,1,0,0,0,1
Dorothy Sipkins,non-HHMI (low-CNS),Duke University,neuroscience,,2,0.2,2,2016;2017;2019;2020;2021;2022;2023;2025,0,0,4,,2014,established,unified_pubmed(full-name/affiliation-or-ORCID),last-author proxy,2025,first-paper proxy,2026-09-05T03:49:41+00:00,3,pi_81f94ffa5bf854f088bb26ecd8ddf4dc,unified-papers,unreviewed,,unreviewed roster label,,unknown,Glia and neuroimmunology; Motor systems,Imaging and microscopy,,unknown,Mouse,,,not yet curated,,,0,,"The registry preserves this identity, but independent source evidence is still needed. | This institution is a historical roster label, not a sourced current appointment. | Lab model organisms are not yet source-backed; article-species mentions do not establish a lab model. | Selected scientific contributions have not yet been source-curated; this is not absence of contributions.",,unknown,0,0,1,0,0,0,0,0,1,0
Scott Soderling,non-HHMI (low-CNS),Duke University,neuroscience,,2,0.2,2,2017;2018;2019;2021;2022;2023;2024;2025,1,4,15,,2009,established,unified_pubmed(full-name/affiliation-or-ORCID),last-author proxy,2025,ORCID employment (unverified),2026-09-05T03:49:43+00:00,3,pi_d73c24af7a5f526b9497e668f9f121f8,unified-papers,unreviewed,,unreviewed roster label,,unknown,Cellular and molecular neuroscience; Computation and cognition; Development; Glia and neuroimmunology; Learning and memory; Motor systems; Neural circuits and behavior,Electrophysiology; Optogenetics,,unknown,Human; Mouse,,,not yet curated,,,0,,"ORCID employment is a career proxy, not a verified independent-lab start. | The registry preserves this identity, but independent source evidence is still needed. | This institution is a historical roster label, not a sourced current appointment. | Lab model organisms are not yet source-backed; article-species mentions do not establish a lab model. | Selected scientific contributions have not yet been source-curated; this is not absence of contributions.",,unknown,1,0,0,0,1,0,0,0,0,0
Rajendra Apte,non-HHMI (low-CNS),Washington University in St. Louis,neuroscience,,2,0.2,2,2016;2017;2019;2021;2022;2023;2024;2025,0,1,55,,2005,established,unified_pubmed(full-name/affiliation-or-ORCID),last-author proxy,2025,first-paper proxy,2026-09-05T03:49:51+00:00,3,pi_460e799a40a95391ac2df6739270bd90,unified-papers,unreviewed,,unreviewed roster label,,unknown,Glia and neuroimmunology; Learning and memory; Neurodegeneration and aging; Sensory systems; Sleep and circadian rhythms,Electrophysiology; Imaging and microscopy; Organoids and stem-cell models,,unknown,Human; Mouse,,,not yet curated,,,1,,"The registry preserves this identity, but independent source evidence is still needed. | This institution is a historical roster label, not a sourced current appointment. | Lab model organisms are not yet source-backed; article-species mentions do not establish a lab model. | Selected scientific contributions have not yet been source-curated; this is not absence of contributions. | 1 candidate papers remain unresolved and are not included in totals.",,unknown,0,0,1,0,1,0,0,0,0,0
Anne Schaefer,rising-star,Icahn School of Medicine at Mount Sinai,neuroscience,,2,0.2,2,2016;2017;2018;2019;2021;2022;2023;2024,3,0,4,,2015,early (<=10y),unified_pubmed(full-name/affiliation-or-ORCID),last-author proxy,2025,first-paper proxy,2026-09-05T03:49:54+00:00,3,pi_b1e6ec01fb6452958277bf3f70085542,unified-papers,unreviewed,,unreviewed roster label,,unknown,Cellular and molecular neuroscience; Glia and neuroimmunology; Motor systems; Neurodegeneration and aging,,,unknown,Mouse,,,not yet curated,,,1,,"The registry preserves this identity, but independent source evidence is still needed. | This institution is a historical roster label, not a sourced current appointment. | Lab model organisms are not yet source-backed; article-species mentions do not establish a lab model. | Selected scientific contributions have not yet been source-curated; this is not absence of contributions. | 1 candidate papers remain unresolved and are not included in totals.",,unknown,0,0,0,0,1,0,0,0,0,1
Paul Kenny,non-HHMI (low-CNS),Icahn School of Medicine at Mount Sinai,neuroscience,,2,0.2,2,2016;2017;2018;2020;2021;2022;2023;2025,1,0,18,,2014,established,unified_pubmed(full-name/affiliation-or-ORCID),last-author proxy,2025,ORCID employment (unverified),2026-09-05T03:49:58+00:00,3,pi_cb85a82630df5625a26d888567f19984,unified-papers,unreviewed,,unreviewed roster label,,unknown,Cellular and molecular neuroscience; Learning and memory; Neural circuits and behavior,Connectomics; Sequencing and transcriptomics,,unknown,Mouse; Rat,,,not yet curated,,,2,,"ORCID employment is a career proxy, not a verified independent-lab start. | The registry preserves this identity, but independent source evidence is still needed. | This institution is a historical roster label, not a sourced current appointment. | Lab model organisms are not yet source-backed; article-species mentions do not establish a lab model. | Selected scientific contributions have not yet been source-curated; this is not absence of contributions. | 2 candidate papers remain unresolved and are not included in totals.",,unknown,0,0,0,1,0,0,0,0,1,0
Charles Lieber,non-HHMI (low-CNS),Harvard (FAS),neuroscience,,2,0.2,2,2016;2017;2019;2020;2021;2022;2024;2025,0,0,25,,2005,established,unified_pubmed(full-name/affiliation-or-ORCID),last-author proxy,2025,first-paper proxy,2026-09-05T03:50:06+00:00,3,pi_00cc1b7cd8c4509ba8e8d6cf69905b8e,unified-papers,unreviewed,,unreviewed roster label,,unknown,Glia and neuroimmunology; Learning and memory; Motor systems; Neural circuits and behavior; Neurodegeneration and aging; Sensory systems; Sleep and circadian rhythms,Electrophysiology; Imaging and microscopy,,unknown,Mouse; Rat,,,not yet curated,,,0,,"The registry preserves this identity, but independent source evidence is still needed. | This institution is a historical roster label, not a sourced current appointment. | Lab model organisms are not yet source-backed; article-species mentions do not establish a lab model. | Selected scientific contributions have not yet been source-curated; this is not absence of contributions.",,unknown,0,0,1,0,0,0,0,1,0,0
Joshua Sanes,non-HHMI (low-CNS),Harvard (FAS),neuroscience,,2,0.2,2,2017;2018;2020;2021;2022;2023;2024;2025,6,4,26,,2005,established,unified_pubmed(full-name/affiliation-or-ORCID),last-author proxy,2025,ORCID employment (unverified),2026-09-05T03:50:10+00:00,3,pi_a3d8eb1c2922549385de269efb4dd1b2,unified-papers,unreviewed,,unreviewed roster label,,unknown,Cellular and molecular neuroscience; Glia and neuroimmunology; Neural circuits and behavior; Sensory systems,Connectomics; Imaging and microscopy; Sequencing and transcriptomics,,unknown,Human; Mouse; Nonhuman primates,,,not yet curated,,,0,,"ORCID employment is a career proxy, not a verified independent-lab start. | The registry preserves this identity, but independent source evidence is still needed. | This institution is a historical roster label, not a sourced current appointment. | Lab model organisms are not yet source-backed; article-species mentions do not establish a lab model. | Selected scientific contributions have not yet been source-curated; this is not absence of contributions.",,unknown,1,0,0,1,0,0,0,0,0,0
Berislav Zlokovic,non-HHMI (low-CNS),University of Southern California,neuroscience,,2,0.2,1,2016;2017;2018;2019;2021;2022;2023;2024;2025,4,0,36,,2011,established,unified_pubmed(full-name/affiliation-or-ORCID),last-author proxy,2025,first-paper proxy,2026-09-05T03:50:16+00:00,3,pi_816dfa54c2a8523199af9c3b0d339540,unified-papers,unreviewed,,unreviewed roster label,,unknown,Cellular and molecular neuroscience; Development; Glia and neuroimmunology; Learning and memory; Neural circuits and behavior; Neurodegeneration and aging,Imaging and microscopy; MRI and neuroimaging; Optogenetics; Organoids and stem-cell models,,unknown,Human; Mouse,,,not yet curated,,,0,,"The registry preserves this identity, but independent source evidence is still needed. | This institution is a historical roster label, not a sourced current appointment. | Lab model organisms are not yet source-backed; article-species mentions do not establish a lab model. | Selected scientific contributions have not yet been source-curated; this is not absence of contributions.",,unknown,0,0,0,0,2,0,0,0,0,0
Yin Shen,non-HHMI (low-CNS),"University of California, San Francisco",neuroscience,,2,0.2,2,2016;2017;2018;2019;2021;2022;2023;2024,0,0,5,,2011,established,unified_pubmed(full-name/affiliation-or-ORCID),last-author proxy,2025,first-paper proxy,2026-09-05T03:50:19+00:00,3,pi_78ce6e36004454b1ae29db72b181905d,unified-papers,unreviewed,,unreviewed roster label,,unknown,Cellular and molecular neuroscience; Glia and neuroimmunology; Neurodegeneration and aging,Imaging and microscopy; Organoids and stem-cell models,,unknown,Human,,,not yet curated,,,0,,"The registry preserves this identity, but independent source evidence is still needed. | This institution is a historical roster label, not a sourced current appointment. | Lab model organisms are not yet source-backed; article-species mentions do not establish a lab model. | Selected scientific contributions have not yet been source-curated; this is not absence of contributions. | Excluded 7 different-given-name candidates; review aliases if any exclusion is unexpected.",,unknown,0,0,0,0,1,0,0,0,0,1
Saul Villeda,rising-star,"University of California, San Francisco",neuroscience,,2,0.2,2,2016;2017;2018;2019;2021;2022;2024;2025,1,1,16,,2015,early (<=10y),unified_pubmed(full-name/affiliation-or-ORCID),last-author proxy,2025,first-paper proxy,2026-09-05T03:50:24+00:00,3,pi_11deca56badc51d1be087a494810b4bf,unified-papers,unreviewed,,unreviewed roster label,,unknown,Cellular and molecular neuroscience; Computation and cognition; Development; Glia and neuroimmunology; Learning and memory; Neurodegeneration and aging,Organoids and stem-cell models,,unknown,C. elegans; Mouse; Rat,,,not yet curated,,,0,,"The registry preserves this identity, but independent source evidence is still needed. | This institution is a historical roster label, not a sourced current appointment. | Lab model organisms are not yet source-backed; article-species mentions do not establish a lab model. | Selected scientific contributions have not yet been source-curated; this is not absence of contributions.",,unknown,0,0,0,0,1,0,0,1,0,0
Daniel Minor,rising-star,"University of California, Berkeley; University of California, San Francisco",neuroscience,,2,0.2,2,2017;2018;2019;2020;2021;2022;2024;2025,2,0,16,,2021,rising (<=6y),unified_pubmed(full-name/affiliation-or-ORCID),last-author proxy,2025,first-paper proxy,2026-09-05T03:50:26+00:00,3,pi_cbd751a130ab5ebcb10457e8c7808237,unified-papers,unreviewed,,unreviewed roster label,,unknown,Cellular and molecular neuroscience,Electrophysiology; Imaging and microscopy,,unknown,Human; Mouse; Rat,,,not yet curated,,,0,,"The registry preserves this identity, but independent source evidence is still needed. | This institution is a historical roster label, not a sourced current appointment. | Lab model organisms are not yet source-backed; article-species mentions do not establish a lab model. | Selected scientific contributions have not yet been source-curated; this is not absence of contributions.",,unknown,1,0,0,0,0,0,0,1,0,0
Michael Dickinson,non-HHMI (low-CNS),California Institute of Technology,neuroscience,,2,0.2,2,2016;2017;2019;2020;2021;2022;2023;2025,0,0,16,,2005,established,unified_pubmed(full-name/affiliation-or-ORCID),last-author proxy,2025,first-paper proxy,2026-09-05T03:50:37+00:00,3,pi_a372ea5a63e1597cae8679a03b210b8e,unified-papers,unreviewed,,unreviewed roster label,,unknown,Computation and cognition; Learning and memory; Motor systems; Neural circuits and behavior; Sensory systems,Calcium imaging; Computational modeling; Imaging and microscopy,,unknown,Drosophila,,,not yet curated,,,0,,"The registry preserves this identity, but independent source evidence is still needed. | This institution is a historical roster label, not a sourced current appointment. | Lab model organisms are not yet source-backed; article-species mentions do not establish a lab model. | Selected scientific contributions have not yet been source-curated; this is not absence of contributions.",,unknown,0,0,1,0,0,0,0,0,1,0
Hisashi Umemori,non-HHMI (low-CNS),Harvard Medical School,neuroscience,,2,0.2,2,2016;2017;2018;2019;2020;2022;2024;2025,1,1,14,,2006,established,unified_pubmed(full-name/affiliation-or-ORCID),last-author proxy,2025,ORCID employment (unverified),2026-09-05T03:50:54+00:00,3,pi_a21558b7dbb95303976afcb2a9e22dc2,unified-papers,unreviewed,,unreviewed roster label,,unknown,Cellular and molecular neuroscience; Computation and cognition; Development; Glia and neuroimmunology; Learning and memory; Motor systems; Neural circuits and behavior; Neurodegeneration and aging; Sensory systems,Electrophysiology; Organoids and stem-cell models; Sequencing and transcriptomics,,unknown,Mouse,,,not yet curated,,,1,,"ORCID employment is a career proxy, not a verified independent-lab start. | The registry preserves this identity, but independent source evidence is still needed. | This institution is a historical roster label, not a sourced current appointment. | Lab model organisms are not yet source-backed; article-species mentions do not establish a lab model. | Selected scientific contributions have not yet been source-curated; this is not absence of contributions. | 1 candidate papers remain unresolved and are not included in totals.",,unknown,0,0,0,0,0,1,0,1,0,0
Bradford Lowell,non-HHMI (low-CNS),Harvard Medical School,neuroscience,,2,0.2,2,2016;2017;2018;2019;2020;2022;2024;2025,7,1,11,,2005,established,unified_pubmed(full-name/affiliation-or-ORCID),last-author proxy,2025,first-paper proxy,2026-09-05T03:50:57+00:00,3,pi_b0be3fab57f5555f8f68c0b3bcc335ce,unified-papers,unreviewed,,unreviewed roster label,,unknown,Cellular and molecular neuroscience; Learning and memory; Neural circuits and behavior; Sleep and circadian rhythms,Electrophysiology; Imaging and microscopy; Optogenetics; Sequencing and transcriptomics,,unknown,Mouse,,,not yet curated,,,0,,"The registry preserves this identity, but independent source evidence is still needed. | This institution is a historical roster label, not a sourced current appointment. | Lab model organisms are not yet source-backed; article-species mentions do not establish a lab model. | Selected scientific contributions have not yet been source-curated; this is not absence of contributions.",,unknown,0,0,0,0,0,1,0,1,0,0
Ulrich von Andrian,non-HHMI (low-CNS),Harvard Medical School,neuroscience,,2,0.2,2,2016;2017;2018;2019;2021;2022;2024;2025,0,1,10,,2005,established,unified_pubmed(full-name/affiliation-or-ORCID),last-author proxy,2025,first-paper proxy,2026-09-05T03:51:01+00:00,3,pi_3215ff05df1f5614aa00bb0e486ee782,unified-papers,unreviewed,,unreviewed roster label,,unknown,Glia and neuroimmunology; Learning and memory; Motor systems; Sensory systems,Optogenetics; Sequencing and transcriptomics,,unknown,Human; Mouse,,,not yet curated,,,0,,"The registry preserves this identity, but independent source evidence is still needed. | This institution is a historical roster label, not a sourced current appointment. | Lab model organisms are not yet source-backed; article-species mentions do not establish a lab model. | Selected scientific contributions have not yet been source-curated; this is not absence of contributions.",,unknown,0,0,0,0,1,0,0,1,0,0
Gord Fishell,rising-star,Harvard Medical School,neuroscience,,2,0.2,1,2016;2017;2018;2019;2020;2022;2023;2024;2025,4,0,8,,2015,early (<=10y),unified_pubmed(full-name/affiliation-or-ORCID),last-author proxy,2025,first-paper proxy,2026-09-05T03:51:03+00:00,3,pi_62262a2d4eb05287b749c029a3f4851b,unified-papers,unreviewed,,unreviewed roster label,,unknown,Cellular and molecular neuroscience; Development; Glia and neuroimmunology; Motor systems; Neural circuits and behavior; Sensory systems,Electrophysiology; Optogenetics; Sequencing and transcriptomics,,unknown,Mouse,,,not yet curated,,,0,,"The registry preserves this identity, but independent source evidence is still needed. | This institution is a historical roster label, not a sourced current appointment. | Lab model organisms are not yet source-backed; article-species mentions do not establish a lab model. | Selected scientific contributions have not yet been source-curated; this is not absence of contributions. | Excluded 2 different-given-name candidates; review aliases if any exclusion is unexpected.",,unknown,0,0,0,0,0,2,0,0,0,0
Eng Lo,non-HHMI (low-CNS),Harvard Medical School,neuroscience,,2,0.2,2,2017;2018;2019;2021;2022;2023;2024;2025,1,0,27,,2005,established,unified_pubmed(full-name/affiliation-or-ORCID),last-author proxy,2025,first-paper proxy,2026-09-05T03:51:09+00:00,3,pi_9ec3580033be5addaa817063dd155ebf,unified-papers,unreviewed,,unreviewed roster label,,unknown,Cellular and molecular neuroscience; Development; Glia and neuroimmunology; Learning and memory; Neural circuits and behavior; Neurodegeneration and aging; Sleep and circadian rhythms,Imaging and microscopy; Organoids and stem-cell models; Sequencing and transcriptomics,,unknown,Human; Mouse; Rat,,,not yet curated,,,0,,"The registry preserves this identity, but independent source evidence is still needed. | This institution is a historical roster label, not a sourced current appointment. | Lab model organisms are not yet source-backed; article-species mentions do not establish a lab model. | Selected scientific contributions have not yet been source-curated; this is not absence of contributions.",,unknown,1,0,0,0,1,0,0,0,0,0
Rudolph Tanzi,non-HHMI (low-CNS),Harvard Medical School,neuroscience,,2,0.2,2,2016;2017;2020;2021;2022;2023;2024;2025,3,0,31,,2005,established,unified_pubmed(full-name/affiliation-or-ORCID),last-author proxy,2025,first-paper proxy,2026-09-05T03:51:13+00:00,3,pi_431110df82a5508f8bddd32b2c826887,unified-papers,unreviewed,,unreviewed roster label,,unknown,Cellular and molecular neuroscience; Computation and cognition; Development; Glia and neuroimmunology; Learning and memory; Neural circuits and behavior; Neurodegeneration and aging,Imaging and microscopy; MRI and neuroimaging; Sequencing and transcriptomics,,unknown,Drosophila; Human; Mouse,,,not yet curated,,,1,,"The registry preserves this identity, but independent source evidence is still needed. | This institution is a historical roster label, not a sourced current appointment. | Lab model organisms are not yet source-backed; article-species mentions do not establish a lab model. | Selected scientific contributions have not yet been source-curated; this is not absence of contributions. | 1 candidate papers remain unresolved and are not included in totals.",,unknown,0,0,1,1,0,0,0,0,0,0
Wade Regehr,non-HHMI (low-CNS),Harvard Medical School,neuroscience,,2,0.2,2,2018;2019;2020;2021;2022;2023;2024;2025,9,7,33,,2005,established,unified_pubmed(full-name/affiliation-or-ORCID),last-author proxy,2025,first-paper proxy,2026-09-05T03:51:18+00:00,3,pi_3709769fe89b56daa75aa76a9965729c,unified-papers,unreviewed,,unreviewed roster label,,unknown,Cellular and molecular neuroscience; Learning and memory; Motor systems; Neural circuits and behavior; Sensory systems,Calcium imaging; Connectomics; Electrophysiology; Imaging and microscopy; Optogenetics,,unknown,Mouse,,,not yet curated,,,0,,"The registry preserves this identity, but independent source evidence is still needed. | This institution is a historical roster label, not a sourced current appointment. | Lab model organisms are not yet source-backed; article-species mentions do not establish a lab model. | Selected scientific contributions have not yet been source-curated; this is not absence of contributions.",,unknown,1,1,0,0,0,0,0,0,0,0
Daniel Colón-Ramos,rising-star,Yale University,neuroscience,,2,0.2,2,2016;2017;2018;2019;2020;2022;2023;2025,3,3,16,,2009,early (<=10y),unified_pubmed(full-name/affiliation-or-ORCID),last-author proxy,2025,ORCID employment (unverified),2026-09-05T03:51:21+00:00,3,pi_3ffab0a5582e5071939c5f1fc1669b40,unified-papers,unreviewed,,unreviewed roster label,,unknown,Cellular and molecular neuroscience; Development; Glia and neuroimmunology; Learning and memory; Motor systems; Neural circuits and behavior; Neurodegeneration and aging; Sensory systems,Connectomics; Imaging and microscopy; Optogenetics,,unknown,C. elegans,,,not yet curated,,,0,,"ORCID employment is a career proxy, not a verified independent-lab start. | The registry preserves this identity, but independent source evidence is still needed. | This institution is a historical roster label, not a sourced current appointment. | Lab model organisms are not yet source-backed; article-species mentions do not establish a lab model. | Selected scientific contributions have not yet been source-curated; this is not absence of contributions.",,unknown,0,0,0,0,0,1,0,0,1,0
John Carlson,non-HHMI (low-CNS),Yale University,neuroscience,,2,0.2,2,2016;2017;2018;2019;2020;2021;2022;2025,0,7,24,,2005,established,unified_pubmed(full-name/affiliation-or-ORCID),last-author proxy,2025,first-paper proxy,2026-09-05T03:51:23+00:00,3,pi_dd25ca7dd1815f7682da65166bcab2f1,unified-papers,unreviewed,,unreviewed roster label,,unknown,Cellular and molecular neuroscience; Learning and memory; Neural circuits and behavior; Sensory systems,Electrophysiology; Imaging and microscopy; Optogenetics; Sequencing and transcriptomics,,unknown,Drosophila; Human,,,not yet curated,,,1,,"The registry preserves this identity, but independent source evidence is still needed. | This institution is a historical roster label, not a sourced current appointment. | Lab model organisms are not yet source-backed; article-species mentions do not establish a lab model. | Selected scientific contributions have not yet been source-curated; this is not absence of contributions. | 1 candidate papers remain unresolved and are not included in totals.",,unknown,0,0,0,0,0,0,0,1,1,0
Michael Crair,non-HHMI (low-CNS),Yale University,neuroscience,,2,0.2,2,2016;2017;2018;2019;2020;2022;2023;2025,1,1,4,,2008,established,unified_pubmed(full-name/affiliation-or-ORCID),last-author proxy,2025,first-paper proxy,2026-09-05T03:51:25+00:00,3,pi_937b8e56820e5dd2a94bc795a34c563f,unified-papers,unreviewed,,unreviewed roster label,,unknown,Development; Learning and memory; Sensory systems,,,unknown,Mouse; Rat,,,not yet curated,,,1,,"The registry preserves this identity, but independent source evidence is still needed. | This institution is a historical roster label, not a sourced current appointment. | Lab model organisms are not yet source-backed; article-species mentions do not establish a lab model. | Selected scientific contributions have not yet been source-curated; this is not absence of contributions. | 1 candidate papers remain unresolved and are not included in totals.",,unknown,0,0,0,0,0,1,0,0,1,0
Marcelo Dietrich,non-HHMI (low-CNS),Yale University,neuroscience,,2,0.2,2,2016;2017;2018;2020;2021;2022;2023;2025,0,1,7,,2013,established,unified_pubmed(full-name/affiliation-or-ORCID),last-author proxy,2025,ORCID employment (unverified),2026-09-05T03:51:27+00:00,3,pi_3219ae87952251b99cf138933552b73c,unified-papers,unreviewed,,unreviewed roster label,,unknown,Computation and cognition; Development; Learning and memory; Neural circuits and behavior; Sensory systems,Computational modeling,,unknown,Mouse; Rat,,,not yet curated,,,0,,"ORCID employment is a career proxy, not a verified independent-lab start. | The registry preserves this identity, but independent source evidence is still needed. | This institution is a historical roster label, not a sourced current appointment. | Lab model organisms are not yet source-backed; article-species mentions do not establish a lab model. | Selected scientific contributions have not yet been source-curated; this is not absence of contributions.",,unknown,0,0,0,1,0,0,0,0,1,0
Laura Lewis,early-career awardee,Boston University,neuroscience (awardee),"McKnight Scholar, Pew Biomedical, Searle Scholar",2,0.2,2,2016;2017;2018;2020;2022;2023;2024;2025,1,1,10,,2019,rising (<=6y),unified_pubmed(full-name/affiliation-or-ORCID),last-author proxy,2025,first-paper proxy,2026-09-05T03:52:15+00:00,3,pi_97ae17552b8f59b6a74122c1c331ad93,unified-papers,unreviewed,,unreviewed roster label,,unknown,Computation and cognition; Neural circuits and behavior; Sensory systems; Sleep and circadian rhythms,Computational modeling; Electrophysiology; Imaging and microscopy; MRI and neuroimaging,,unknown,Human,,,not yet curated,,,2,https://www.mcknight.org/programs/the-mcknight-endowment-fund-for-neuroscience/scholar-awards/awardees/,"The registry preserves this identity, but independent source evidence is still needed. | This institution is a historical roster label, not a sourced current appointment. | Lab model organisms are not yet source-backed; article-species mentions do not establish a lab model. | Selected scientific contributions have not yet been source-curated; this is not absence of contributions. | 2 candidate papers remain unresolved and are not included in totals.",,unknown,0,0,0,1,0,1,0,0,0,0
Ann Kennedy,early-career awardee,Northwestern University,neuroscience (awardee),"McKnight Scholar, Pew Biomedical",2,0.2,2,2016;2017;2018;2019;2020;2021;2024;2025,0,1,6,,2008,established,unified_pubmed(full-name/affiliation-or-ORCID),last-author proxy,2025,first-paper proxy,2026-09-05T03:52:49+00:00,3,pi_85af161a5b685d82a24906776eeec1d0,unified-papers,unreviewed,,unreviewed roster label,,unknown,Computation and cognition; Learning and memory; Motor systems; Neural circuits and behavior,Calcium imaging; Computational modeling; Imaging and microscopy,,unknown,Mouse; Nonhuman primates,,,not yet curated,,,0,https://www.mcknight.org/programs/the-mcknight-endowment-fund-for-neuroscience/scholar-awards/awardees/,"The registry preserves this identity, but independent source evidence is still needed. | This institution is a historical roster label, not a sourced current appointment. | Lab model organisms are not yet source-backed; article-species mentions do not establish a lab model. | Selected scientific contributions have not yet been source-curated; this is not absence of contributions.",,unknown,0,0,0,0,0,0,1,1,0,0
Gul Dolen,early-career awardee,Johns Hopkins University,neuroscience (awardee),Klingenstein-Simons,2,0.2,2,2016;2017;2018;2020;2021;2022;2024;2025,1,0,2,,2015,early (<=10y),unified_pubmed(full-name/affiliation-or-ORCID),last-author proxy,2025,first-paper proxy,2026-09-05T03:53:29+00:00,3,pi_f0a0976defa65f4495ab2dee9247ab8c,unified-papers,unreviewed,,unreviewed roster label,,unknown,Cellular and molecular neuroscience; Learning and memory; Neural circuits and behavior,Sequencing and transcriptomics,,unknown,Mouse,,,not yet curated,,,0,,"The registry preserves this identity, but independent source evidence is still needed. | This institution is a historical roster label, not a sourced current appointment. | Lab model organisms are not yet source-backed; article-species mentions do not establish a lab model. | Selected scientific contributions have not yet been source-curated; this is not absence of contributions.",,unknown,0,0,0,1,0,0,0,1,0,0
Joseph Parker,early-career awardee,California Institute of Technology,neuroscience (awardee),Klingenstein-Simons,2,0.2,2,2016;2017;2018;2019;2020;2022;2023;2025,0,1,7,,2019,rising (<=6y),unified_pubmed(full-name/affiliation-or-ORCID),last-author proxy,2025,first-paper proxy,2026-09-05T03:53:48+00:00,3,pi_c406b53c71e85aab88b4ed41035ad77d,unified-papers,unreviewed,,unreviewed roster label,,unknown,Cellular and molecular neuroscience; Neural circuits and behavior; Sensory systems,Sequencing and transcriptomics,,unknown,Drosophila,,,not yet curated,,,0,,"The registry preserves this identity, but independent source evidence is still needed. | This institution is a historical roster label, not a sourced current appointment. | Lab model organisms are not yet source-backed; article-species mentions do not establish a lab model. | Selected scientific contributions have not yet been source-curated; this is not absence of contributions.",,unknown,0,0,0,0,0,1,0,0,1,0
Amber Alhadeff,early-career awardee,Monell Chemical Senses Center,neuroscience (awardee),"Klingenstein-Simons, NIH DP2, Pew Biomedical",2,0.2,2,2016;2017;2018;2019;2020;2022;2023;2025,0,0,5,,2021,rising (<=6y),unified_pubmed(full-name/affiliation-or-ORCID),last-author proxy,2025,first-paper proxy,2026-09-05T03:54:07+00:00,3,pi_3ffae65b3da55f6c87146fc0d2b87d7a,unified-papers,unreviewed,,unreviewed roster label,,unknown,Learning and memory; Neural circuits and behavior; Sensory systems,Calcium imaging; Imaging and microscopy; Optogenetics,,unknown,Mouse,,,not yet curated,,,0,,"The registry preserves this identity, but independent source evidence is still needed. | This institution is a historical roster label, not a sourced current appointment. | Lab model organisms are not yet source-backed; article-species mentions do not establish a lab model. | Selected scientific contributions have not yet been source-curated; this is not absence of contributions.",,unknown,0,0,0,0,0,1,0,0,1,0
Nikhil Sharma,early-career awardee,Columbia University,neuroscience (awardee),"Klingenstein-Simons, NIH DP2",2,0.2,2,2016;2017;2018;2019;2020;2021;2022;2023,0,0,0,,2022,rising (<=6y),unified_pubmed(full-name/affiliation-or-ORCID),last-author proxy,2025,first-paper proxy,2026-09-05T03:54:32+00:00,3,pi_cc3e81e9e2af5e82914e317aed17d18e,unified-papers,unreviewed,,unreviewed roster label,,unknown,Sensory systems,,,unknown,Mouse,,,not yet curated,,,0,,"The registry preserves this identity, but independent source evidence is still needed. | This institution is a historical roster label, not a sourced current appointment. | Lab model organisms are not yet source-backed; article-species mentions do not establish a lab model. | Selected scientific contributions have not yet been source-curated; this is not absence of contributions. | Excluded 1 different-given-name candidates; review aliases if any exclusion is unexpected.",,unknown,0,0,0,0,0,0,0,0,1,1
Xiao Wang,early-career awardee,Broad Institute,neuroscience (awardee),"NIH DP2, Searle Scholar",2,0.2,1,2016;2017;2018;2019;2020;2021;2022;2024;2025,1,0,11,,2019,rising (<=6y),unified_pubmed(full-name/affiliation-or-ORCID),last-author proxy,2025,first-paper proxy,2026-09-05T03:55:55+00:00,3,pi_f9c3c27509795e7892a5d61c3720847e,unified-papers,unreviewed,,unreviewed roster label,,unknown,Cellular and molecular neuroscience; Computation and cognition; Glia and neuroimmunology; Neurodegeneration and aging,Computational modeling; Imaging and microscopy; Organoids and stem-cell models; Sequencing and transcriptomics,,unknown,Mouse; Rat,,,not yet curated,,,0,,"The registry preserves this identity, but independent source evidence is still needed. | This institution is a historical roster label, not a sourced current appointment. | Lab model organisms are not yet source-backed; article-species mentions do not establish a lab model. | Selected scientific contributions have not yet been source-curated; this is not absence of contributions. | Excluded 6 different-given-name candidates; review aliases if any exclusion is unexpected.",,unknown,0,0,0,0,0,0,0,2,0,0
Adrienne A. Boire,early-career awardee,Memorial Sloan Kettering,neuroscience (awardee),Pew Biomedical,2,0.2,2,2016;2017;2018;2019;2021;2022;2023;2024,0,0,18,,2020,rising (<=6y),unified_pubmed(full-name/affiliation-or-ORCID),last-author proxy,2025,first-paper proxy,2026-09-05T03:56:38+00:00,3,pi_1764576086bd53e5a9ebb771641b6ed6,unified-papers,unreviewed,,unreviewed roster label,,unknown,Cellular and molecular neuroscience; Learning and memory; Motor systems,MRI and neuroimaging; Sequencing and transcriptomics,,unknown,Mouse,,,not yet curated,,,0,,"The registry preserves this identity, but independent source evidence is still needed. | This institution is a historical roster label, not a sourced current appointment. | Lab model organisms are not yet source-backed; article-species mentions do not establish a lab model. | Selected scientific contributions have not yet been source-curated; this is not absence of contributions.",,unknown,0,0,0,0,1,0,0,0,0,1
Kwanghun Chung,early-career awardee,Massachusetts Institute of Technology,neuroscience (awardee),NIH DP2,2,0.2,2,2016;2017;2018;2019;2020;2022;2023;2025,0,0,5,,,unknown,unified_pubmed(full-name/affiliation-or-ORCID),last-author proxy,2025,,2026-09-05T03:56:44+00:00,3,pi_60da7d27fd30524f899bbb6c0a9eaa68,unified-papers,unreviewed,,unreviewed roster label,,unknown,Cellular and molecular neuroscience; Learning and memory; Neural circuits and behavior; Neurodegeneration and aging,Connectomics; Imaging and microscopy; Sequencing and transcriptomics,,unknown,Human; Mouse; Rat,,,not yet curated,,,0,,"The registry preserves this identity, but independent source evidence is still needed. | This institution is a historical roster label, not a sourced current appointment. | Lab model organisms are not yet source-backed; article-species mentions do not establish a lab model. | Selected scientific contributions have not yet been source-curated; this is not absence of contributions.",,unknown,0,0,0,0,0,1,0,0,1,0
Hyejung Won,early-career awardee,UNC Chapel Hill,neuroscience (awardee),NIH DP2,2,0.2,2,2016;2017;2018;2019;2020;2021;2022;2024,1,0,10,,,unknown,unified_pubmed(full-name/affiliation-or-ORCID),last-author proxy,2025,,2026-09-05T03:57:20+00:00,3,pi_b28700342fe05a3f943ea7f82f05f4a1,unified-papers,unreviewed,,unreviewed roster label,,unknown,Cellular and molecular neuroscience; Computation and cognition; Development; Neural circuits and behavior,Sequencing and transcriptomics,,unknown,Human,,,not yet curated,,,0,,"The registry preserves this identity, but independent source evidence is still needed. | This institution is a historical roster label, not a sourced current appointment. | Lab model organisms are not yet source-backed; article-species mentions do not establish a lab model. | Selected scientific contributions have not yet been source-curated; this is not absence of contributions.",,unknown,0,0,0,0,0,0,0,1,0,1
Michael Yartsev,HHMI,"University of California, Berkeley",Neuroscience (HHMI),"Klingenstein-Simons, McKnight Scholar, NIH DP2, Pew Biomedical, Searle Scholar",1,0.1,1,2016;2018;2019;2020;2021;2022;2023;2024;2025,0,0,1,,,established,unified_pubmed(full-name/affiliation-or-ORCID),last-author proxy,2025,,2026-09-05T03:40:51+00:00,3,pi_101c85f46949521da6762265a292e31a,unified-papers,unreviewed,,unreviewed roster label,Listed in legacy HHMI cohort,unreviewed,,,,unknown,,,,not yet curated,,,0,https://www.mcknight.org/programs/the-mcknight-endowment-fund-for-neuroscience/scholar-awards/awardees/,"The registry preserves this identity, but independent source evidence is still needed. | This institution is a historical roster label, not a sourced current appointment. | Lab model organisms are not yet source-backed; article-species mentions do not establish a lab model. | Selected scientific contributions have not yet been source-curated; this is not absence of contributions.",,unknown,0,1,0,0,0,0,0,0,0,0
Michael Brainard,HHMI,"University of California, San Francisco",Neuroscience (HHMI),,1,0.1,1,2016;2017;2018;2019;2020;2022;2023;2024;2025,1,0,4,,,established,unified_pubmed(full-name/affiliation-or-ORCID),last-author proxy,2025,,2026-09-05T03:41:04+00:00,3,pi_503911ad8ecd533098e95ebab307a119,unified-papers,unreviewed,,unreviewed roster label,Listed in legacy HHMI cohort,unreviewed,Cellular and molecular neuroscience; Learning and memory; Motor systems; Neural circuits and behavior,Electrophysiology; Sequencing and transcriptomics,,unknown,,,,not yet curated,,,0,,"The registry preserves this identity, but independent source evidence is still needed. | This institution is a historical roster label, not a sourced current appointment. | Lab model organisms are not yet source-backed; article-species mentions do not establish a lab model. | Selected scientific contributions have not yet been source-curated; this is not absence of contributions.",,unknown,0,0,0,0,0,1,0,0,0,0
Tirin Moore,HHMI,Stanford University,Neuroscience (HHMI),,1,0.1,1,2016;2017;2018;2019;2020;2021;2022;2023;2025,2,2,21,,,established,unified_pubmed(full-name/affiliation-or-ORCID),last-author proxy,2025,,2026-09-05T03:41:13+00:00,3,pi_6352715332385f84988cfe29550e54a3,unified-papers,unreviewed,,unreviewed roster label,Listed in legacy HHMI cohort,unreviewed,Cellular and molecular neuroscience; Computation and cognition; Learning and memory; Motor systems; Neural circuits and behavior; Sensory systems,Imaging and microscopy,,unknown,Nonhuman primates,,,not yet curated,,,0,,"The registry preserves this identity, but independent source evidence is still needed. | This institution is a historical roster label, not a sourced current appointment. | Lab model organisms are not yet source-backed; article-species mentions do not establish a lab model. | Selected scientific contributions have not yet been source-curated; this is not absence of contributions. | Excluded 1 different-given-name candidates; review aliases if any exclusion is unexpected.",,unknown,0,0,0,0,0,0,0,0,1,0
Viviana Gradinaru,HHMI,California Institute of Technology,Neuroscience (HHMI),,1,0.1,1,2016;2017;2018;2019;2021;2022;2023;2024;2025,5,1,29,,,established,unified_pubmed(full-name/affiliation-or-ORCID),last-author proxy,2025,,2026-09-05T03:41:19+00:00,3,pi_eb04cedc42295c49aeec173e76795ab2,unified-papers,unreviewed,,unreviewed roster label,Listed in legacy HHMI cohort,unreviewed,Cellular and molecular neuroscience; Computation and cognition; Glia and neuroimmunology; Learning and memory; Motor systems; Neural circuits and behavior,Connectomics; Imaging and microscopy; Optogenetics; Organoids and stem-cell models; Sequencing and transcriptomics,,unknown,Human; Mouse; Nonhuman primates; Rat,,,not yet curated,,,0,,"The registry preserves this identity, but independent source evidence is still needed. | This institution is a historical roster label, not a sourced current appointment. | Lab model organisms are not yet source-backed; article-species mentions do not establish a lab model. | Selected scientific contributions have not yet been source-curated; this is not absence of contributions.",,unknown,0,0,0,0,1,0,0,0,0,0
H. Robert Horvitz,HHMI,Massachusetts Institute of Technology,Neuroscience (HHMI),,1,0.1,1,2016;2017;2018;2019;2020;2022;2023;2024;2025,0,3,13,,,established,unified_pubmed(full-name/affiliation-or-ORCID),last-author proxy,2025,,2026-09-05T04:36:40+00:00,3,pi_cf287ac7899856ccb0a593edfe778b51,unified-papers,unreviewed,,unreviewed roster label,Listed in legacy HHMI cohort,unreviewed,Cellular and molecular neuroscience; Development; Learning and memory; Motor systems; Neural circuits and behavior; Neurodegeneration and aging; Sensory systems,,,unknown,C. elegans; Mouse,,,not yet curated,,,0,,"The registry preserves this identity, but independent source evidence is still needed. | This institution is a historical roster label, not a sourced current appointment. | Lab model organisms are not yet source-backed; article-species mentions do not establish a lab model. | Selected scientific contributions have not yet been source-curated; this is not absence of contributions.",,unknown,0,0,0,0,0,1,0,0,0,0
Richard D. Palmiter,HHMI,University of Washington,Neuroscience (HHMI),,1,0.1,1,2016;2017;2019;2020;2021;2022;2023;2024;2025,5,2,23,,,established,unified_pubmed(full-name/affiliation-or-ORCID),last-author proxy,2025,,2026-09-05T03:41:24+00:00,3,pi_ba5b5fb6f5745b0697bc429930f0dfd3,unified-papers,unreviewed,,unreviewed roster label,Listed in legacy HHMI cohort,unreviewed,Cellular and molecular neuroscience; Learning and memory; Neural circuits and behavior; Sleep and circadian rhythms,Calcium imaging; Imaging and microscopy; Optogenetics; Sequencing and transcriptomics,,unknown,Mouse,,,not yet curated,,,0,,"The registry preserves this identity, but independent source evidence is still needed. | This institution is a historical roster label, not a sourced current appointment. | Lab model organisms are not yet source-backed; article-species mentions do not establish a lab model. | Selected scientific contributions have not yet been source-curated; this is not absence of contributions.",,unknown,0,0,1,0,0,0,0,0,0,0
Doris Y. Tsao,HHMI,"University of California, Berkeley",Neuroscience (HHMI),,1,0.1,1,2016;2017;2018;2019;2020;2021;2022;2023;2024,0,0,1,,,established,unified_pubmed(full-name/affiliation-or-ORCID),last-author proxy,2025,,2026-09-05T03:41:41+00:00,3,pi_6aa42b16764c576e8d9c52bce71bb6ba,unified-papers,unreviewed,,unreviewed roster label,Listed in legacy HHMI cohort,unreviewed,Sensory systems,,,unknown,,,,not yet curated,,,0,,"The registry preserves this identity, but independent source evidence is still needed. | This institution is a historical roster label, not a sourced current appointment. | Lab model organisms are not yet source-backed; article-species mentions do not establish a lab model. | Selected scientific contributions have not yet been source-curated; this is not absence of contributions.",,unknown,0,0,0,0,0,0,0,0,0,1
Chris Q. Doe,HHMI,University of Oregon,Neuroscience (HHMI),,1,0.1,1,2016;2017;2018;2019;2020;2022;2023;2024;2025,0,12,32,,,established,unified_pubmed(full-name/affiliation-or-ORCID),last-author proxy,2025,,2026-09-05T03:41:45+00:00,3,pi_ca332d23d2d85503a0b7b9c11ff9940e,unified-papers,unreviewed,,unreviewed roster label,Listed in legacy HHMI cohort,unreviewed,Cellular and molecular neuroscience; Development; Glia and neuroimmunology; Learning and memory; Motor systems; Neural circuits and behavior; Sensory systems,Connectomics; Imaging and microscopy; Optogenetics; Organoids and stem-cell models; Sequencing and transcriptomics,,unknown,Drosophila; Mouse,,,not yet curated,,,0,,"The registry preserves this identity, but independent source evidence is still needed. | This institution is a historical roster label, not a sourced current appointment. | Lab model organisms are not yet source-backed; article-species mentions do not establish a lab model. | Selected scientific contributions have not yet been source-curated; this is not absence of contributions.",,unknown,0,0,0,0,0,1,0,0,0,0
Michael Rosbash,HHMI,Brandeis University,Neuroscience (HHMI),,1,0.1,1,2017;2018;2019;2020;2021;2022;2023;2024;2025,2,4,30,,,established,unified_pubmed(full-name/affiliation-or-ORCID),last-author proxy,2025,,2026-09-05T03:41:48+00:00,3,pi_499476e110c05723ae1cc3dc5818f1bb,unified-papers,unreviewed,,unreviewed roster label,Listed in legacy HHMI cohort,unreviewed,Cellular and molecular neuroscience; Motor systems; Neural circuits and behavior; Neurodegeneration and aging; Sleep and circadian rhythms,Imaging and microscopy; Optogenetics; Sequencing and transcriptomics,,unknown,Drosophila; Human,,,not yet curated,,,0,,"The registry preserves this identity, but independent source evidence is still needed. | This institution is a historical roster label, not a sourced current appointment. | Lab model organisms are not yet source-backed; article-species mentions do not establish a lab model. | Selected scientific contributions have not yet been source-curated; this is not absence of contributions.",,unknown,1,0,0,0,0,0,0,0,0,0
Gwyneth Card,HHMI,Columbia University,Neuroscience (HHMI),,1,0.1,1,2016;2017;2018;2019;2020;2021;2022;2024;2025,0,0,1,,,established,unified_pubmed(full-name/affiliation-or-ORCID),last-author proxy,2025,,2026-09-05T03:41:56+00:00,3,pi_53328eadc804559d89cae3a0342ad720,unified-papers,unreviewed,,unreviewed roster label,Listed in legacy HHMI cohort,unreviewed,Cellular and molecular neuroscience; Computation and cognition; Neural circuits and behavior; Sensory systems,,,unknown,Drosophila,,,not yet curated,,,0,,"The registry preserves this identity, but independent source evidence is still needed. | This institution is a historical roster label, not a sourced current appointment. | Lab model organisms are not yet source-backed; article-species mentions do not establish a lab model. | Selected scientific contributions have not yet been source-curated; this is not absence of contributions.",,unknown,0,0,0,0,0,0,0,1,0,0
Scott M. Sternson,HHMI,"University of California, San Diego",Neuroscience (HHMI),,1,0.1,1,2016;2017;2018;2019;2020;2021;2022;2023;2024,0,0,0,,,established,unified_pubmed(full-name/affiliation-or-ORCID),last-author proxy,2025,,2026-09-05T03:42:14+00:00,3,pi_05d7e684bf4c558c85ce2bc2f4946b24,unified-papers,unreviewed,,unreviewed roster label,Listed in legacy HHMI cohort,unreviewed,Cellular and molecular neuroscience; Neural circuits and behavior,,,unknown,Rat,,,not yet curated,,,0,,"The registry preserves this identity, but independent source evidence is still needed. | This institution is a historical roster label, not a sourced current appointment. | Lab model organisms are not yet source-backed; article-species mentions do not establish a lab model. | Selected scientific contributions have not yet been source-curated; this is not absence of contributions.",,unknown,0,0,0,0,0,0,0,0,0,1
Xinzhong Dong,HHMI,The Johns Hopkins University,Neuroscience (HHMI),,1,0.1,1,2016;2017;2018;2019;2020;2021;2022;2023;2024,6,1,26,,,established,unified_pubmed(full-name/affiliation-or-ORCID),last-author proxy,2025,,2026-09-05T03:42:18+00:00,3,pi_31f2fcdc8c3d5db8bcd5c72a30c397c9,unified-papers,unreviewed,,unreviewed roster label,Listed in legacy HHMI cohort,unreviewed,Glia and neuroimmunology; Learning and memory; Motor systems; Neural circuits and behavior; Sensory systems,Calcium imaging; Electrophysiology; Imaging and microscopy; MRI and neuroimaging,,unknown,Human; Mouse,,,not yet curated,,,0,,"The registry preserves this identity, but independent source evidence is still needed. | This institution is a historical roster label, not a sourced current appointment. | Lab model organisms are not yet source-backed; article-species mentions do not establish a lab model. | Selected scientific contributions have not yet been source-curated; this is not absence of contributions. | Excluded 4 different-given-name candidates; review aliases if any exclusion is unexpected.",,unknown,0,0,0,0,0,0,0,0,0,1
Albert Lee,HHMI,Beth Israel Deaconess Medical Center,Neuroscience (HHMI),,1,0.1,1,2016;2017;2018;2019;2020;2021;2022;2024;2025,0,0,0,,,established,unified_pubmed(full-name/affiliation-or-ORCID),last-author proxy,2025,,2026-09-05T04:36:43+00:00,3,pi_a13e0e3e224d579bbea498758fa2cd2b,unified-papers,unreviewed,,unreviewed roster label,Listed in legacy HHMI cohort,unreviewed,Learning and memory,,,unknown,Rat,,,not yet curated,,,0,,"The registry preserves this identity, but independent source evidence is still needed. | This institution is a historical roster label, not a sourced current appointment. | Lab model organisms are not yet source-backed; article-species mentions do not establish a lab model. | Selected scientific contributions have not yet been source-curated; this is not absence of contributions. | Excluded 15 different-given-name candidates; review aliases if any exclusion is unexpected.",,unknown,0,0,0,0,0,0,0,1,0,0
Edwin R. Chapman,HHMI,University of Wisconsin–Madison,Neuroscience (HHMI),,1,0.1,1,2016;2017;2019;2020;2021;2022;2023;2024;2025,2,3,28,,,established,unified_pubmed(full-name/affiliation-or-ORCID),last-author proxy,2025,,2026-09-05T03:42:34+00:00,3,pi_ef31568e9a235671aa881255336af1c5,unified-papers,unreviewed,,unreviewed roster label,Listed in legacy HHMI cohort,unreviewed,Cellular and molecular neuroscience; Learning and memory; Neurodegeneration and aging,Connectomics; Electrophysiology; Imaging and microscopy,,unknown,C. elegans; Drosophila; Mouse; Rat,,,not yet curated,,,0,,"The registry preserves this identity, but independent source evidence is still needed. | This institution is a historical roster label, not a sourced current appointment. | Lab model organisms are not yet source-backed; article-species mentions do not establish a lab model. | Selected scientific contributions have not yet been source-curated; this is not absence of contributions. | Excluded 2 different-given-name candidates; review aliases if any exclusion is unexpected.",,unknown,0,0,1,0,0,0,0,0,0,0
Robert B. Darnell,HHMI,Rockefeller University,Neuroscience (HHMI),,1,0.1,1,2016;2018;2019;2020;2021;2022;2023;2024;2025,3,6,27,,,established,unified_pubmed(full-name/affiliation-or-ORCID),last-author proxy,2025,,2026-09-05T03:42:46+00:00,3,pi_bb2b0c2ba8225f6da5e504b0dd51be47,unified-papers,unreviewed,,unreviewed roster label,Listed in legacy HHMI cohort,unreviewed,Cellular and molecular neuroscience; Computation and cognition; Development; Glia and neuroimmunology; Learning and memory; Motor systems; Neurodegeneration and aging; Sleep and circadian rhythms,Organoids and stem-cell models; Sequencing and transcriptomics,,unknown,Human; Mouse,,,not yet curated,,,0,,"The registry preserves this identity, but independent source evidence is still needed. | This institution is a historical roster label, not a sourced current appointment. | Lab model organisms are not yet source-backed; article-species mentions do not establish a lab model. | Selected scientific contributions have not yet been source-curated; this is not absence of contributions.",,unknown,0,1,0,0,0,0,0,0,0,0
Mehrdad Jazayeri,HHMI,Massachusetts Institute of Technology,Neuroscience (HHMI),McKnight Scholar,1,0.1,1,2016;2017;2018;2019;2020;2021;2022;2023;2025,4,1,18,,,established,unified_pubmed(full-name/affiliation-or-ORCID),last-author proxy,2025,,2026-09-05T03:42:48+00:00,3,pi_f8940ed9e17f5a6d943717d56ae855b3,unified-papers,unreviewed,,unreviewed roster label,Listed in legacy HHMI cohort,unreviewed,Cellular and molecular neuroscience; Computation and cognition; Learning and memory; Motor systems; Neural circuits and behavior,Computational modeling; Electrophysiology; Imaging and microscopy; MRI and neuroimaging,,unknown,Human; Nonhuman primates; Rat,,,not yet curated,,,1,https://www.mcknight.org/programs/the-mcknight-endowment-fund-for-neuroscience/scholar-awards/awardees/,"The registry preserves this identity, but independent source evidence is still needed. | This institution is a historical roster label, not a sourced current appointment. | Lab model organisms are not yet source-backed; article-species mentions do not establish a lab model. | Selected scientific contributions have not yet been source-curated; this is not absence of contributions. | 1 candidate papers remain unresolved and are not included in totals.",,unknown,0,0,0,0,0,0,0,0,1,0
Qili Liu,candidate (career TBD),"University of California, San Francisco; University of Texas Southwestern Medical Center; Washington University in St. Louis",neuroscience,"Klingenstein-Simons, Pew Biomedical",1,0.1,1,2016;2017;2018;2019;2020;2021;2022;2023;2025,0,0,1,,2005,established,unified_pubmed(full-name/affiliation-or-ORCID),last-author proxy,2025,first-paper proxy,2026-09-05T03:45:42+00:00,3,pi_244e4d04278b524980d758514e39fca4,unified-papers,unreviewed,,unreviewed roster label,,unknown,Neural circuits and behavior,,,unknown,Drosophila,,,not yet curated,,,0,,"The registry preserves this identity, but independent source evidence is still needed. | This institution is a historical roster label, not a sourced current appointment. | Lab model organisms are not yet source-backed; article-species mentions do not establish a lab model. | Selected scientific contributions have not yet been source-curated; this is not absence of contributions. | Excluded 18 different-given-name candidates; review aliases if any exclusion is unexpected.",,unknown,0,0,0,0,0,0,0,0,1,0
Maria Tosches,rising-star,Columbia University,neuroscience,McKnight Scholar,1,0.1,1,2016;2017;2018;2019;2020;2021;2023;2024;2025,0,0,4,,2021,rising (<=6y),unified_pubmed(full-name/affiliation-or-ORCID),last-author proxy,2025,first-paper proxy,2026-09-05T03:46:27+00:00,3,pi_99b009f1330f52ff804d9ba156877673,unified-papers,unreviewed,,unreviewed roster label,,unknown,Cellular and molecular neuroscience; Development; Neural circuits and behavior,Sequencing and transcriptomics,,unknown,,,,not yet curated,,,0,,"The registry preserves this identity, but independent source evidence is still needed. | This institution is a historical roster label, not a sourced current appointment. | Lab model organisms are not yet source-backed; article-species mentions do not establish a lab model. | Selected scientific contributions have not yet been source-curated; this is not absence of contributions.",,unknown,0,0,0,0,0,0,1,0,0,0
David Van Essen,non-HHMI (low-CNS),Washington University in St. Louis,neuroscience,,1,0.1,1,2016;2017;2018;2019;2021;2022;2023;2024;2025,0,0,3,,2005,established,unified_pubmed(full-name/affiliation-or-ORCID),last-author proxy,2025,first-paper proxy,2026-09-05T03:47:19+00:00,3,pi_b81dba2e41fd5de698f831f42a08a199,unified-papers,unreviewed,,unreviewed roster label,,unknown,Cellular and molecular neuroscience; Motor systems; Neural circuits and behavior,Connectomics; Imaging and microscopy; MRI and neuroimaging,,unknown,Human; Mouse; Nonhuman primates,,,not yet curated,,,0,,"The registry preserves this identity, but independent source evidence is still needed. | This institution is a historical roster label, not a sourced current appointment. | Lab model organisms are not yet source-backed; article-species mentions do not establish a lab model. | Selected scientific contributions have not yet been source-curated; this is not absence of contributions.",,unknown,0,0,0,0,1,0,0,0,0,0
Daniel Yoshor,candidate (career TBD),Baylor College of Medicine; University of Pennsylvania,neuroscience,,1,0.1,1,2016;2017;2018;2019;2021;2022;2023;2024;2025,0,0,6,,2006,established,unified_pubmed(full-name/affiliation-or-ORCID),last-author proxy,2025,first-paper proxy,2026-09-05T03:48:14+00:00,3,pi_11df1a382cf9566fa53b774d35bd1f68,unified-papers,unreviewed,,unreviewed roster label,,unknown,Sensory systems,,,unknown,Human,,,not yet curated,,,0,,"The registry preserves this identity, but independent source evidence is still needed. | This institution is a historical roster label, not a sourced current appointment. | Lab model organisms are not yet source-backed; article-species mentions do not establish a lab model. | Selected scientific contributions have not yet been source-curated; this is not absence of contributions.",,unknown,0,0,0,0,1,0,0,0,0,0
Mark Tuszynski,non-HHMI (low-CNS),"University of California, San Diego",neuroscience,,1,0.1,1,2016;2017;2018;2019;2021;2022;2023;2024;2025,0,0,8,,2005,established,unified_pubmed(full-name/affiliation-or-ORCID),last-author proxy,2025,first-paper proxy,2026-09-05T03:48:32+00:00,3,pi_f0f35496c26d553f98adcc2c944872da,unified-papers,unreviewed,,unreviewed roster label,,unknown,Cellular and molecular neuroscience; Glia and neuroimmunology; Learning and memory; Neurodegeneration and aging; Sensory systems,Imaging and microscopy; MRI and neuroimaging; Organoids and stem-cell models; Sequencing and transcriptomics,,unknown,Mouse; Nonhuman primates; Rat,,,not yet curated,,,2,,"The registry preserves this identity, but independent source evidence is still needed. | This institution is a historical roster label, not a sourced current appointment. | Lab model organisms are not yet source-backed; article-species mentions do not establish a lab model. | Selected scientific contributions have not yet been source-curated; this is not absence of contributions. | 2 candidate papers remain unresolved and are not included in totals.",,unknown,0,0,0,0,1,0,0,0,0,0
Sheng Zhong,non-HHMI (low-CNS),"University of California, San Diego",neuroscience,,1,0.1,1,2016;2017;2018;2019;2020;2021;2022;2023;2025,0,0,12,,2013,established,unified_pubmed(full-name/affiliation-or-ORCID),last-author proxy,2025,first-paper proxy,2026-09-05T03:48:33+00:00,3,pi_1437e61fe85351f0bee7b9b18c21b235,unified-papers,unreviewed,,unreviewed roster label,,unknown,Cellular and molecular neuroscience; Computation and cognition; Neurodegeneration and aging; Sensory systems,Sequencing and transcriptomics,,unknown,Human; Mouse,,,not yet curated,,,1,,"The registry preserves this identity, but independent source evidence is still needed. | This institution is a historical roster label, not a sourced current appointment. | Lab model organisms are not yet source-backed; article-species mentions do not establish a lab model. | Selected scientific contributions have not yet been source-curated; this is not absence of contributions. | 1 candidate papers remain unresolved and are not included in totals.",,unknown,0,0,0,0,0,0,0,0,1,0
Xin Sun,candidate (career TBD),"University of California, San Diego",neuroscience,,1,0.1,1,2016;2017;2018;2019;2020;2021;2022;2023;2025,0,0,6,,,unknown,unified_pubmed(full-name/affiliation-or-ORCID),last-author proxy,2025,,2026-09-05T03:48:35+00:00,3,pi_eca5954b0d8852a0b8fd90c61e9c05bb,unified-papers,unreviewed,,unreviewed roster label,,unknown,Glia and neuroimmunology; Sensory systems,Organoids and stem-cell models,,unknown,Mouse,,,not yet curated,,,0,,"The registry preserves this identity, but independent source evidence is still needed. | This institution is a historical roster label, not a sourced current appointment. | Lab model organisms are not yet source-backed; article-species mentions do not establish a lab model. | Selected scientific contributions have not yet been source-curated; this is not absence of contributions. | Excluded 1 different-given-name candidates; review aliases if any exclusion is unexpected.",,unknown,0,0,0,0,0,0,0,0,1,0
Jeremy Rich,rising-star,"University of California, San Diego",neuroscience,,1,0.1,1,2016;2018;2019;2020;2021;2022;2023;2024;2025,0,0,4,,2017,early (<=10y),unified_pubmed(full-name/affiliation-or-ORCID),last-author proxy,2025,first-paper proxy,2026-09-05T03:48:39+00:00,3,pi_7d5c642791ed53e0b23ee0bf4b769c08,unified-papers,unreviewed,,unreviewed roster label,,unknown,,Organoids and stem-cell models,,unknown,Mouse,,,not yet curated,,,0,,"The registry preserves this identity, but independent source evidence is still needed. | This institution is a historical roster label, not a sourced current appointment. | Lab model organisms are not yet source-backed; article-species mentions do not establish a lab model. | Selected scientific contributions have not yet been source-curated; this is not absence of contributions.",,unknown,0,1,0,0,0,0,0,0,0,0
Debra Silver,non-HHMI,Duke University,neuroscience,,1,0.1,1,2016;2017;2018;2019;2020;2021;2022;2023;2024,2,1,22,,2008,rising (<=6y),unified_pubmed(full-name/affiliation-or-ORCID),last-author proxy,2025,ORCID employment (unverified),2026-09-05T03:49:39+00:00,3,pi_8b677c9ababf52388c10af94241d5d7d,unified-papers,unreviewed,,unreviewed roster label,,unknown,Cellular and molecular neuroscience; Development; Glia and neuroimmunology; Motor systems,Imaging and microscopy; Organoids and stem-cell models; Sequencing and transcriptomics,,unknown,Human; Mouse,,,not yet curated,,,1,,"ORCID employment is a career proxy, not a verified independent-lab start. | The registry preserves this identity, but independent source evidence is still needed. | This institution is a historical roster label, not a sourced current appointment. | Lab model organisms are not yet source-backed; article-species mentions do not establish a lab model. | Selected scientific contributions have not yet been source-curated; this is not absence of contributions. | 1 candidate papers remain unresolved and are not included in totals. | Excluded 1 different-given-name candidates; review aliases if any exclusion is unexpected.",,unknown,0,0,0,0,0,0,0,0,0,1
David Gutmann,candidate (career TBD),Washington University in St. Louis,neuroscience,,1,0.1,1,2016;2017;2018;2019;2020;2022;2023;2024;2025,1,0,71,,2005,established,unified_pubmed(full-name/affiliation-or-ORCID),last-author proxy,2025,first-paper proxy,2026-09-05T03:49:48+00:00,3,pi_ebe2fcc60979528b82add3a7c45d3a97,unified-papers,unreviewed,,unreviewed roster label,,unknown,Cellular and molecular neuroscience; Development; Glia and neuroimmunology; Motor systems; Neurodegeneration and aging; Sensory systems; Sleep and circadian rhythms,Electrophysiology; Imaging and microscopy; MRI and neuroimaging; Organoids and stem-cell models; Sequencing and transcriptomics,,unknown,Human; Mouse; Rat,,,not yet curated,,,3,,"The registry preserves this identity, but independent source evidence is still needed. | This institution is a historical roster label, not a sourced current appointment. | Lab model organisms are not yet source-backed; article-species mentions do not establish a lab model. | Selected scientific contributions have not yet been source-curated; this is not absence of contributions. | 3 candidate papers remain unresolved and are not included in totals.",,unknown,0,0,0,0,0,1,0,0,0,0
Denise Cai,candidate (career TBD),Icahn School of Medicine at Mount Sinai,neuroscience,"Klingenstein-Simons, NIH DP2",1,0.1,1,2016;2017;2018;2019;2020;2021;2022;2023;2025,0,2,11,,2012,established,unified_pubmed(full-name/affiliation-or-ORCID),last-author proxy,2025,first-paper proxy,2026-09-05T03:49:56+00:00,3,pi_47b9e13d2aab56caa2beb0863a27f4b1,unified-papers,unreviewed,,unreviewed roster label,,unknown,Cellular and molecular neuroscience; Development; Learning and memory; Neural circuits and behavior; Sleep and circadian rhythms,Calcium imaging; Electrophysiology; Imaging and microscopy,,unknown,Mouse; Rat,,,not yet curated,,,0,,"The registry preserves this identity, but independent source evidence is still needed. | This institution is a historical roster label, not a sourced current appointment. | Lab model organisms are not yet source-backed; article-species mentions do not establish a lab model. | Selected scientific contributions have not yet been source-curated; this is not absence of contributions. | Excluded 10 different-given-name candidates; review aliases if any exclusion is unexpected.",,unknown,0,0,0,0,0,0,0,0,1,0
Justin Ichida,rising-star,University of Southern California,neuroscience,,1,0.1,1,2016;2017;2018;2019;2020;2021;2022;2024;2025,1,0,8,,2015,early (<=10y),unified_pubmed(full-name/affiliation-or-ORCID),last-author proxy,2025,first-paper proxy,2026-09-05T03:50:15+00:00,3,pi_dbff60a774d6547196853113b51cdad7,unified-papers,unreviewed,,unreviewed roster label,,unknown,Neurodegeneration and aging,Organoids and stem-cell models; Sequencing and transcriptomics,,unknown,Human; Mouse,,,not yet curated,,,1,,"The registry preserves this identity, but independent source evidence is still needed. | This institution is a historical roster label, not a sourced current appointment. | Lab model organisms are not yet source-backed; article-species mentions do not establish a lab model. | Selected scientific contributions have not yet been source-curated; this is not absence of contributions. | 1 candidate papers remain unresolved and are not included in totals.",,unknown,0,0,0,0,0,0,0,1,0,0
Len Pennacchio,non-HHMI (low-CNS),"University of California, Berkeley",neuroscience,,1,0.1,1,2016;2017;2018;2020;2021;2022;2023;2024;2025,0,0,0,,2005,established,unified_pubmed(full-name/affiliation-or-ORCID),last-author proxy,2025,ORCID employment (unverified),2026-09-05T03:50:28+00:00,3,pi_2ae199b1bcd0596ab1a222475e7f2864,unified-papers,unreviewed,,unreviewed roster label,,unknown,Cellular and molecular neuroscience,Sequencing and transcriptomics,,unknown,Mouse,,,not yet curated,,,0,,"ORCID employment is a career proxy, not a verified independent-lab start. | The registry preserves this identity, but independent source evidence is still needed. | This institution is a historical roster label, not a sourced current appointment. | Lab model organisms are not yet source-backed; article-species mentions do not establish a lab model. | Selected scientific contributions have not yet been source-curated; this is not absence of contributions.",,unknown,0,0,0,1,0,0,0,0,0,0
Craig Powell,candidate (career TBD),University of Texas Southwestern Medical Center,neuroscience,,1,0.1,1,2016;2018;2019;2020;2021;2022;2023;2024;2025,0,0,2,,2006,established,unified_pubmed(full-name/affiliation-or-ORCID),last-author proxy,2025,ORCID employment (unverified),2026-09-05T03:50:41+00:00,3,pi_816662aafa7a5c4fbf674fb5be2d18ee,unified-papers,unreviewed,,unreviewed roster label,,unknown,Cellular and molecular neuroscience; Development; Learning and memory; Neural circuits and behavior,,,unknown,Mouse; Zebrafish,,,not yet curated,,,2,,"ORCID employment is a career proxy, not a verified independent-lab start. | The registry preserves this identity, but independent source evidence is still needed. | This institution is a historical roster label, not a sourced current appointment. | Lab model organisms are not yet source-backed; article-species mentions do not establish a lab model. | Selected scientific contributions have not yet been source-curated; this is not absence of contributions. | 2 candidate papers remain unresolved and are not included in totals.",,unknown,0,1,0,0,0,0,0,0,0,0
Jeffrey Iliff,rising-star,University of Washington,neuroscience,,1,0.1,1,2016;2017;2018;2019;2020;2021;2022;2023;2024,0,0,10,,2019,rising (<=6y),unified_pubmed(full-name/affiliation-or-ORCID),last-author proxy,2025,first-paper proxy,2026-09-05T03:50:43+00:00,3,pi_164ea0d14ddc5f4b85baa4da60570323,unified-papers,unreviewed,,unreviewed roster label,,unknown,Glia and neuroimmunology; Neurodegeneration and aging; Sleep and circadian rhythms,Imaging and microscopy; MRI and neuroimaging,,unknown,Human; Mouse,,,not yet curated,,,1,,"The registry preserves this identity, but independent source evidence is still needed. | This institution is a historical roster label, not a sourced current appointment. | Lab model organisms are not yet source-backed; article-species mentions do not establish a lab model. | Selected scientific contributions have not yet been source-curated; this is not absence of contributions. | 1 candidate papers remain unresolved and are not included in totals.",,unknown,0,0,0,0,0,0,0,0,0,1
Jonathan Pillow,candidate (career TBD),Princeton University,neuroscience,,1,0.1,1,2016;2017;2018;2019;2020;2021;2022;2023;2025,4,3,33,,2014,established,unified_pubmed(full-name/affiliation-or-ORCID),last-author proxy,2025,ORCID employment (unverified),2026-09-05T03:50:47+00:00,3,pi_203a3e366ddd5fe8b49f4bcea127cf66,unified-papers,unreviewed,,unreviewed roster label,,unknown,Cellular and molecular neuroscience; Computation and cognition; Learning and memory; Motor systems; Neural circuits and behavior; Sensory systems,Computational modeling; Connectomics; Imaging and microscopy; MRI and neuroimaging; Optogenetics,,unknown,Drosophila; Human; Mouse; Nonhuman primates; Rat,,,not yet curated,,,0,,"ORCID employment is a career proxy, not a verified independent-lab start. | The registry preserves this identity, but independent source evidence is still needed. | This institution is a historical roster label, not a sourced current appointment. | Lab model organisms are not yet source-backed; article-species mentions do not establish a lab model. | Selected scientific contributions have not yet been source-curated; this is not absence of contributions.",,unknown,0,0,0,0,0,0,0,0,1,0
Caroline Sokol,rising-star,Harvard Medical School,neuroscience,,1,0.1,1,2016;2017;2018;2019;2020;2021;2022;2023;2025,0,0,11,,2020,rising (<=6y),unified_pubmed(full-name/affiliation-or-ORCID),last-author proxy,2025,first-paper proxy,2026-09-05T03:50:53+00:00,3,pi_3c65a9cf1246535290de5e321ec360e8,unified-papers,unreviewed,,unreviewed roster label,,unknown,Cellular and molecular neuroscience; Glia and neuroimmunology; Motor systems; Sensory systems,,,unknown,Mouse,,,not yet curated,,,0,,"The registry preserves this identity, but independent source evidence is still needed. | This institution is a historical roster label, not a sourced current appointment. | Lab model organisms are not yet source-backed; article-species mentions do not establish a lab model. | Selected scientific contributions have not yet been source-curated; this is not absence of contributions.",,unknown,0,0,0,0,0,0,0,0,1,0
Lisa Goodrich,non-HHMI (low-CNS),Harvard Medical School,neuroscience,,1,0.1,1,2016;2017;2019;2020;2021;2022;2023;2024;2025,0,2,11,,2005,established,unified_pubmed(full-name/affiliation-or-ORCID),last-author proxy,2025,first-paper proxy,2026-09-05T03:51:07+00:00,3,pi_7cc2e5849e805aaa9d163f4dd2f24565,unified-papers,unreviewed,,unreviewed roster label,,unknown,Cellular and molecular neuroscience; Computation and cognition; Development; Learning and memory; Motor systems; Neural circuits and behavior; Sensory systems,Computational modeling; Imaging and microscopy; Organoids and stem-cell models; Sequencing and transcriptomics,,unknown,Mouse,,,not yet curated,,,1,,"The registry preserves this identity, but independent source evidence is still needed. | This institution is a historical roster label, not a sourced current appointment. | Lab model organisms are not yet source-backed; article-species mentions do not establish a lab model. | Selected scientific contributions have not yet been source-curated; this is not absence of contributions. | 1 candidate papers remain unresolved and are not included in totals.",,unknown,0,0,1,0,0,0,0,0,0,0
Pasko Rakic,candidate (career TBD),Yale University,neuroscience,,1,0.1,1,2016;2017;2018;2019;2020;2021;2022;2024;2025,0,0,19,,2005,established,unified_pubmed(full-name/affiliation-or-ORCID),last-author proxy,2025,ORCID employment (unverified),2026-09-05T03:51:28+00:00,3,pi_52bb7fae215f51df95efc2513e755156,unified-papers,unreviewed,,unreviewed roster label,,unknown,Cellular and molecular neuroscience; Development; Glia and neuroimmunology; Learning and memory; Motor systems,Calcium imaging; Connectomics; Imaging and microscopy; Organoids and stem-cell models,,unknown,Drosophila; Human; Mouse; Nonhuman primates; Rat,,,not yet curated,,,0,,"ORCID employment is a career proxy, not a verified independent-lab start. | The registry preserves this identity, but independent source evidence is still needed. | This institution is a historical roster label, not a sourced current appointment. | Lab model organisms are not yet source-backed; article-species mentions do not establish a lab model. | Selected scientific contributions have not yet been source-curated; this is not absence of contributions.",,unknown,0,0,0,0,0,0,0,1,0,0
Sabrina Diano,candidate (career TBD),Yale University,neuroscience,,1,0.1,1,2017;2018;2019;2020;2021;2022;2023;2024;2025,0,1,8,,2005,established,unified_pubmed(full-name/affiliation-or-ORCID),last-author proxy,2025,ORCID employment (unverified),2026-09-05T03:51:31+00:00,3,pi_2cc87f0a89b351ecb16581653fb84af5,unified-papers,unreviewed,,unreviewed roster label,,unknown,Cellular and molecular neuroscience; Glia and neuroimmunology; Learning and memory; Neural circuits and behavior,,,unknown,Mouse,,,not yet curated,,,3,,"ORCID employment is a career proxy, not a verified independent-lab start. | The registry preserves this identity, but independent source evidence is still needed. | This institution is a historical roster label, not a sourced current appointment. | Lab model organisms are not yet source-backed; article-species mentions do not establish a lab model. | Selected scientific contributions have not yet been source-curated; this is not absence of contributions. | 3 candidate papers remain unresolved and are not included in totals.",,unknown,1,0,0,0,0,0,0,0,0,0
Roozbeh Kiani,early-career awardee,New York University,neuroscience (awardee),"McKnight Scholar, Pew Biomedical",1,0.1,1,2016;2017;2018;2019;2020;2022;2023;2024;2025,2,1,12,,2016,early (<=10y),unified_pubmed(full-name/affiliation-or-ORCID),last-author proxy,2025,first-paper proxy,2026-09-05T03:51:34+00:00,3,pi_49b65afd69e55f5f869f710455a71452,unified-papers,unreviewed,,unreviewed roster label,,unknown,Computation and cognition; Learning and memory; Motor systems; Neural circuits and behavior; Neurodegeneration and aging; Sensory systems,Computational modeling; Electrophysiology; Imaging and microscopy; MRI and neuroimaging,,unknown,Human; Nonhuman primates,,,not yet curated,,,1,https://www.mcknight.org/programs/the-mcknight-endowment-fund-for-neuroscience/scholar-awards/awardees/,"The registry preserves this identity, but independent source evidence is still needed. | This institution is a historical roster label, not a sourced current appointment. | Lab model organisms are not yet source-backed; article-species mentions do not establish a lab model. | Selected scientific contributions have not yet been source-curated; this is not absence of contributions. | 1 candidate papers remain unresolved and are not included in totals. | Excluded 1 different-given-name candidates; review aliases if any exclusion is unexpected.",,unknown,0,0,0,0,0,1,0,0,0,0
Stephen Brohawn,early-career awardee,"University of California, Berkeley",neuroscience (awardee),"Klingenstein-Simons, McKnight Scholar, NIH DP2",1,0.1,1,2016;2017;2018;2019;2021;2022;2023;2024;2025,1,1,8,,2018,early (<=10y),unified_pubmed(full-name/affiliation-or-ORCID),last-author proxy,2025,first-paper proxy,2026-09-05T03:51:41+00:00,3,pi_be10b9aeb5e157309540bccc39016e25,unified-papers,unreviewed,,unreviewed roster label,,unknown,Cellular and molecular neuroscience,Electrophysiology; Imaging and microscopy; Optogenetics,,unknown,Human; Mouse,,,not yet curated,,,0,https://www.mcknight.org/programs/the-mcknight-endowment-fund-for-neuroscience/scholar-awards/awardees/,"The registry preserves this identity, but independent source evidence is still needed. | This institution is a historical roster label, not a sourced current appointment. | Lab model organisms are not yet source-backed; article-species mentions do not establish a lab model. | Selected scientific contributions have not yet been source-curated; this is not absence of contributions.",,unknown,0,0,0,0,1,0,0,0,0,0
Eiman Azim,early-career awardee,Salk Institute for Biological Studies,neuroscience (awardee),"McKnight Scholar, NIH DP2, Pew Biomedical, Searle Scholar",1,0.1,1,2016;2017;2018;2019;2020;2022;2023;2024;2025,0,0,3,,2018,early (<=10y),unified_pubmed(full-name/affiliation-or-ORCID),last-author proxy,2025,first-paper proxy,2026-09-05T03:51:47+00:00,3,pi_923aaf00f8355fd5aaa092d5e3395cc4,unified-papers,unreviewed,,unreviewed roster label,,unknown,Motor systems; Sensory systems,Imaging and microscopy; Optogenetics,,unknown,Mouse,,,not yet curated,,,0,,"The registry preserves this identity, but independent source evidence is still needed. | This institution is a historical roster label, not a sourced current appointment. | Lab model organisms are not yet source-backed; article-species mentions do not establish a lab model. | Selected scientific contributions have not yet been source-curated; this is not absence of contributions.",,unknown,0,0,0,0,0,1,0,0,0,0
Jayeeta Basu,early-career awardee,New York University,neuroscience (awardee),"Klingenstein-Simons, McKnight Scholar",1,0.1,1,2016;2017;2018;2019;2020;2021;2022;2023;2024,1,0,7,,2017,early (<=10y),unified_pubmed(full-name/affiliation-or-ORCID),last-author proxy,2025,first-paper proxy,2026-09-05T03:51:54+00:00,3,pi_feae23f8b7265f2e91888a14d47a9bb9,unified-papers,unreviewed,,unreviewed roster label,,unknown,Computation and cognition; Learning and memory; Neural circuits and behavior; Neurodegeneration and aging,Computational modeling; Electrophysiology; Imaging and microscopy; Optogenetics,,unknown,Mouse,,,not yet curated,,,0,https://www.mcknight.org/programs/the-mcknight-endowment-fund-for-neuroscience/scholar-awards/awardees/,"The registry preserves this identity, but independent source evidence is still needed. | This institution is a historical roster label, not a sourced current appointment. | Lab model organisms are not yet source-backed; article-species mentions do not establish a lab model. | Selected scientific contributions have not yet been source-curated; this is not absence of contributions.",,unknown,0,0,0,0,0,0,0,0,0,1
Juan Du,early-career awardee,Van Andel Research Institute,neuroscience (awardee),"Klingenstein-Simons, McKnight Scholar, Pew Biomedical",1,0.1,1,2016;2017;2019;2020;2021;2022;2023;2024;2025,0,1,4,,2018,early (<=10y),unified_pubmed(full-name/affiliation-or-ORCID),last-author proxy,2025,first-paper proxy,2026-09-05T03:51:56+00:00,3,pi_544a8dc699b956edab4091be37c5bab9,unified-papers,unreviewed,,unreviewed roster label,,unknown,Cellular and molecular neuroscience; Neurodegeneration and aging,Imaging and microscopy,,unknown,Human; Zebrafish,,,not yet curated,,,0,https://www.mcknight.org/programs/the-mcknight-endowment-fund-for-neuroscience/scholar-awards/awardees/,"The registry preserves this identity, but independent source evidence is still needed. | This institution is a historical roster label, not a sourced current appointment. | Lab model organisms are not yet source-backed; article-species mentions do not establish a lab model. | Selected scientific contributions have not yet been source-curated; this is not absence of contributions.",,unknown,0,0,1,0,0,0,0,0,0,0
Zhaozhu Qiu,early-career awardee,Johns Hopkins University,neuroscience (awardee),"Klingenstein-Simons, McKnight Scholar",1,0.1,1,2016;2017;2018;2020;2021;2022;2023;2024;2025,2,2,17,,2018,early (<=10y),unified_pubmed(full-name/affiliation-or-ORCID),last-author proxy,2025,first-paper proxy,2026-09-05T03:52:06+00:00,3,pi_254599fae1d95bc49eb965c11515e037,unified-papers,unreviewed,,unreviewed roster label,,unknown,Cellular and molecular neuroscience; Computation and cognition; Glia and neuroimmunology; Learning and memory,Electrophysiology; Imaging and microscopy,,unknown,Human; Mouse; Rat; Zebrafish,,,not yet curated,,,0,,"The registry preserves this identity, but independent source evidence is still needed. | This institution is a historical roster label, not a sourced current appointment. | Lab model organisms are not yet source-backed; article-species mentions do not establish a lab model. | Selected scientific contributions have not yet been source-curated; this is not absence of contributions.",,unknown,0,0,0,1,0,0,0,0,0,0
Daniel Wacker,early-career awardee,Icahn School of Medicine at Mount Sinai,neuroscience (awardee),McKnight Scholar,1,0.1,1,2016;2017;2018;2019;2020;2021;2022;2023;2025,0,0,6,,2020,rising (<=6y),unified_pubmed(full-name/affiliation-or-ORCID),last-author proxy,2025,first-paper proxy,2026-09-05T03:52:08+00:00,3,pi_c913697611e25a288e7f568503fc2cb8,unified-papers,unreviewed,,unreviewed roster label,,unknown,Cellular and molecular neuroscience,Imaging and microscopy,,unknown,Human; Mouse,,,not yet curated,,,0,,"The registry preserves this identity, but independent source evidence is still needed. | This institution is a historical roster label, not a sourced current appointment. | Lab model organisms are not yet source-backed; article-species mentions do not establish a lab model. | Selected scientific contributions have not yet been source-curated; this is not absence of contributions.",,unknown,0,0,0,0,0,0,0,0,1,0
Lauren Orefice,early-career awardee,Massachusetts General Hospital,neuroscience (awardee),"Klingenstein-Simons, McKnight Scholar, Pew Biomedical, Searle Scholar",1,0.1,1,2016;2017;2018;2020;2021;2022;2023;2024;2025,0,0,1,,2019,rising (<=6y),unified_pubmed(full-name/affiliation-or-ORCID),last-author proxy,2025,first-paper proxy,2026-09-05T03:52:26+00:00,3,pi_f1fc638d05065e9d884aee689644d6de,unified-papers,unreviewed,,unreviewed roster label,,unknown,Neural circuits and behavior; Sensory systems,,,unknown,Mouse,,,not yet curated,,,0,https://www.mcknight.org/programs/the-mcknight-endowment-fund-for-neuroscience/scholar-awards/awardees/,"The registry preserves this identity, but independent source evidence is still needed. | This institution is a historical roster label, not a sourced current appointment. | Lab model organisms are not yet source-backed; article-species mentions do not establish a lab model. | Selected scientific contributions have not yet been source-curated; this is not absence of contributions.",,unknown,0,0,0,1,0,0,0,0,0,0
Ishmail Abdus-Saboor,early-career awardee,Columbia University,neuroscience (awardee),"McKnight Scholar, NIH DP2, Pew Biomedical",1,0.1,1,2016;2017;2018;2019;2020;2021;2022;2024;2025,0,1,4,,2022,rising (<=6y),unified_pubmed(full-name/affiliation-or-ORCID),last-author proxy,2025,first-paper proxy,2026-09-05T03:52:31+00:00,3,pi_77d1b129794e50b68cede0fd6ea83050,unified-papers,unreviewed,,unreviewed roster label,,unknown,Neural circuits and behavior; Sensory systems,Optogenetics; Sequencing and transcriptomics,,unknown,Mouse; Rat,,,not yet curated,,,0,https://www.mcknight.org/programs/the-mcknight-endowment-fund-for-neuroscience/scholar-awards/awardees/,"The registry preserves this identity, but independent source evidence is still needed. | This institution is a historical roster label, not a sourced current appointment. | Lab model organisms are not yet source-backed; article-species mentions do not establish a lab model. | Selected scientific contributions have not yet been source-curated; this is not absence of contributions.",,unknown,0,0,0,0,0,0,0,1,0,0
Vikram Gadagkar,early-career awardee,Columbia University,neuroscience (awardee),"Klingenstein-Simons, McKnight Scholar, NIH DP2, Searle Scholar",1,0.1,1,2016;2017;2018;2019;2020;2021;2022;2023;2024,0,0,1,,2022,rising (<=6y),unified_pubmed(full-name/affiliation-or-ORCID),last-author proxy,2025,first-paper proxy,2026-09-05T03:52:33+00:00,3,pi_de2fa92256655bc9b461097261933c56,unified-papers,unreviewed,,unreviewed roster label,,unknown,Learning and memory; Motor systems; Neural circuits and behavior,,,unknown,,,,not yet curated,,,0,https://www.mcknight.org/programs/the-mcknight-endowment-fund-for-neuroscience/scholar-awards/awardees/,"The registry preserves this identity, but independent source evidence is still needed. | This institution is a historical roster label, not a sourced current appointment. | Lab model organisms are not yet source-backed; article-species mentions do not establish a lab model. | Selected scientific contributions have not yet been source-curated; this is not absence of contributions.",,unknown,0,0,0,0,0,0,0,0,0,1
Hidehiko Inagaki,early-career awardee,Max Planck Florida Institute for Neuroscience,neuroscience (awardee),"Klingenstein-Simons, McKnight Scholar, NIH DP2, Searle Scholar",1,0.1,1,2016;2017;2018;2019;2020;2021;2022;2023;2024,0,0,0,,2023,rising (<=6y),unified_pubmed(full-name/affiliation-or-ORCID),last-author proxy,2025,first-paper proxy,2026-09-05T03:52:35+00:00,3,pi_13da8a9fb58659758c70ede2a040d493,unified-papers,unreviewed,,unreviewed roster label,,unknown,Motor systems,,,unknown,Mouse,,,not yet curated,,,0,https://www.mcknight.org/programs/the-mcknight-endowment-fund-for-neuroscience/scholar-awards/awardees/,"The registry preserves this identity, but independent source evidence is still needed. | This institution is a historical roster label, not a sourced current appointment. | Lab model organisms are not yet source-backed; article-species mentions do not establish a lab model. | Selected scientific contributions have not yet been source-curated; this is not absence of contributions.",,unknown,0,0,0,0,0,0,0,0,0,1
Annegret Falkner,early-career awardee,Princeton University,neuroscience (awardee),"Klingenstein-Simons, McKnight Scholar, NIH DP2",1,0.1,1,2016;2017;2018;2019;2020;2021;2023;2024;2025,1,0,5,,2021,rising (<=6y),unified_pubmed(full-name/affiliation-or-ORCID),last-author proxy,2025,first-paper proxy,2026-09-05T03:52:42+00:00,3,pi_e0374519459f5469b8f8164800703474,unified-papers,unreviewed,,unreviewed roster label,,unknown,Computation and cognition; Neural circuits and behavior,Optogenetics,,unknown,Mouse,,,not yet curated,,,0,https://www.mcknight.org/programs/the-mcknight-endowment-fund-for-neuroscience/scholar-awards/awardees/,"The registry preserves this identity, but independent source evidence is still needed. | This institution is a historical roster label, not a sourced current appointment. | Lab model organisms are not yet source-backed; article-species mentions do not establish a lab model. | Selected scientific contributions have not yet been source-curated; this is not absence of contributions.",,unknown,0,0,0,0,0,0,1,0,0,0
Xin Jin,early-career awardee,Scripps Research,neuroscience (awardee),"Klingenstein-Simons, McKnight Scholar, Pew Biomedical",1,0.1,1,2016;2017;2018;2019;2020;2021;2022;2023;2025,0,0,4,,2023,rising (<=6y),unified_pubmed(full-name/affiliation-or-ORCID),last-author proxy,2025,first-paper proxy,2026-09-05T03:52:47+00:00,3,pi_bbe175c00caa5032a572dc351ae66fdc,unified-papers,unreviewed,,unreviewed roster label,,unknown,Cellular and molecular neuroscience; Development,Sequencing and transcriptomics,,unknown,Mouse,,,not yet curated,,,0,https://www.mcknight.org/programs/the-mcknight-endowment-fund-for-neuroscience/scholar-awards/awardees/,"The registry preserves this identity, but independent source evidence is still needed. | This institution is a historical roster label, not a sourced current appointment. | Lab model organisms are not yet source-backed; article-species mentions do not establish a lab model. | Selected scientific contributions have not yet been source-curated; this is not absence of contributions.",,unknown,0,0,0,0,0,0,0,0,1,0
Sung Soo Kim,early-career awardee,"University of California, Santa Barbara",neuroscience (awardee),"Klingenstein-Simons, McKnight Scholar, Searle Scholar",1,0.1,1,2016;2017;2018;2019;2020;2021;2022;2023;2025,0,0,1,,,unknown,unified_pubmed(full-name/affiliation-or-ORCID),last-author proxy,2025,,2026-09-05T03:52:51+00:00,3,pi_0b4b960f326f5d6d826650e191a6114f,unified-papers,unreviewed,,unreviewed roster label,,unknown,Cellular and molecular neuroscience; Learning and memory; Neural circuits and behavior; Sensory systems,Connectomics; Imaging and microscopy,,unknown,Drosophila,,,not yet curated,,,0,https://www.mcknight.org/programs/the-mcknight-endowment-fund-for-neuroscience/scholar-awards/awardees/,"The registry preserves this identity, but independent source evidence is still needed. | This institution is a historical roster label, not a sourced current appointment. | Lab model organisms are not yet source-backed; article-species mentions do not establish a lab model. | Selected scientific contributions have not yet been source-curated; this is not absence of contributions. | Excluded 1 different-given-name candidates; review aliases if any exclusion is unexpected.",,unknown,0,0,0,0,0,0,0,0,1,0
Longzhi Tan,early-career awardee,Stanford University,neuroscience (awardee),McKnight Scholar,1,0.1,1,2016;2017;2018;2020;2021;2022;2023;2024;2025,0,0,2,,2019,rising (<=6y),unified_pubmed(full-name/affiliation-or-ORCID),last-author proxy,2025,first-paper proxy,2026-09-05T03:52:57+00:00,3,pi_c107e025f95f5e9b8c0c3fb6eee53ccd,unified-papers,unreviewed,,unreviewed roster label,,unknown,Cellular and molecular neuroscience,Sequencing and transcriptomics,,unknown,Mouse,,,not yet curated,,,0,https://www.mcknight.org/programs/the-mcknight-endowment-fund-for-neuroscience/scholar-awards/awardees/,"The registry preserves this identity, but independent source evidence is still needed. | This institution is a historical roster label, not a sourced current appointment. | Lab model organisms are not yet source-backed; article-species mentions do not establish a lab model. | Selected scientific contributions have not yet been source-curated; this is not absence of contributions.",,unknown,0,0,0,1,0,0,0,0,0,0
Josefina del Marmol,early-career awardee,Harvard Medical School,neuroscience (awardee),"McKnight Scholar, Pew Biomedical",1,0.1,1,2016;2017;2018;2019;2020;2021;2022;2023;2025,0,0,0,,,unknown,unified_pubmed(full-name/affiliation-or-ORCID),last-author proxy,2025,,2026-09-05T03:53:00+00:00,3,pi_5c40dbc8d1c1506eba150f15b8a2628b,unified-papers,unreviewed,,unreviewed roster label,,unknown,,Imaging and microscopy,,unknown,,,,not yet curated,,,0,https://www.mcknight.org/programs/the-mcknight-endowment-fund-for-neuroscience/scholar-awards/awardees/,"The registry preserves this identity, but independent source evidence is still needed. | This institution is a historical roster label, not a sourced current appointment. | Lab model organisms are not yet source-backed; article-species mentions do not establish a lab model. | Selected scientific contributions have not yet been source-curated; this is not absence of contributions.",,unknown,0,0,0,0,0,0,0,0,1,0
Evan Feinberg,early-career awardee,"University of California, San Francisco",neuroscience (awardee),Klingenstein-Simons,1,0.1,1,2016;2017;2018;2019;2020;2021;2022;2024;2025,0,0,2,,2012,established,unified_pubmed(full-name/affiliation-or-ORCID),last-author proxy,2025,first-paper proxy,2026-09-05T03:53:13+00:00,3,pi_c521d31085a8556397a4c50549a01b5d,unified-papers,unreviewed,,unreviewed roster label,,unknown,Motor systems,Optogenetics; Sequencing and transcriptomics,,unknown,Mouse,,,not yet curated,,,0,,"The registry preserves this identity, but independent source evidence is still needed. | This institution is a historical roster label, not a sourced current appointment. | Lab model organisms are not yet source-backed; article-species mentions do not establish a lab model. | Selected scientific contributions have not yet been source-curated; this is not absence of contributions. | Excluded 3 different-given-name candidates; review aliases if any exclusion is unexpected.",,unknown,0,0,0,0,0,0,0,1,0,0
Tiffany Schmidt,early-career awardee,Northwestern University,neuroscience (awardee),Klingenstein-Simons,1,0.1,1,2016;2017;2018;2019;2021;2022;2023;2024;2025,1,3,15,,2016,early (<=10y),unified_pubmed(full-name/affiliation-or-ORCID),last-author proxy,2025,first-paper proxy,2026-09-05T03:53:20+00:00,3,pi_0574addb521a58ac8dd8fd8cbaa34fa0,unified-papers,unreviewed,,unreviewed roster label,,unknown,Cellular and molecular neuroscience; Computation and cognition; Neural circuits and behavior; Sensory systems; Sleep and circadian rhythms,Electrophysiology; Imaging and microscopy,,unknown,Mouse; Rat,,,not yet curated,,,0,,"The registry preserves this identity, but independent source evidence is still needed. | This institution is a historical roster label, not a sourced current appointment. | Lab model organisms are not yet source-backed; article-species mentions do not establish a lab model. | Selected scientific contributions have not yet been source-curated; this is not absence of contributions.",,unknown,0,0,0,0,1,0,0,0,0,0
Benjamin de Bivort,early-career awardee,Harvard University,neuroscience (awardee),Klingenstein-Simons,1,0.1,1,2016;2017;2019;2020;2021;2022;2023;2024;2025,0,3,15,,,unknown,unified_pubmed(full-name/affiliation-or-ORCID),last-author proxy,2025,,2026-09-05T03:53:26+00:00,3,pi_a1fa1a5122335b2f98e8b37119a15989,unified-papers,unreviewed,,unreviewed roster label,,unknown,Cellular and molecular neuroscience; Computation and cognition; Learning and memory; Motor systems; Neural circuits and behavior; Sensory systems; Sleep and circadian rhythms,Calcium imaging; Imaging and microscopy,,unknown,C. elegans; Drosophila,,,not yet curated,,,1,,"The registry preserves this identity, but independent source evidence is still needed. | This institution is a historical roster label, not a sourced current appointment. | Lab model organisms are not yet source-backed; article-species mentions do not establish a lab model. | Selected scientific contributions have not yet been source-curated; this is not absence of contributions. | 1 candidate papers remain unresolved and are not included in totals.",,unknown,0,0,1,0,0,0,0,0,0,0
Andres Bendesky,early-career awardee,Columbia University,neuroscience (awardee),"Klingenstein-Simons, Searle Scholar",1,0.1,1,2016;2017;2018;2019;2020;2021;2022;2023;2025,0,0,9,,2020,rising (<=6y),unified_pubmed(full-name/affiliation-or-ORCID),last-author proxy,2025,first-paper proxy,2026-09-05T03:53:41+00:00,3,pi_0cf0a580b8645d3699dcbbd755ac4d96,unified-papers,unreviewed,,unreviewed roster label,,unknown,Neural circuits and behavior; Sensory systems,,,unknown,Mouse,,,not yet curated,,,0,,"The registry preserves this identity, but independent source evidence is still needed. | This institution is a historical roster label, not a sourced current appointment. | Lab model organisms are not yet source-backed; article-species mentions do not establish a lab model. | Selected scientific contributions have not yet been source-curated; this is not absence of contributions.",,unknown,0,0,0,0,0,0,0,0,1,0
Xin Duan,early-career awardee,"University of California, San Francisco",neuroscience (awardee),Klingenstein-Simons,1,0.1,1,2016;2017;2018;2019;2020;2021;2022;2023;2025,2,0,5,,2009,established,unified_pubmed(full-name/affiliation-or-ORCID),last-author proxy,2025,first-paper proxy,2026-09-05T03:53:43+00:00,3,pi_c283083ef69854668670b8c77eb08656,unified-papers,unreviewed,,unreviewed roster label,,unknown,Cellular and molecular neuroscience; Motor systems; Neurodegeneration and aging; Sensory systems,Sequencing and transcriptomics,,unknown,Human; Mouse,,,not yet curated,,,1,,"The registry preserves this identity, but independent source evidence is still needed. | This institution is a historical roster label, not a sourced current appointment. | Lab model organisms are not yet source-backed; article-species mentions do not establish a lab model. | Selected scientific contributions have not yet been source-curated; this is not absence of contributions. | 1 candidate papers remain unresolved and are not included in totals.",,unknown,0,0,0,0,0,0,0,0,1,0
Simon Sponberg,early-career awardee,Georgia Institute of Technology,neuroscience (awardee),Klingenstein-Simons,1,0.1,1,2016;2017;2018;2019;2020;2021;2022;2024;2025,0,0,21,,2016,early (<=10y),unified_pubmed(full-name/affiliation-or-ORCID),last-author proxy,2025,first-paper proxy,2026-09-05T03:53:51+00:00,3,pi_ee00c4318e0b5bbaa2aed2683df7e022,unified-papers,unreviewed,,unreviewed roster label,,unknown,Computation and cognition; Glia and neuroimmunology; Motor systems; Neural circuits and behavior; Sensory systems,,,unknown,,,,not yet curated,,,0,,"The registry preserves this identity, but independent source evidence is still needed. | This institution is a historical roster label, not a sourced current appointment. | Lab model organisms are not yet source-backed; article-species mentions do not establish a lab model. | Selected scientific contributions have not yet been source-curated; this is not absence of contributions.",,unknown,0,0,0,0,0,0,0,1,0,0
Erica Korb,early-career awardee,University of Pennsylvania,neuroscience (awardee),"Klingenstein-Simons, NIH DP2",1,0.1,1,2016;2017;2018;2019;2020;2021;2023;2024;2025,0,0,8,,2019,rising (<=6y),unified_pubmed(full-name/affiliation-or-ORCID),last-author proxy,2025,first-paper proxy,2026-09-05T03:53:54+00:00,3,pi_15df8530b3045231aaa03f0c40b7ce1b,unified-papers,unreviewed,,unreviewed roster label,,unknown,Cellular and molecular neuroscience; Development; Glia and neuroimmunology; Learning and memory; Neurodegeneration and aging,Sequencing and transcriptomics,,unknown,Mouse,,,not yet curated,,,0,,"The registry preserves this identity, but independent source evidence is still needed. | This institution is a historical roster label, not a sourced current appointment. | Lab model organisms are not yet source-backed; article-species mentions do not establish a lab model. | Selected scientific contributions have not yet been source-curated; this is not absence of contributions.",,unknown,0,0,0,0,0,0,1,0,0,0
Mazen Kheirbek,early-career awardee,"University of California, San Francisco",neuroscience (awardee),"Klingenstein-Simons, Pew Biomedical",1,0.1,1,2016;2017;2018;2019;2020;2021;2022;2023;2025,8,0,11,,2016,early (<=10y),unified_pubmed(full-name/affiliation-or-ORCID),last-author proxy,2025,first-paper proxy,2026-09-05T03:54:00+00:00,3,pi_41a7387884c450ac9b8100c1b10e7f70,unified-papers,unreviewed,,unreviewed roster label,,unknown,Glia and neuroimmunology; Learning and memory; Sensory systems,Calcium imaging; Imaging and microscopy; Optogenetics,,unknown,Mouse,,,not yet curated,,,0,,"The registry preserves this identity, but independent source evidence is still needed. | This institution is a historical roster label, not a sourced current appointment. | Lab model organisms are not yet source-backed; article-species mentions do not establish a lab model. | Selected scientific contributions have not yet been source-curated; this is not absence of contributions.",,unknown,0,0,0,0,0,0,0,0,1,0
Francois St-Pierre,early-career awardee,Baylor College of Medicine,neuroscience (awardee),Klingenstein-Simons,1,0.1,1,2016;2017;2018;2019;2020;2021;2023;2024;2025,0,1,8,,2016,early (<=10y),unified_pubmed(full-name/affiliation-or-ORCID),last-author proxy,2025,first-paper proxy,2026-09-05T03:54:06+00:00,3,pi_4d5d044203e3551e89bb767d7af4dbcd,unified-papers,unreviewed,,unreviewed roster label,,unknown,Sensory systems; Sleep and circadian rhythms,Imaging and microscopy; Optogenetics,,unknown,Drosophila; Mouse; Rat,,,not yet curated,,,0,,"The registry preserves this identity, but independent source evidence is still needed. | This institution is a historical roster label, not a sourced current appointment. | Lab model organisms are not yet source-backed; article-species mentions do not establish a lab model. | Selected scientific contributions have not yet been source-curated; this is not absence of contributions.",,unknown,0,0,0,0,0,0,1,0,0,0
Aparna Bhaduri,early-career awardee,"University of California, Los Angeles",neuroscience (awardee),Klingenstein-Simons,1,0.1,1,2016;2017;2018;2019;2020;2021;2022;2024;2025,1,0,2,,2021,rising (<=6y),unified_pubmed(full-name/affiliation-or-ORCID),last-author proxy,2025,first-paper proxy,2026-09-05T03:54:21+00:00,3,pi_5bbe420fdeb5512f8d175eb425b1b865,unified-papers,unreviewed,,unreviewed roster label,,unknown,Development,,,unknown,Human; Mouse,,,not yet curated,,,0,,"The registry preserves this identity, but independent source evidence is still needed. | This institution is a historical roster label, not a sourced current appointment. | Lab model organisms are not yet source-backed; article-species mentions do not establish a lab model. | Selected scientific contributions have not yet been source-curated; this is not absence of contributions.",,unknown,0,0,0,0,0,0,0,1,0,0
Isha Jain,early-career awardee,Gladstone Institutes,neuroscience (awardee),Klingenstein-Simons,1,0.1,1,2016;2017;2018;2019;2020;2021;2022;2023;2024,0,0,4,,2022,rising (<=6y),unified_pubmed(full-name/affiliation-or-ORCID),last-author proxy,2025,first-paper proxy,2026-09-05T03:54:27+00:00,3,pi_e4f8c535adfc51d38635eccfc9e6b4b1,unified-papers,unreviewed,,unreviewed roster label,,unknown,,,,unknown,Mouse,,,not yet curated,,,0,,"The registry preserves this identity, but independent source evidence is still needed. | This institution is a historical roster label, not a sourced current appointment. | Lab model organisms are not yet source-backed; article-species mentions do not establish a lab model. | Selected scientific contributions have not yet been source-curated; this is not absence of contributions.",,unknown,0,0,0,0,0,0,0,0,0,1
Nicolas Tritsch,early-career awardee,New York University,neuroscience (awardee),Klingenstein-Simons,1,0.1,1,2016;2017;2018;2019;2020;2021;2022;2024;2025,2,1,6,,2021,rising (<=6y),unified_pubmed(full-name/affiliation-or-ORCID),last-author proxy,2025,first-paper proxy,2026-09-05T03:54:33+00:00,3,pi_6266b34be6bd52e9aa168e17f180c895,unified-papers,unreviewed,,unreviewed roster label,,unknown,Cellular and molecular neuroscience; Learning and memory; Motor systems; Neural circuits and behavior; Neurodegeneration and aging,,,unknown,Mouse,,,not yet curated,,,0,,"The registry preserves this identity, but independent source evidence is still needed. | This institution is a historical roster label, not a sourced current appointment. | Lab model organisms are not yet source-backed; article-species mentions do not establish a lab model. | Selected scientific contributions have not yet been source-curated; this is not absence of contributions.",,unknown,0,0,0,0,0,0,0,1,0,0
Antonio Fernandez-Ruiz,early-career awardee,Cornell University,neuroscience (awardee),"Klingenstein-Simons, Pew Biomedical",1,0.1,1,2016;2017;2018;2019;2020;2021;2022;2024;2025,2,0,2,,2021,rising (<=6y),unified_pubmed(full-name/affiliation-or-ORCID),last-author proxy,2025,first-paper proxy,2026-09-05T03:54:37+00:00,3,pi_0a1c945349b856e7a06d72bbf9f5b4df,unified-papers,unreviewed,,unreviewed roster label,,unknown,Learning and memory; Neural circuits and behavior; Sleep and circadian rhythms,Optogenetics,,unknown,Mouse; Rat,,,not yet curated,,,0,,"The registry preserves this identity, but independent source evidence is still needed. | This institution is a historical roster label, not a sourced current appointment. | Lab model organisms are not yet source-backed; article-species mentions do not establish a lab model. | Selected scientific contributions have not yet been source-curated; this is not absence of contributions.",,unknown,0,0,0,0,0,0,0,1,0,0
Meg Younger,early-career awardee,Boston University,neuroscience (awardee),"Klingenstein-Simons, NIH DP2, Pew Biomedical, Searle Scholar",1,0.1,1,2016;2017;2018;2019;2020;2021;2023;2024;2025,0,0,4,,2022,rising (<=6y),unified_pubmed(full-name/affiliation-or-ORCID),last-author proxy,2025,first-paper proxy,2026-09-05T03:54:46+00:00,3,pi_01a01ee01bba55e09a52f1cd022d9786,unified-papers,unreviewed,,unreviewed roster label,,unknown,Neural circuits and behavior; Sensory systems,Imaging and microscopy,,unknown,,,,not yet curated,,,0,,"The registry preserves this identity, but independent source evidence is still needed. | This institution is a historical roster label, not a sourced current appointment. | Lab model organisms are not yet source-backed; article-species mentions do not establish a lab model. | Selected scientific contributions have not yet been source-curated; this is not absence of contributions.",,unknown,0,0,0,0,0,0,1,0,0,0
Brittany D. Needham,early-career awardee,Indiana University,neuroscience (awardee),"Klingenstein-Simons, Searle Scholar",1,0.1,1,2016;2017;2018;2019;2020;2021;2022;2023;2025,0,0,2,,2022,rising (<=6y),unified_pubmed(full-name/affiliation-or-ORCID),last-author proxy,2025,first-paper proxy,2026-09-05T03:54:56+00:00,3,pi_ae8e273af35550dc98c1d8c487544add,unified-papers,unreviewed,,unreviewed roster label,,unknown,Glia and neuroimmunology; Neural circuits and behavior,,,unknown,Mouse,,,not yet curated,,,0,,"The registry preserves this identity, but independent source evidence is still needed. | This institution is a historical roster label, not a sourced current appointment. | Lab model organisms are not yet source-backed; article-species mentions do not establish a lab model. | Selected scientific contributions have not yet been source-curated; this is not absence of contributions.",,unknown,0,0,0,0,0,0,0,0,1,0
Salil Bidaye,early-career awardee,Max Planck Florida Institute for Neuroscience,neuroscience (awardee),Klingenstein-Simons,1,0.1,1,2016;2017;2018;2019;2020;2021;2022;2023;2025,0,0,0,,2024,rising (<=6y),unified_pubmed(full-name/affiliation-or-ORCID),last-author proxy,2025,first-paper proxy,2026-09-05T03:55:18+00:00,3,pi_c6009394ddec5371b690558a56280d99,unified-papers,unreviewed,,unreviewed roster label,,unknown,Neural circuits and behavior,Connectomics,,unknown,Drosophila,,,not yet curated,,,0,,"The registry preserves this identity, but independent source evidence is still needed. | This institution is a historical roster label, not a sourced current appointment. | Lab model organisms are not yet source-backed; article-species mentions do not establish a lab model. | Selected scientific contributions have not yet been source-curated; this is not absence of contributions.",,unknown,0,0,0,0,0,0,0,0,1,0
Marco Gallio,early-career awardee,Northwestern University,neuroscience (awardee),Pew Biomedical,1,0.1,1,2016;2017;2018;2019;2020;2021;2022;2023;2024,1,0,7,,2015,early (<=10y),unified_pubmed(full-name/affiliation-or-ORCID),last-author proxy,2025,first-paper proxy,2026-09-05T03:56:12+00:00,3,pi_9b646cfbb1fe5ee7b5f7669616dd99d0,unified-papers,unreviewed,,unreviewed roster label,,unknown,Cellular and molecular neuroscience; Learning and memory; Neural circuits and behavior; Sensory systems; Sleep and circadian rhythms,Electrophysiology; Imaging and microscopy,,unknown,Drosophila,,,not yet curated,,,0,,"The registry preserves this identity, but independent source evidence is still needed. | This institution is a historical roster label, not a sourced current appointment. | Lab model organisms are not yet source-backed; article-species mentions do not establish a lab model. | Selected scientific contributions have not yet been source-curated; this is not absence of contributions.",,unknown,0,0,0,0,0,0,0,0,0,1
Michael A. Crickmore,early-career awardee,Boston Children's Hospital,neuroscience (awardee),Pew Biomedical,1,0.1,1,2016;2017;2018;2019;2020;2021;2022;2023;2025,4,0,7,,2016,early (<=10y),unified_pubmed(full-name/affiliation-or-ORCID),last-author proxy,2025,first-paper proxy,2026-09-05T03:56:15+00:00,3,pi_4f4914353cba57b0b08bd3571acddc47,unified-papers,unreviewed,,unreviewed roster label,,unknown,Computation and cognition; Neural circuits and behavior,Computational modeling,,unknown,Drosophila,,,not yet curated,,,0,,"The registry preserves this identity, but independent source evidence is still needed. | This institution is a historical roster label, not a sourced current appointment. | Lab model organisms are not yet source-backed; article-species mentions do not establish a lab model. | Selected scientific contributions have not yet been source-curated; this is not absence of contributions.",,unknown,0,0,0,0,0,0,0,0,1,0
Victoria Abraira,early-career awardee,Rutgers University,neuroscience (awardee),Pew Biomedical,1,0.1,1,2016;2017;2018;2019;2020;2021;2022;2024;2025,2,0,5,,2021,rising (<=6y),unified_pubmed(full-name/affiliation-or-ORCID),last-author proxy,2025,first-paper proxy,2026-09-05T03:56:23+00:00,3,pi_fb233d6f07145ea2b8bb88c80762b6c0,unified-papers,unreviewed,,unreviewed roster label,,unknown,Cellular and molecular neuroscience; Learning and memory; Motor systems; Neural circuits and behavior; Sensory systems,Computational modeling; Electrophysiology; Optogenetics; Sequencing and transcriptomics,,unknown,Mouse,,,not yet curated,,,0,,"The registry preserves this identity, but independent source evidence is still needed. | This institution is a historical roster label, not a sourced current appointment. | Lab model organisms are not yet source-backed; article-species mentions do not establish a lab model. | Selected scientific contributions have not yet been source-curated; this is not absence of contributions.",,unknown,0,0,0,0,0,0,0,1,0,0
Gilad D. Evrony,early-career awardee,NYU Grossman School of Medicine,neuroscience (awardee),Pew Biomedical,1,0.1,1,2016;2017;2018;2019;2020;2021;2022;2023;2025,0,0,5,,2020,rising (<=6y),unified_pubmed(full-name/affiliation-or-ORCID),last-author proxy,2025,first-paper proxy,2026-09-05T03:56:24+00:00,3,pi_7c6dd5688685591491aa1279667566df,unified-papers,unreviewed,,unreviewed roster label,,unknown,Cellular and molecular neuroscience,Imaging and microscopy; Sequencing and transcriptomics,,unknown,,,,not yet curated,,,0,,"The registry preserves this identity, but independent source evidence is still needed. | This institution is a historical roster label, not a sourced current appointment. | Lab model organisms are not yet source-backed; article-species mentions do not establish a lab model. | Selected scientific contributions have not yet been source-curated; this is not absence of contributions.",,unknown,0,0,0,0,0,0,0,0,1,0
Seth Shipman,early-career awardee,Gladstone Institutes,neuroscience (awardee),Pew Biomedical,1,0.1,1,2016;2017;2018;2019;2020;2021;2023;2024;2025,0,0,11,,2021,rising (<=6y),unified_pubmed(full-name/affiliation-or-ORCID),last-author proxy,2025,first-paper proxy,2026-09-05T03:56:40+00:00,3,pi_a4442d299425525b903053c2336334de,unified-papers,unreviewed,,unreviewed roster label,,unknown,Computation and cognition; Learning and memory,Computational modeling; Imaging and microscopy,,unknown,,,,not yet curated,,,0,,"The registry preserves this identity, but independent source evidence is still needed. | This institution is a historical roster label, not a sourced current appointment. | Lab model organisms are not yet source-backed; article-species mentions do not establish a lab model. | Selected scientific contributions have not yet been source-curated; this is not absence of contributions.",,unknown,0,0,0,0,0,0,1,0,0,0
Michael Sheehan,early-career awardee,Cornell University,neuroscience (awardee),NIH DP2,1,0.1,1,2016;2017;2018;2019;2020;2021;2022;2023;2024,0,0,28,,,unknown,unified_pubmed(full-name/affiliation-or-ORCID),last-author proxy,2025,,2026-09-05T03:56:50+00:00,3,pi_90d9cb856f7552cba2c666447ccbee4e,unified-papers,unreviewed,,unreviewed roster label,,unknown,Cellular and molecular neuroscience; Computation and cognition; Learning and memory; Neural circuits and behavior; Sensory systems,Sequencing and transcriptomics,,unknown,Mouse; Rat,,,not yet curated,,,0,,"The registry preserves this identity, but independent source evidence is still needed. | This institution is a historical roster label, not a sourced current appointment. | Lab model organisms are not yet source-backed; article-species mentions do not establish a lab model. | Selected scientific contributions have not yet been source-curated; this is not absence of contributions. | Excluded 4 different-given-name candidates; review aliases if any exclusion is unexpected.",,unknown,0,0,0,0,0,0,0,0,0,1
Michael Tadross,early-career awardee,Duke University,neuroscience (awardee),NIH DP2,1,0.1,1,2016;2018;2019;2020;2021;2022;2023;2024;2025,0,0,3,,,unknown,unified_pubmed(full-name/affiliation-or-ORCID),last-author proxy,2025,,2026-09-05T03:57:06+00:00,3,pi_2ea9c7dcbb415ef385db05dcc19ce2cf,unified-papers,unreviewed,,unreviewed roster label,,unknown,Cellular and molecular neuroscience; Neural circuits and behavior; Neurodegeneration and aging,Electrophysiology; Optogenetics,,unknown,Mouse; Rat,,,not yet curated,,,0,,"The registry preserves this identity, but independent source evidence is still needed. | This institution is a historical roster label, not a sourced current appointment. | Lab model organisms are not yet source-backed; article-species mentions do not establish a lab model. | Selected scientific contributions have not yet been source-curated; this is not absence of contributions.",,unknown,0,1,0,0,0,0,0,0,0,0
Talia Lerner,early-career awardee,Northwestern University,neuroscience (awardee),NIH DP2,1,0.1,1,2016;2017;2019;2020;2021;2022;2023;2024;2025,0,0,9,,,unknown,unified_pubmed(full-name/affiliation-or-ORCID),last-author proxy,2025,,2026-09-05T03:57:12+00:00,3,pi_66916e7aa6f45ce98102aa330b6cb38f,unified-papers,unreviewed,,unreviewed roster label,,unknown,Computation and cognition; Learning and memory; Motor systems; Neural circuits and behavior; Neurodegeneration and aging; Sleep and circadian rhythms,MRI and neuroimaging; Optogenetics,,unknown,Mouse,,,not yet curated,,,0,,"The registry preserves this identity, but independent source evidence is still needed. | This institution is a historical roster label, not a sourced current appointment. | Lab model organisms are not yet source-backed; article-species mentions do not establish a lab model. | Selected scientific contributions have not yet been source-curated; this is not absence of contributions.",,unknown,0,0,1,0,0,0,0,0,0,0
Andrew Leifer,early-career awardee,Princeton University,neuroscience (awardee),NIH DP2,1,0.1,1,2016;2017;2018;2019;2020;2021;2022;2024;2025,1,4,13,,,unknown,unified_pubmed(full-name/affiliation-or-ORCID),last-author proxy,2025,,2026-09-05T03:57:15+00:00,3,pi_5955e1c64b5655ee999a033121c42e12,unified-papers,unreviewed,,unreviewed roster label,,unknown,Cellular and molecular neuroscience; Computation and cognition; Learning and memory; Motor systems; Neural circuits and behavior; Sensory systems; Sleep and circadian rhythms,Calcium imaging; Computational modeling; Connectomics; Electrophysiology; Imaging and microscopy; MRI and neuroimaging; Optogenetics,,unknown,C. elegans; Drosophila,,,not yet curated,,,0,,"The registry preserves this identity, but independent source evidence is still needed. | This institution is a historical roster label, not a sourced current appointment. | Lab model organisms are not yet source-backed; article-species mentions do not establish a lab model. | Selected scientific contributions have not yet been source-curated; this is not absence of contributions.",,unknown,0,0,0,0,0,0,0,1,0,0
Loren L. Looger,HHMI,"University of California, San Diego",Neuroscience (HHMI),,0,0.0,0,2016;2017;2018;2019;2020;2021;2022;2023;2024;2025,0,0,0,,,established,unified_pubmed(full-name/affiliation-or-ORCID),last-author proxy,2025,,2026-09-05T03:41:08+00:00,3,pi_16d056df686b5c6fb711ad05686d3e28,unified-papers,unreviewed,,unreviewed roster label,Listed in legacy HHMI cohort,unreviewed,,,,unknown,,,,not yet curated,,,0,,"The registry preserves this identity, but independent source evidence is still needed. | This institution is a historical roster label, not a sourced current appointment. | Lab model organisms are not yet source-backed; article-species mentions do not establish a lab model. | Selected scientific contributions have not yet been source-curated; this is not absence of contributions.",,unknown,0,0,0,0,0,0,0,0,0,0
Jeremy Nathans,HHMI,The Johns Hopkins University,Neuroscience (HHMI),,0,0.0,0,2016;2017;2018;2019;2020;2021;2022;2023;2024;2025,1,11,30,,,established,unified_pubmed(full-name/affiliation-or-ORCID),last-author proxy,2025,,2026-09-05T03:41:17+00:00,3,pi_688f3590b97d510f96a6ffee63b93ea0,unified-papers,unreviewed,,unreviewed roster label,Listed in legacy HHMI cohort,unreviewed,Cellular and molecular neuroscience; Development; Glia and neuroimmunology; Learning and memory; Motor systems; Neural circuits and behavior; Sensory systems,Imaging and microscopy; Sequencing and transcriptomics,,unknown,C. elegans; Mouse,,,not yet curated,,,0,,"The registry preserves this identity, but independent source evidence is still needed. | This institution is a historical roster label, not a sourced current appointment. | Lab model organisms are not yet source-backed; article-species mentions do not establish a lab model. | Selected scientific contributions have not yet been source-curated; this is not absence of contributions.",,unknown,0,0,0,0,0,0,0,0,0,0
Steve Flavell,HHMI,Massachusetts Institute of Technology,Neuroscience (HHMI),McKnight Scholar,0,0.0,0,2016;2017;2018;2019;2020;2021;2022;2023;2024;2025,0,0,0,,,established,unified_pubmed(full-name/affiliation-or-ORCID),last-author proxy,2025,,2026-09-05T03:41:33+00:00,3,pi_d51a57bfa5745114aac518746fac76c2,unified-papers,unreviewed,,unreviewed roster label,Listed in legacy HHMI cohort,unreviewed,,,,unknown,,,,not yet curated,,,0,,"The registry preserves this identity, but independent source evidence is still needed. | This institution is a historical roster label, not a sourced current appointment. | Lab model organisms are not yet source-backed; article-species mentions do not establish a lab model. | Selected scientific contributions have not yet been source-curated; this is not absence of contributions. | Excluded 12 different-given-name candidates; review aliases if any exclusion is unexpected.",,unknown,0,0,0,0,0,0,0,0,0,0
Elizabeth C. Engle,HHMI,Boston Children's Hospital,Neuroscience (HHMI),,0,0.0,0,2016;2017;2018;2019;2020;2021;2022;2023;2024;2025,0,0,21,,,established,unified_pubmed(full-name/affiliation-or-ORCID),last-author proxy,2025,,2026-09-05T03:41:43+00:00,3,pi_57057fbd553056fa83aac788d7984c3d,unified-papers,unreviewed,,unreviewed roster label,Listed in legacy HHMI cohort,unreviewed,Cellular and molecular neuroscience; Development; Learning and memory; Motor systems; Sensory systems,Imaging and microscopy; MRI and neuroimaging; Organoids and stem-cell models; Sequencing and transcriptomics,,unknown,Human; Mouse; Zebrafish,,,not yet curated,,,0,,"The registry preserves this identity, but independent source evidence is still needed. | This institution is a historical roster label, not a sourced current appointment. | Lab model organisms are not yet source-backed; article-species mentions do not establish a lab model. | Selected scientific contributions have not yet been source-curated; this is not absence of contributions.",,unknown,0,0,0,0,0,0,0,0,0,0
Erik M. Jorgensen,HHMI,The University of Utah,Neuroscience (HHMI),,0,0.0,0,2016;2017;2018;2019;2020;2021;2022;2023;2024;2025,2,1,16,,,established,unified_pubmed(full-name/affiliation-or-ORCID),last-author proxy,2025,,2026-09-05T03:42:21+00:00,3,pi_f5d9cee3e5f85f9fb402cdefb7257967,unified-papers,unreviewed,,unreviewed roster label,Listed in legacy HHMI cohort,unreviewed,Cellular and molecular neuroscience; Computation and cognition; Sensory systems,Connectomics; Imaging and microscopy,,unknown,C. elegans; Mouse; Rat,,,not yet curated,,,0,,"The registry preserves this identity, but independent source evidence is still needed. | This institution is a historical roster label, not a sourced current appointment. | Lab model organisms are not yet source-backed; article-species mentions do not establish a lab model. | Selected scientific contributions have not yet been source-curated; this is not absence of contributions.",,unknown,0,0,0,0,0,0,0,0,0,0
Michael N. Shadlen,HHMI,Columbia University,Neuroscience (HHMI),,0,0.0,0,2016;2017;2018;2019;2020;2021;2022;2023;2024;2025,5,6,17,,,established,unified_pubmed(full-name/affiliation-or-ORCID),last-author proxy,2025,,2026-09-05T03:43:12+00:00,3,pi_1ae9ff8ca284507db9e336a02ea0abe1,unified-papers,unreviewed,,unreviewed roster label,Listed in legacy HHMI cohort,unreviewed,Computation and cognition; Learning and memory; Motor systems; Neural circuits and behavior; Sensory systems,Imaging and microscopy; MRI and neuroimaging; Optogenetics,,unknown,Human; Mouse; Nonhuman primates,,,not yet curated,,,0,,"The registry preserves this identity, but independent source evidence is still needed. | This institution is a historical roster label, not a sourced current appointment. | Lab model organisms are not yet source-backed; article-species mentions do not establish a lab model. | Selected scientific contributions have not yet been source-curated; this is not absence of contributions.",,unknown,0,0,0,0,0,0,0,0,0,0
Tzumin Lee,HHMI,University of Michigan,Neuroscience (HHMI),,0,0.0,0,2016;2017;2018;2019;2020;2021;2022;2023;2024;2025,3,3,18,,,established,unified_pubmed(full-name/affiliation-or-ORCID),last-author proxy,2025,,2026-09-05T04:36:49+00:00,3,pi_da35d0badf9b53b1a26c82288388fec0,unified-papers,source-backed,University of Michigan,source-backed current profile,HHMI Investigator (official profile lists 2022-present),source-backed,Computation and cognition; Development; Glia and neuroimmunology; Learning and memory,Imaging and microscopy; Organoids and stem-cell models; Sequencing and transcriptomics,,unknown,Drosophila; Human; Mouse; Zebrafish,,,not yet curated,,,0,https://regents.umich.edu/files/meetings/02-22/2022-02-IV-1.pdf#page=12; https://www.hhmi.org/scientists/tzumin-lee; https://www.janelia.org/news/two-former-janelia-group-leaders-named-hhmi-investigators; https://www.lsi.umich.edu/science/our-labs/t-lee-lab/tzumin-lee-md-phd,Lab model organisms are not yet source-backed; article-species mentions do not establish a lab model. | Selected scientific contributions have not yet been source-curated; this is not absence of contributions. | Excluded 31 different-given-name candidates; review aliases if any exclusion is unexpected.,2000,source-backed,0,0,0,0,0,0,0,0,0,0
Diana Bautista,HHMI,"University of California, Berkeley",Neuroscience (HHMI),,0,0.0,0,2016;2017;2018;2019;2020;2021;2022;2023;2024;2025,0,0,0,,,established,unified_pubmed(full-name/affiliation-or-ORCID),last-author proxy,2025,,2026-09-05T03:43:22+00:00,3,pi_0ab635e7a5e8534f8b4580daee656ecf,unified-papers,unreviewed,,unreviewed roster label,Listed in legacy HHMI cohort,unreviewed,,,,unknown,,,,not yet curated,,,0,,"The registry preserves this identity, but independent source evidence is still needed. | This institution is a historical roster label, not a sourced current appointment. | Lab model organisms are not yet source-backed; article-species mentions do not establish a lab model. | Selected scientific contributions have not yet been source-curated; this is not absence of contributions.",,unknown,0,0,0,0,0,0,0,0,0,0
Constance L. Cepko,HHMI,Harvard Medical School,Neuroscience (HHMI),,0,0.0,0,2016;2017;2018;2019;2020;2021;2022;2023;2024;2025,0,7,30,,,established,unified_pubmed(full-name/affiliation-or-ORCID),last-author proxy,2025,,2026-09-05T03:43:29+00:00,3,pi_1f65f439c1a85444a8fb7831f4e557a4,unified-papers,unreviewed,,unreviewed roster label,Listed in legacy HHMI cohort,unreviewed,Cellular and molecular neuroscience; Development; Glia and neuroimmunology; Neural circuits and behavior; Neurodegeneration and aging; Sensory systems,Connectomics; Imaging and microscopy; Organoids and stem-cell models; Sequencing and transcriptomics,,unknown,Drosophila; Human; Mouse; Zebrafish,,,not yet curated,,,0,,"The registry preserves this identity, but independent source evidence is still needed. | This institution is a historical roster label, not a sourced current appointment. | Lab model organisms are not yet source-backed; article-species mentions do not establish a lab model. | Selected scientific contributions have not yet been source-curated; this is not absence of contributions. | Excluded 2 different-given-name candidates; review aliases if any exclusion is unexpected.",,unknown,0,0,0,0,0,0,0,0,0,0
Ben Barres (d.2017),non-HHMI (low-CNS),Stanford University,glia/astrocytes,,0,0.0,0,2016;2017;2018;2019;2020;2021;2022;2023;2024;2025,0,0,0,,,established,unified_pubmed(full-name/affiliation-or-ORCID),last-author proxy,2025,,2026-09-05T03:44:29+00:00,3,pi_686887e663e750b2993509ce520b6df4,unified-papers,unreviewed,,unreviewed roster label,,unknown,,,,unknown,,,,not yet curated,,,0,,"The registry preserves this identity, but independent source evidence is still needed. | This institution is a historical roster label, not a sourced current appointment. | Lab model organisms are not yet source-backed; article-species mentions do not establish a lab model. | Selected scientific contributions have not yet been source-curated; this is not absence of contributions.",,unknown,0,0,0,0,0,0,0,0,0,0
Hongjun Song,candidate (career TBD),Penn (←Hopkins),adult neurogenesis,,0,0.0,0,2016;2017;2018;2019;2020;2021;2022;2023;2024;2025,0,0,0,,,established,unified_pubmed(full-name/affiliation-or-ORCID),last-author proxy,2025,,2026-09-05T04:36:51+00:00,3,pi_877c72ce89815820803f766fc202858e,unified-papers,unreviewed,,unreviewed roster label,,unknown,,,,unknown,,,,not yet curated,,,0,,"The registry preserves this identity, but independent source evidence is still needed. | This institution is a historical roster label, not a sourced current appointment. | Lab model organisms are not yet source-backed; article-species mentions do not establish a lab model. | Selected scientific contributions have not yet been source-curated; this is not absence of contributions.",,unknown,0,0,0,0,0,0,0,0,0,0
Betley JN,rising-star,University of Pennsylvania,neuroscience,Klingenstein-Simons,,,,unknown,,,,,2017,early (<=10y),unresolved identity; legacy aggregates archived,last-author proxy,2025,first-paper proxy,,,pi_092d010d67e65403928d60e49964f3f3,unresolved-identity,unreviewed,,unreviewed roster label,,unknown,,,,unknown,,,,not yet curated,,,0,,"CNS counts are unavailable, not zero. | non-CNS counts are unavailable, not zero. | Neuron + Nature Neuroscience counts are unavailable, not zero. | eLife counts are unavailable, not zero. | No usable full given-name alias or sourced ORCID; legacy counts are archived, not treated as established matches. | Legacy count: method version and/or retrieval date are unrecorded. | The registry preserves this identity, but independent source evidence is still needed. | This institution is a historical roster label, not a sourced current appointment. | Lab model organisms are not yet source-backed; article-species mentions do not establish a lab model. | Selected scientific contributions have not yet been source-curated; this is not absence of contributions.",,unknown,,,,,,,,,,
Boram Kim,rising-star,Icahn School of Medicine at Mount Sinai; Washington University in St. Louis,neuroscience,,0,0.0,0,2016;2017;2018;2019;2020;2021;2022;2023;2024;2025,0,0,3,,2015,early (<=10y),unified_pubmed(full-name/affiliation-or-ORCID),last-author proxy,2025,first-paper proxy,2026-09-05T03:45:44+00:00,3,pi_09a637b896715a409de111dd91222ce2,unified-papers,unreviewed,,unreviewed roster label,,unknown,,,,unknown,,,,not yet curated,,,0,,"The registry preserves this identity, but independent source evidence is still needed. | This institution is a historical roster label, not a sourced current appointment. | Lab model organisms are not yet source-backed; article-species mentions do not establish a lab model. | Selected scientific contributions have not yet been source-curated; this is not absence of contributions. | Excluded 51 different-given-name candidates; review aliases if any exclusion is unexpected.",,unknown,0,0,0,0,0,0,0,0,0,0
Don Cleveland,non-HHMI,"University of California, San Diego",neuroscience,,0,0.0,0,2016;2017;2018;2019;2020;2021;2022;2023;2024;2025,0,0,2,,2005,established,unified_pubmed(full-name/affiliation-or-ORCID),last-author proxy,2025,first-paper proxy,2026-09-05T03:46:46+00:00,3,pi_9fc29bd0527150289a81b5bc944c3d79,unified-papers,unreviewed,,unreviewed roster label,,unknown,,Sequencing and transcriptomics,,unknown,,,,not yet curated,,,2,,"The registry preserves this identity, but independent source evidence is still needed. | This institution is a historical roster label, not a sourced current appointment. | Lab model organisms are not yet source-backed; article-species mentions do not establish a lab model. | Selected scientific contributions have not yet been source-curated; this is not absence of contributions. | 2 candidate papers remain unresolved and are not included in totals.",,unknown,0,0,0,0,0,0,0,0,0,0
Alysson Muotri,non-HHMI (low-CNS),"University of California, San Diego",neuroscience,,0,0.0,0,2016;2017;2018;2019;2020;2021;2022;2023;2024;2025,0,0,32,,2009,established,unified_pubmed(full-name/affiliation-or-ORCID),last-author proxy,2025,first-paper proxy,2026-09-05T03:46:48+00:00,3,pi_bebc0e0d5c6951d5818dab86abd174c0,unified-papers,unreviewed,,unreviewed roster label,,unknown,Cellular and molecular neuroscience; Computation and cognition; Development; Glia and neuroimmunology; Sensory systems,Computational modeling; Electrophysiology; Organoids and stem-cell models,,unknown,Human; Mouse; Rat,,,not yet curated,,,0,,"The registry preserves this identity, but independent source evidence is still needed. | This institution is a historical roster label, not a sourced current appointment. | Lab model organisms are not yet source-backed; article-species mentions do not establish a lab model. | Selected scientific contributions have not yet been source-curated; this is not absence of contributions.",,unknown,0,0,0,0,0,0,0,0,0,0
Jieli Li,non-HHMI (low-CNS),Baylor College of Medicine; Duke University; Janelia,neuroscience,,0,0.0,0,2016;2017;2018;2019;2020;2021;2022;2023;2024;2025,0,0,0,,2014,established,unified_pubmed(full-name/affiliation-or-ORCID),last-author proxy,2025,first-paper proxy,2026-09-05T03:46:53+00:00,3,pi_6a875f3b9f7250188c990f0d3e66ffdd,unified-papers,unreviewed,,unreviewed roster label,,unknown,,,,unknown,,,,not yet curated,,,4,,"The registry preserves this identity, but independent source evidence is still needed. | This institution is a historical roster label, not a sourced current appointment. | Lab model organisms are not yet source-backed; article-species mentions do not establish a lab model. | Selected scientific contributions have not yet been source-curated; this is not absence of contributions. | 4 candidate papers remain unresolved and are not included in totals. | Excluded 46 different-given-name candidates; review aliases if any exclusion is unexpected.",,unknown,0,0,0,0,0,0,0,0,0,0
Chi-Ying Huang,candidate (career TBD),Cold Spring Harbor Laboratory; Duke University,neuroscience,,0,0.0,0,2016;2017;2018;2019;2020;2021;2022;2023;2024;2025,0,0,0,,,unknown,unified_pubmed(full-name/affiliation-or-ORCID),last-author proxy,2025,,2026-09-05T03:47:14+00:00,3,pi_325e3358453c53a8a6a07fb3d9ff5633,unified-papers,unreviewed,,unreviewed roster label,,unknown,,,,unknown,,,,not yet curated,,,1,,"The registry preserves this identity, but independent source evidence is still needed. | This institution is a historical roster label, not a sourced current appointment. | Lab model organisms are not yet source-backed; article-species mentions do not establish a lab model. | Selected scientific contributions have not yet been source-curated; this is not absence of contributions. | 1 candidate papers remain unresolved and are not included in totals. | Excluded 2 different-given-name candidates; review aliases if any exclusion is unexpected.",,unknown,0,0,0,0,0,0,0,0,0,0
Xiuqi Yang,rising-star,"University of Pennsylvania; University of California, Los Angeles",neuroscience,,0,0.0,0,2016;2017;2018;2019;2020;2021;2022;2023;2024;2025,0,0,1,,,rising (<=6y),unified_pubmed(full-name/affiliation-or-ORCID),last-author proxy,2025,ORCID employment (unverified),2026-09-05T03:48:06+00:00,3,pi_e9af47188a0758f4b2f3fffd7341fa10,unified-papers,unreviewed,,unreviewed roster label,,unknown,,,,unknown,,,,not yet curated,,,12,,"ORCID employment is a career proxy, not a verified independent-lab start. | The registry preserves this identity, but independent source evidence is still needed. | This institution is a historical roster label, not a sourced current appointment. | Lab model organisms are not yet source-backed; article-species mentions do not establish a lab model. | Selected scientific contributions have not yet been source-curated; this is not absence of contributions. | 12 candidate papers remain unresolved and are not included in totals. | Excluded 60 different-given-name candidates; review aliases if any exclusion is unexpected.",,unknown,0,0,0,0,0,0,0,0,0,0
Keith Baldwin,rising-star,"Columbia University; University of California, San Diego",neuroscience,NIH DP2,0,0.0,0,2016;2017;2018;2019;2020;2021;2022;2023;2024;2025,0,0,0,,2015,early (<=10y),unified_pubmed(full-name/affiliation-or-ORCID),last-author proxy,2025,first-paper proxy,2026-09-05T03:48:19+00:00,3,pi_11909289e9ab5955b8db5ab31f7f93fe,unified-papers,unreviewed,,unreviewed roster label,,unknown,,,,unknown,,,,not yet curated,,,0,,"The registry preserves this identity, but independent source evidence is still needed. | This institution is a historical roster label, not a sourced current appointment. | Lab model organisms are not yet source-backed; article-species mentions do not establish a lab model. | Selected scientific contributions have not yet been source-curated; this is not absence of contributions. | Excluded 4 different-given-name candidates; review aliases if any exclusion is unexpected.",,unknown,0,0,0,0,0,0,0,0,0,0
Joshua Gordon,candidate (career TBD),Columbia University; Washington University in St. Louis,neuroscience,,0,0.0,0,2016;2017;2018;2019;2020;2021;2022;2023;2024;2025,1,0,5,,2005,established,unified_pubmed(full-name/affiliation-or-ORCID),last-author proxy,2025,ORCID employment (unverified),2026-09-05T03:48:27+00:00,3,pi_a92742623e615e9d8eefb204f916f170,unified-papers,unreviewed,,unreviewed roster label,,unknown,Computation and cognition; Learning and memory; Neural circuits and behavior,Optogenetics,,unknown,Mouse,,,not yet curated,,,5,,"ORCID employment is a career proxy, not a verified independent-lab start. | The registry preserves this identity, but independent source evidence is still needed. | This institution is a historical roster label, not a sourced current appointment. | Lab model organisms are not yet source-backed; article-species mentions do not establish a lab model. | Selected scientific contributions have not yet been source-curated; this is not absence of contributions. | 5 candidate papers remain unresolved and are not included in totals. | Excluded 49 different-given-name candidates; review aliases if any exclusion is unexpected.",,unknown,0,0,0,0,0,0,0,0,0,0
Christopher Glass,non-HHMI (low-CNS),"University of California, San Diego",neuroscience,,0,0.0,0,2016;2017;2018;2019;2020;2021;2022;2023;2024;2025,0,1,12,,2005,established,unified_pubmed(full-name/affiliation-or-ORCID),last-author proxy,2025,first-paper proxy,2026-09-05T03:48:37+00:00,3,pi_2b676e2543a4527babe989934a9391fb,unified-papers,unreviewed,,unreviewed roster label,,unknown,Cellular and molecular neuroscience; Glia and neuroimmunology; Learning and memory,Sequencing and transcriptomics,,unknown,Human; Mouse,,,not yet curated,,,0,,"The registry preserves this identity, but independent source evidence is still needed. | This institution is a historical roster label, not a sourced current appointment. | Lab model organisms are not yet source-backed; article-species mentions do not establish a lab model. | Selected scientific contributions have not yet been source-curated; this is not absence of contributions.",,unknown,0,0,0,0,0,0,0,0,0,0
Zhang K,candidate (career TBD),"University of California, San Diego",neuroscience,,,,,unknown,,,,,2009,established,unresolved identity; legacy aggregates archived,last-author proxy,2025,first-paper proxy,,,pi_b706466279c25cff9129d1a877e71941,unresolved-identity,unreviewed,,unreviewed roster label,,unknown,,,,unknown,,,,not yet curated,,,0,,"CNS counts are unavailable, not zero. | non-CNS counts are unavailable, not zero. | Neuron + Nature Neuroscience counts are unavailable, not zero. | eLife counts are unavailable, not zero. | No usable full given-name alias or sourced ORCID; legacy counts are archived, not treated as established matches. | Legacy count: method version and/or retrieval date are unrecorded. | The registry preserves this identity, but independent source evidence is still needed. | This institution is a historical roster label, not a sourced current appointment. | Lab model organisms are not yet source-backed; article-species mentions do not establish a lab model. | Selected scientific contributions have not yet been source-curated; this is not absence of contributions.",,unknown,,,,,,,,,,
Fang Wang,candidate (career TBD),Massachusetts Institute of Technology,neuroscience,,0,0.0,0,2016;2017;2018;2019;2020;2021;2022;2023;2024;2025,0,0,0,,,unknown,unified_pubmed(full-name/affiliation-or-ORCID),last-author proxy,2025,,2026-09-05T03:48:40+00:00,3,pi_ea3059f8f2845cf396e20eaa05cdd2c3,unified-papers,unreviewed,,unreviewed roster label,,unknown,,,,unknown,,,,not yet curated,,,1,,"The registry preserves this identity, but independent source evidence is still needed. | This institution is a historical roster label, not a sourced current appointment. | Lab model organisms are not yet source-backed; article-species mentions do not establish a lab model. | Selected scientific contributions have not yet been source-curated; this is not absence of contributions. | 1 candidate papers remain unresolved and are not included in totals. | Excluded 12 different-given-name candidates; review aliases if any exclusion is unexpected.",,unknown,0,0,0,0,0,0,0,0,0,0
Jimi Huh,rising-star,Harvard Medical School; New York University,neuroscience,,0,0.0,0,2016;2017;2018;2019;2020;2021;2022;2023;2024;2025,0,0,0,,2016,early (<=10y),unified_pubmed(full-name/affiliation-or-ORCID),last-author proxy,2025,first-paper proxy,2026-09-05T03:49:02+00:00,3,pi_4cb63d3680e453daabb6cc7d96d503fe,unified-papers,unreviewed,,unreviewed roster label,,unknown,,,,unknown,,,,not yet curated,,,1,,"The registry preserves this identity, but independent source evidence is still needed. | This institution is a historical roster label, not a sourced current appointment. | Lab model organisms are not yet source-backed; article-species mentions do not establish a lab model. | Selected scientific contributions have not yet been source-curated; this is not absence of contributions. | 1 candidate papers remain unresolved and are not included in totals. | Excluded 10 different-given-name candidates; review aliases if any exclusion is unexpected.",,unknown,0,0,0,0,0,0,0,0,0,0
Fuzhong Zhang,rising-star,Washington University in St. Louis,neuroscience,,0,0.0,0,2016;2017;2018;2019;2020;2021;2022;2023;2024;2025,0,0,37,,2019,rising (<=6y),unified_pubmed(full-name/affiliation-or-ORCID),last-author proxy,2025,first-paper proxy,2026-09-05T03:49:45+00:00,3,pi_2cf97cdc38c95a19829f53345efe4449,unified-papers,unreviewed,,unreviewed roster label,,unknown,Computation and cognition,Imaging and microscopy,,unknown,,,,not yet curated,,,0,,"The registry preserves this identity, but independent source evidence is still needed. | This institution is a historical roster label, not a sourced current appointment. | Lab model organisms are not yet source-backed; article-species mentions do not establish a lab model. | Selected scientific contributions have not yet been source-curated; this is not absence of contributions. | Excluded 4 different-given-name candidates; review aliases if any exclusion is unexpected.",,unknown,0,0,0,0,0,0,0,0,0,0
Gerald Dorn GW,rising-star,Washington University in St. Louis,neuroscience,,0,0.0,0,2016;2017;2018;2019;2020;2021;2022;2023;2024;2025,0,0,0,,2021,rising (<=6y),unified_pubmed(full-name/affiliation-or-ORCID),last-author proxy,2025,first-paper proxy,2026-09-05T03:49:53+00:00,3,pi_8fc0c15e802054a9a91ccc26761ac3c4,unified-papers,unreviewed,,unreviewed roster label,,unknown,,,,unknown,,,,not yet curated,,,0,,"The registry preserves this identity, but independent source evidence is still needed. | This institution is a historical roster label, not a sourced current appointment. | Lab model organisms are not yet source-backed; article-species mentions do not establish a lab model. | Selected scientific contributions have not yet been source-curated; this is not absence of contributions.",,unknown,0,0,0,0,0,0,0,0,0,0
Benjamin Chen,non-HHMI (low-CNS),Icahn School of Medicine at Mount Sinai,neuroscience,,0,0.0,0,2016;2017;2018;2019;2020;2021;2022;2023;2024;2025,0,0,9,,2006,established,unified_pubmed(full-name/affiliation-or-ORCID),last-author proxy,2025,ORCID employment (unverified),2026-09-05T03:50:00+00:00,3,pi_76365683785457508be6e16955eb3568,unified-papers,unreviewed,,unreviewed roster label,,unknown,Cellular and molecular neuroscience; Motor systems; Sensory systems,Connectomics; Imaging and microscopy,,unknown,Human; Mouse,,,not yet curated,,,5,,"ORCID employment is a career proxy, not a verified independent-lab start. | The registry preserves this identity, but independent source evidence is still needed. | This institution is a historical roster label, not a sourced current appointment. | Lab model organisms are not yet source-backed; article-species mentions do not establish a lab model. | Selected scientific contributions have not yet been source-curated; this is not absence of contributions. | 5 candidate papers remain unresolved and are not included in totals. | Excluded 14 different-given-name candidates; review aliases if any exclusion is unexpected.",,unknown,0,0,0,0,0,0,0,0,0,0
Kristin Scott,non-HHMI (low-CNS),"University of California, Berkeley",neuroscience,,0,0.0,0,2016;2017;2018;2019;2020;2021;2022;2023;2024;2025,0,1,2,,2005,established,unified_pubmed(full-name/affiliation-or-ORCID),last-author proxy,2025,first-paper proxy,2026-09-05T03:50:29+00:00,3,pi_d53f515420e453b094729c628435a11d,unified-papers,unreviewed,,unreviewed roster label,,unknown,Motor systems; Neural circuits and behavior; Sensory systems,,,unknown,Drosophila,,,not yet curated,,,0,,"The registry preserves this identity, but independent source evidence is still needed. | This institution is a historical roster label, not a sourced current appointment. | Lab model organisms are not yet source-backed; article-species mentions do not establish a lab model. | Selected scientific contributions have not yet been source-curated; this is not absence of contributions.",,unknown,0,0,0,0,0,0,0,0,0,0
Marla Feller,candidate (career TBD),"University of California, Berkeley",neuroscience,,0,0.0,0,2016;2017;2018;2019;2020;2021;2022;2023;2024;2025,0,0,4,,2009,established,unified_pubmed(full-name/affiliation-or-ORCID),last-author proxy,2025,ORCID employment (unverified),2026-09-05T03:50:31+00:00,3,pi_361d105b08f6548ea8699a4bf02de808,unified-papers,unreviewed,,unreviewed roster label,,unknown,Cellular and molecular neuroscience; Sensory systems,Calcium imaging; Imaging and microscopy; Sequencing and transcriptomics,,unknown,Mouse,,,not yet curated,,,0,,"ORCID employment is a career proxy, not a verified independent-lab start. | The registry preserves this identity, but independent source evidence is still needed. | This institution is a historical roster label, not a sourced current appointment. | Lab model organisms are not yet source-backed; article-species mentions do not establish a lab model. | Selected scientific contributions have not yet been source-curated; this is not absence of contributions.",,unknown,0,0,0,0,0,0,0,0,0,0
Samuel Carmichael,non-HHMI (low-CNS),"University of California, Los Angeles",neuroscience,,0,0.0,0,2016;2017;2018;2019;2020;2021;2022;2023;2024;2025,0,0,0,,2005,established,unified_pubmed(full-name/affiliation-or-ORCID),last-author proxy,2025,first-paper proxy,2026-09-05T03:50:33+00:00,3,pi_3928723cd417523f8cfd2ae29170093c,unified-papers,unreviewed,,unreviewed roster label,,unknown,,,,unknown,,,,not yet curated,,,35,,"The registry preserves this identity, but independent source evidence is still needed. | This institution is a historical roster label, not a sourced current appointment. | Lab model organisms are not yet source-backed; article-species mentions do not establish a lab model. | Selected scientific contributions have not yet been source-curated; this is not absence of contributions. | 35 candidate papers remain unresolved and are not included in totals.",,unknown,0,0,0,0,0,0,0,0,0,0
Jeffrey Donlea,rising-star,"University of California, Los Angeles",neuroscience,Klingenstein-Simons,0,0.0,0,2016;2017;2018;2019;2020;2021;2022;2023;2024;2025,0,0,7,,2017,early (<=10y),unified_pubmed(full-name/affiliation-or-ORCID),last-author proxy,2025,first-paper proxy,2026-09-05T03:50:35+00:00,3,pi_d71ef578f0ac57d996d1a2b8c0cce6f7,unified-papers,unreviewed,,unreviewed roster label,,unknown,Cellular and molecular neuroscience; Learning and memory; Neurodegeneration and aging; Sensory systems; Sleep and circadian rhythms,,,unknown,Drosophila,,,not yet curated,,,0,,"The registry preserves this identity, but independent source evidence is still needed. | This institution is a historical roster label, not a sourced current appointment. | Lab model organisms are not yet source-backed; article-species mentions do not establish a lab model. | Selected scientific contributions have not yet been source-curated; this is not absence of contributions.",,unknown,0,0,0,0,0,0,0,0,0,0
Ma Q,non-HHMI (low-CNS),Harvard Medical School,neuroscience,,,,,unknown,,,,,2005,established,unresolved identity; legacy aggregates archived,last-author proxy,2025,first-paper proxy,,,pi_ee7ecc206e5b5b8c8dbfb383fd987f1e,unresolved-identity,unreviewed,,unreviewed roster label,,unknown,,,,unknown,,,,not yet curated,,,0,,"CNS counts are unavailable, not zero. | non-CNS counts are unavailable, not zero. | Neuron + Nature Neuroscience counts are unavailable, not zero. | eLife counts are unavailable, not zero. | No usable full given-name alias or sourced ORCID; legacy counts are archived, not treated as established matches. | Legacy count: method version and/or retrieval date are unrecorded. | The registry preserves this identity, but independent source evidence is still needed. | This institution is a historical roster label, not a sourced current appointment. | Lab model organisms are not yet source-backed; article-species mentions do not establish a lab model. | Selected scientific contributions have not yet been source-curated; this is not absence of contributions.",,unknown,,,,,,,,,,
John Cunningham,early-career awardee,Columbia University,neuroscience (awardee),McKnight Scholar,0,0.0,0,2016;2017;2018;2019;2020;2021;2022;2023;2024;2025,2,1,7,,2014,established,unified_pubmed(full-name/affiliation-or-ORCID),last-author proxy,2025,first-paper proxy,2026-09-05T03:51:32+00:00,3,pi_c2b29c1bba9b54b685f3b80cfbbb4b2e,unified-papers,unreviewed,,unreviewed roster label,,unknown,Computation and cognition; Learning and memory; Motor systems; Sensory systems,Calcium imaging; Computational modeling; Imaging and microscopy; Sequencing and transcriptomics,,unknown,,,,not yet curated,,,1,https://www.mcknight.org/programs/the-mcknight-endowment-fund-for-neuroscience/scholar-awards/awardees/,"The registry preserves this identity, but independent source evidence is still needed. | This institution is a historical roster label, not a sourced current appointment. | Lab model organisms are not yet source-backed; article-species mentions do not establish a lab model. | Selected scientific contributions have not yet been source-curated; this is not absence of contributions. | 1 candidate papers remain unresolved and are not included in totals. | Excluded 1 different-given-name candidates; review aliases if any exclusion is unexpected.",,unknown,0,0,0,0,0,0,0,0,0,0
Abigail Person,early-career awardee,University of Colorado Denver,neuroscience (awardee),McKnight Scholar,0,0.0,0,2016;2017;2018;2019;2020;2021;2022;2023;2024;2025,2,1,10,,2013,established,unified_pubmed(full-name/affiliation-or-ORCID),last-author proxy,2025,first-paper proxy,2026-09-05T03:51:36+00:00,3,pi_35c2d4544f2a529fa7b7be82d210fc88,unified-papers,unreviewed,,unreviewed roster label,,unknown,Cellular and molecular neuroscience; Computation and cognition; Learning and memory; Motor systems; Neural circuits and behavior; Sensory systems,Computational modeling; Connectomics; Electrophysiology; Optogenetics,,unknown,Mouse,,,not yet curated,,,1,https://www.mcknight.org/programs/the-mcknight-endowment-fund-for-neuroscience/scholar-awards/awardees/,"The registry preserves this identity, but independent source evidence is still needed. | This institution is a historical roster label, not a sourced current appointment. | Lab model organisms are not yet source-backed; article-species mentions do not establish a lab model. | Selected scientific contributions have not yet been source-curated; this is not absence of contributions. | 1 candidate papers remain unresolved and are not included in totals.",,unknown,0,0,0,0,0,0,0,0,0,0
Wei Wei,early-career awardee,University of Chicago,neuroscience (awardee),McKnight Scholar,0,0.0,0,2016;2017;2018;2019;2020;2021;2022;2023;2024;2025,1,3,10,,,unknown,unified_pubmed(full-name/affiliation-or-ORCID),last-author proxy,2025,,2026-09-05T03:51:38+00:00,3,pi_a7111d4d7a0a5f79abefbd9c038991c5,unified-papers,unreviewed,,unreviewed roster label,,unknown,Cellular and molecular neuroscience; Learning and memory; Neural circuits and behavior; Sensory systems,Connectomics; Electrophysiology,,unknown,Mouse,,,not yet curated,,,0,https://www.mcknight.org/programs/the-mcknight-endowment-fund-for-neuroscience/scholar-awards/awardees/,"The registry preserves this identity, but independent source evidence is still needed. | This institution is a historical roster label, not a sourced current appointment. | Lab model organisms are not yet source-backed; article-species mentions do not establish a lab model. | Selected scientific contributions have not yet been source-curated; this is not absence of contributions.",,unknown,0,0,0,0,0,0,0,0,0,0
Martha Bagnall,early-career awardee,Washington University in St. Louis,neuroscience (awardee),"McKnight Scholar, Pew Biomedical",0,0.0,0,2016;2017;2018;2019;2020;2021;2022;2023;2024;2025,1,2,9,,,unknown,unified_pubmed(full-name/affiliation-or-ORCID),last-author proxy,2025,,2026-09-05T03:51:40+00:00,3,pi_c779a9a6d24153af9f39da008f8c1981,unified-papers,unreviewed,,unreviewed roster label,,unknown,Cellular and molecular neuroscience; Motor systems; Sensory systems,Imaging and microscopy; Optogenetics,,unknown,Zebrafish,,,not yet curated,,,0,https://www.mcknight.org/programs/the-mcknight-endowment-fund-for-neuroscience/scholar-awards/awardees/,"The registry preserves this identity, but independent source evidence is still needed. | This institution is a historical roster label, not a sourced current appointment. | Lab model organisms are not yet source-backed; article-species mentions do not establish a lab model. | Selected scientific contributions have not yet been source-curated; this is not absence of contributions.",,unknown,0,0,0,0,0,0,0,0,0,0
Katherine Nagel,early-career awardee,New York University,neuroscience (awardee),McKnight Scholar,0,0.0,0,2016;2017;2018;2019;2020;2021;2022;2023;2024;2025,0,2,10,,2018,early (<=10y),unified_pubmed(full-name/affiliation-or-ORCID),last-author proxy,2025,first-paper proxy,2026-09-05T03:51:43+00:00,3,pi_b3eefb6bff1f514eb23ea50c6d5b853b,unified-papers,unreviewed,,unreviewed roster label,,unknown,Computation and cognition; Learning and memory; Motor systems; Neural circuits and behavior; Sensory systems,Computational modeling; Electrophysiology,,unknown,Drosophila,,,not yet curated,,,0,https://www.mcknight.org/programs/the-mcknight-endowment-fund-for-neuroscience/scholar-awards/awardees/,"The registry preserves this identity, but independent source evidence is still needed. | This institution is a historical roster label, not a sourced current appointment. | Lab model organisms are not yet source-backed; article-species mentions do not establish a lab model. | Selected scientific contributions have not yet been source-curated; this is not absence of contributions.",,unknown,0,0,0,0,0,0,0,0,0,0
Matthew Pecot,early-career awardee,Harvard Medical School,neuroscience (awardee),McKnight Scholar,0,0.0,0,2016;2017;2018;2019;2020;2021;2022;2023;2024;2025,1,1,2,,2018,early (<=10y),unified_pubmed(full-name/affiliation-or-ORCID),last-author proxy,2025,first-paper proxy,2026-09-05T03:51:45+00:00,3,pi_bf681af263365d14aeedf5aef59dff1a,unified-papers,unreviewed,,unreviewed roster label,,unknown,Cellular and molecular neuroscience; Development; Sensory systems,,,unknown,Drosophila,,,not yet curated,,,1,https://www.mcknight.org/programs/the-mcknight-endowment-fund-for-neuroscience/scholar-awards/awardees/,"The registry preserves this identity, but independent source evidence is still needed. | This institution is a historical roster label, not a sourced current appointment. | Lab model organisms are not yet source-backed; article-species mentions do not establish a lab model. | Selected scientific contributions have not yet been source-curated; this is not absence of contributions. | 1 candidate papers remain unresolved and are not included in totals.",,unknown,0,0,0,0,0,0,0,0,0,0
Rudy Behnia,early-career awardee,Columbia University,neuroscience (awardee),"McKnight Scholar, Pew Biomedical",0,0.0,0,2016;2017;2018;2019;2020;2021;2022;2023;2024;2025,1,0,6,,2018,early (<=10y),unified_pubmed(full-name/affiliation-or-ORCID),last-author proxy,2025,first-paper proxy,2026-09-05T03:51:48+00:00,3,pi_d35961e8e75058e48324a613c4185e1d,unified-papers,unreviewed,,unreviewed roster label,,unknown,Neural circuits and behavior; Sensory systems,Connectomics,,unknown,Drosophila,,,not yet curated,,,0,https://www.mcknight.org/programs/the-mcknight-endowment-fund-for-neuroscience/scholar-awards/awardees/,"The registry preserves this identity, but independent source evidence is still needed. | This institution is a historical roster label, not a sourced current appointment. | Lab model organisms are not yet source-backed; article-species mentions do not establish a lab model. | Selected scientific contributions have not yet been source-curated; this is not absence of contributions.",,unknown,0,0,0,0,0,0,0,0,0,0
Felice Dunn,early-career awardee,"University of California, San Francisco",neuroscience (awardee),McKnight Scholar,0,0.0,0,2016;2017;2018;2019;2020;2021;2022;2023;2024;2025,0,0,4,,2015,early (<=10y),unified_pubmed(full-name/affiliation-or-ORCID),last-author proxy,2025,first-paper proxy,2026-09-05T03:51:50+00:00,3,pi_3201895498555bc395755ad9106aa66b,unified-papers,unreviewed,,unreviewed roster label,,unknown,Cellular and molecular neuroscience; Learning and memory; Neurodegeneration and aging; Sensory systems,,,unknown,Mouse,,,not yet curated,,,0,https://www.mcknight.org/programs/the-mcknight-endowment-fund-for-neuroscience/scholar-awards/awardees/,"The registry preserves this identity, but independent source evidence is still needed. | This institution is a historical roster label, not a sourced current appointment. | Lab model organisms are not yet source-backed; article-species mentions do not establish a lab model. | Selected scientific contributions have not yet been source-curated; this is not absence of contributions.",,unknown,0,0,0,0,0,0,0,0,0,0
Mingshan Xue,early-career awardee,Baylor College of Medicine,neuroscience (awardee),McKnight Scholar,0,0.0,0,2016;2017;2018;2019;2020;2021;2022;2023;2024;2025,0,3,4,,2018,early (<=10y),unified_pubmed(full-name/affiliation-or-ORCID),last-author proxy,2025,first-paper proxy,2026-09-05T03:51:51+00:00,3,pi_c3c5f67a33e85582b5eb3546e77abead,unified-papers,unreviewed,,unreviewed roster label,,unknown,Cellular and molecular neuroscience; Computation and cognition; Neural circuits and behavior; Sleep and circadian rhythms,Electrophysiology; Optogenetics,,unknown,Mouse,,,not yet curated,,,0,https://www.mcknight.org/programs/the-mcknight-endowment-fund-for-neuroscience/scholar-awards/awardees/,"The registry preserves this identity, but independent source evidence is still needed. | This institution is a historical roster label, not a sourced current appointment. | Lab model organisms are not yet source-backed; article-species mentions do not establish a lab model. | Selected scientific contributions have not yet been source-curated; this is not absence of contributions.",,unknown,0,0,0,0,0,0,0,0,0,0
Brad Zuchero,early-career awardee,Stanford University,neuroscience (awardee),McKnight Scholar,0,0.0,0,2016;2017;2018;2019;2020;2021;2022;2023;2024;2025,0,0,0,,,unknown,unified_pubmed(full-name/affiliation-or-ORCID),last-author proxy,2025,,2026-09-05T03:51:53+00:00,3,pi_2154e0c16b0d55fc8a7b3ff3ea1e13dc,unified-papers,unreviewed,,unreviewed roster label,,unknown,,,,unknown,,,,not yet curated,,,0,https://www.mcknight.org/programs/the-mcknight-endowment-fund-for-neuroscience/scholar-awards/awardees/,"The registry preserves this identity, but independent source evidence is still needed. | This institution is a historical roster label, not a sourced current appointment. | Lab model organisms are not yet source-backed; article-species mentions do not establish a lab model. | Selected scientific contributions have not yet been source-curated; this is not absence of contributions. | Excluded 7 different-given-name candidates; review aliases if any exclusion is unexpected.",,unknown,0,0,0,0,0,0,0,0,0,0
Rachel Roberts-Galbraith,early-career awardee,University of Georgia,neuroscience (awardee),McKnight Scholar,0,0.0,0,2016;2017;2018;2019;2020;2021;2022;2023;2024;2025,0,0,7,,2020,rising (<=6y),unified_pubmed(full-name/affiliation-or-ORCID),last-author proxy,2025,first-paper proxy,2026-09-05T03:51:58+00:00,3,pi_55bb5ff65d075f029064481fda183b52,unified-papers,unreviewed,,unreviewed roster label,,unknown,Cellular and molecular neuroscience; Glia and neuroimmunology; Neural circuits and behavior,Organoids and stem-cell models,,unknown,,,,not yet curated,,,0,https://www.mcknight.org/programs/the-mcknight-endowment-fund-for-neuroscience/scholar-awards/awardees/,"The registry preserves this identity, but independent source evidence is still needed. | This institution is a historical roster label, not a sourced current appointment. | Lab model organisms are not yet source-backed; article-species mentions do not establish a lab model. | Selected scientific contributions have not yet been source-curated; this is not absence of contributions.",,unknown,0,0,0,0,0,0,0,0,0,0
Shigeki Watanabe,early-career awardee,Johns Hopkins University,neuroscience (awardee),"Klingenstein-Simons, McKnight Scholar",0,0.0,0,2016;2017;2018;2019;2020;2021;2022;2023;2024;2025,4,1,11,,2016,early (<=10y),unified_pubmed(full-name/affiliation-or-ORCID),last-author proxy,2025,first-paper proxy,2026-09-05T03:51:59+00:00,3,pi_46d60617f2c45a94b890245d5a2c84ae,unified-papers,unreviewed,,unreviewed roster label,,unknown,Cellular and molecular neuroscience; Glia and neuroimmunology; Learning and memory; Sensory systems,Connectomics; Imaging and microscopy; Optogenetics,,unknown,Mouse,,,not yet curated,,,1,https://www.mcknight.org/programs/the-mcknight-endowment-fund-for-neuroscience/scholar-awards/awardees/,"The registry preserves this identity, but independent source evidence is still needed. | This institution is a historical roster label, not a sourced current appointment. | Lab model organisms are not yet source-backed; article-species mentions do not establish a lab model. | Selected scientific contributions have not yet been source-curated; this is not absence of contributions. | 1 candidate papers remain unresolved and are not included in totals.",,unknown,0,0,0,0,0,0,0,0,0,0
Lauren O'Connell,early-career awardee,Stanford University,neuroscience (awardee),"McKnight Scholar, Pew Biomedical",0,0.0,0,2016;2017;2018;2019;2020;2021;2022;2023;2024;2025,0,3,36,,2018,early (<=10y),unified_pubmed(full-name/affiliation-or-ORCID),last-author proxy,2025,first-paper proxy,2026-09-05T03:52:04+00:00,3,pi_b21957e83f00557ca2528fe525584ca1,unified-papers,unreviewed,,unreviewed roster label,,unknown,Computation and cognition; Learning and memory; Motor systems; Neural circuits and behavior; Sensory systems,Imaging and microscopy; Sequencing and transcriptomics,,unknown,C. elegans,,,not yet curated,,,0,,"The registry preserves this identity, but independent source evidence is still needed. | This institution is a historical roster label, not a sourced current appointment. | Lab model organisms are not yet source-backed; article-species mentions do not establish a lab model. | Selected scientific contributions have not yet been source-curated; this is not absence of contributions.",,unknown,0,0,0,0,0,0,0,0,0,0
Lucas Cheadle,early-career awardee,Cold Spring Harbor Laboratory,neuroscience (awardee),"Klingenstein-Simons, McKnight Scholar",0,0.0,0,2016;2017;2018;2019;2020;2021;2022;2023;2024;2025,1,0,8,,2021,rising (<=6y),unified_pubmed(full-name/affiliation-or-ORCID),last-author proxy,2025,first-paper proxy,2026-09-05T03:52:09+00:00,3,pi_4edc0381bb90590e8e442e9d18a154cf,unified-papers,unreviewed,,unreviewed roster label,,unknown,Cellular and molecular neuroscience; Development; Glia and neuroimmunology; Learning and memory; Neural circuits and behavior; Sensory systems,Sequencing and transcriptomics,,unknown,Mouse; Rat,,,not yet curated,,,0,https://www.mcknight.org/programs/the-mcknight-endowment-fund-for-neuroscience/scholar-awards/awardees/,"The registry preserves this identity, but independent source evidence is still needed. | This institution is a historical roster label, not a sourced current appointment. | Lab model organisms are not yet source-backed; article-species mentions do not establish a lab model. | Selected scientific contributions have not yet been source-curated; this is not absence of contributions.",,unknown,0,0,0,0,0,0,0,0,0,0
Josie Clowney,early-career awardee,University of Michigan,neuroscience (awardee),McKnight Scholar,0,0.0,0,2016;2017;2018;2019;2020;2021;2022;2023;2024;2025,0,0,0,,,unknown,unified_pubmed(full-name/affiliation-or-ORCID),last-author proxy,2025,,2026-09-05T03:52:11+00:00,3,pi_f42efcc5e25b5b96adf68acacb1c05bb,unified-papers,unreviewed,,unreviewed roster label,,unknown,,,,unknown,,,,not yet curated,,,0,https://www.mcknight.org/programs/the-mcknight-endowment-fund-for-neuroscience/scholar-awards/awardees/,"The registry preserves this identity, but independent source evidence is still needed. | This institution is a historical roster label, not a sourced current appointment. | Lab model organisms are not yet source-backed; article-species mentions do not establish a lab model. | Selected scientific contributions have not yet been source-curated; this is not absence of contributions. | Excluded 8 different-given-name candidates; review aliases if any exclusion is unexpected.",,unknown,0,0,0,0,0,0,0,0,0,0
Shaul Druckmann,early-career awardee,Stanford University,neuroscience (awardee),McKnight Scholar,0,0.0,0,2016;2017;2018;2019;2020;2021;2022;2023;2024;2025,2,0,6,,2019,rising (<=6y),unified_pubmed(full-name/affiliation-or-ORCID),last-author proxy,2025,first-paper proxy,2026-09-05T03:52:13+00:00,3,pi_44b437c8fe81554aa1efbadf412e4b50,unified-papers,unreviewed,,unreviewed roster label,,unknown,Computation and cognition; Learning and memory; Motor systems; Neural circuits and behavior,Calcium imaging; Computational modeling; Electrophysiology; Imaging and microscopy,,unknown,Mouse,,,not yet curated,,,0,https://www.mcknight.org/programs/the-mcknight-endowment-fund-for-neuroscience/scholar-awards/awardees/,"The registry preserves this identity, but independent source evidence is still needed. | This institution is a historical roster label, not a sourced current appointment. | Lab model organisms are not yet source-backed; article-species mentions do not establish a lab model. | Selected scientific contributions have not yet been source-curated; this is not absence of contributions.",,unknown,0,0,0,0,0,0,0,0,0,0
Ashok Litwin-Kumar,early-career awardee,Columbia University,neuroscience (awardee),McKnight Scholar,0,0.0,0,2016;2017;2018;2019;2020;2021;2022;2023;2024;2025,2,3,8,,2021,rising (<=6y),unified_pubmed(full-name/affiliation-or-ORCID),last-author proxy,2025,first-paper proxy,2026-09-05T03:52:17+00:00,3,pi_2a7af5801137501dbe9f2ebdd3a8d3f6,unified-papers,unreviewed,,unreviewed roster label,,unknown,Cellular and molecular neuroscience; Computation and cognition; Learning and memory; Motor systems; Neural circuits and behavior,Computational modeling; Connectomics,,unknown,Drosophila; Mouse,,,not yet curated,,,0,https://www.mcknight.org/programs/the-mcknight-endowment-fund-for-neuroscience/scholar-awards/awardees/,"The registry preserves this identity, but independent source evidence is still needed. | This institution is a historical roster label, not a sourced current appointment. | Lab model organisms are not yet source-backed; article-species mentions do not establish a lab model. | Selected scientific contributions have not yet been source-curated; this is not absence of contributions.",,unknown,0,0,0,0,0,0,0,0,0,0
David Schneider,early-career awardee,New York University,neuroscience (awardee),McKnight Scholar,0,0.0,0,2016;2017;2018;2019;2020;2021;2022;2023;2024;2025,0,0,6,,2016,early (<=10y),unified_pubmed(full-name/affiliation-or-ORCID),last-author proxy,2025,first-paper proxy,2026-09-05T03:52:18+00:00,3,pi_3a1aa51cf8b95cb389628a3613ef9e5c,unified-papers,unreviewed,,unreviewed roster label,,unknown,Learning and memory; Motor systems; Neural circuits and behavior; Sensory systems,Imaging and microscopy,,unknown,Mouse,,,not yet curated,,,0,https://www.mcknight.org/programs/the-mcknight-endowment-fund-for-neuroscience/scholar-awards/awardees/,"The registry preserves this identity, but independent source evidence is still needed. | This institution is a historical roster label, not a sourced current appointment. | Lab model organisms are not yet source-backed; article-species mentions do not establish a lab model. | Selected scientific contributions have not yet been source-curated; this is not absence of contributions. | Excluded 1 different-given-name candidates; review aliases if any exclusion is unexpected.",,unknown,0,0,0,0,0,0,0,0,0,0
Swathi Yadlapalli,early-career awardee,University of Michigan,neuroscience (awardee),McKnight Scholar,0,0.0,0,2016;2017;2018;2019;2020;2021;2022;2023;2024;2025,0,0,5,,2021,rising (<=6y),unified_pubmed(full-name/affiliation-or-ORCID),last-author proxy,2025,first-paper proxy,2026-09-05T03:52:20+00:00,3,pi_9067071d48ec509bba9ad3d7cdb9bdb6,unified-papers,unreviewed,,unreviewed roster label,,unknown,Cellular and molecular neuroscience; Learning and memory; Sleep and circadian rhythms,Computational modeling; Imaging and microscopy,,unknown,Drosophila,,,not yet curated,,,0,https://www.mcknight.org/programs/the-mcknight-endowment-fund-for-neuroscience/scholar-awards/awardees/,"The registry preserves this identity, but independent source evidence is still needed. | This institution is a historical roster label, not a sourced current appointment. | Lab model organisms are not yet source-backed; article-species mentions do not establish a lab model. | Selected scientific contributions have not yet been source-curated; this is not absence of contributions.",,unknown,0,0,0,0,0,0,0,0,0,0
Christine Constantinople,early-career awardee,New York University,neuroscience (awardee),"Klingenstein-Simons, McKnight Scholar, NIH DP2",0,0.0,0,2016;2017;2018;2019;2020;2021;2022;2023;2024;2025,2,1,5,,2021,rising (<=6y),unified_pubmed(full-name/affiliation-or-ORCID),last-author proxy,2025,first-paper proxy,2026-09-05T03:52:22+00:00,3,pi_10e613f54b025127a7597759c2e7ae56,unified-papers,unreviewed,,unreviewed roster label,,unknown,Computation and cognition; Learning and memory; Neural circuits and behavior,,,unknown,Rat,,,not yet curated,,,0,https://www.mcknight.org/programs/the-mcknight-endowment-fund-for-neuroscience/scholar-awards/awardees/,"The registry preserves this identity, but independent source evidence is still needed. | This institution is a historical roster label, not a sourced current appointment. | Lab model organisms are not yet source-backed; article-species mentions do not establish a lab model. | Selected scientific contributions have not yet been source-curated; this is not absence of contributions.",,unknown,0,0,0,0,0,0,0,0,0,0
Bradley Dickerson,early-career awardee,Princeton University,neuroscience (awardee),"McKnight Scholar, Searle Scholar",0,0.0,0,2016;2017;2018;2019;2020;2021;2022;2023;2024;2025,0,0,1,,2022,rising (<=6y),unified_pubmed(full-name/affiliation-or-ORCID),last-author proxy,2025,first-paper proxy,2026-09-05T03:52:23+00:00,3,pi_536019597b1f51bda19a057b74f0ed38,unified-papers,unreviewed,,unreviewed roster label,,unknown,,,,unknown,Drosophila,,,not yet curated,,,0,https://www.mcknight.org/programs/the-mcknight-endowment-fund-for-neuroscience/scholar-awards/awardees/,"The registry preserves this identity, but independent source evidence is still needed. | This institution is a historical roster label, not a sourced current appointment. | Lab model organisms are not yet source-backed; article-species mentions do not establish a lab model. | Selected scientific contributions have not yet been source-curated; this is not absence of contributions.",,unknown,0,0,0,0,0,0,0,0,0,0
Markita Landry,early-career awardee,"University of California, Berkeley",neuroscience (awardee),McKnight Scholar,0,0.0,0,2016;2017;2018;2019;2020;2021;2022;2023;2024;2025,0,0,6,,2016,early (<=10y),unified_pubmed(full-name/affiliation-or-ORCID),last-author proxy,2025,first-paper proxy,2026-09-05T03:52:25+00:00,3,pi_399d9458a42757699878b2de0f85ecca,unified-papers,unreviewed,,unreviewed roster label,,unknown,,Imaging and microscopy,,unknown,,,,not yet curated,,,0,https://www.mcknight.org/programs/the-mcknight-endowment-fund-for-neuroscience/scholar-awards/awardees/,"The registry preserves this identity, but independent source evidence is still needed. | This institution is a historical roster label, not a sourced current appointment. | Lab model organisms are not yet source-backed; article-species mentions do not establish a lab model. | Selected scientific contributions have not yet been source-curated; this is not absence of contributions.",,unknown,0,0,0,0,0,0,0,0,0,0
Kanaka Rajan,early-career awardee,Icahn School of Medicine at Mount Sinai,neuroscience (awardee),McKnight Scholar,0,0.0,0,2016;2017;2018;2019;2020;2021;2022;2023;2024;2025,0,0,2,,2019,rising (<=6y),unified_pubmed(full-name/affiliation-or-ORCID),last-author proxy,2025,first-paper proxy,2026-09-05T03:52:28+00:00,3,pi_6fc2b42d1a805f25a45f1951c324025a,unified-papers,unreviewed,,unreviewed roster label,,unknown,Computation and cognition,Computational modeling,,unknown,,,,not yet curated,,,0,,"The registry preserves this identity, but independent source evidence is still needed. | This institution is a historical roster label, not a sourced current appointment. | Lab model organisms are not yet source-backed; article-species mentions do not establish a lab model. | Selected scientific contributions have not yet been source-curated; this is not absence of contributions.",,unknown,0,0,0,0,0,0,0,0,0,0
Weiwei Wang,early-career awardee,University of Texas Southwestern Medical Center,neuroscience (awardee),McKnight Scholar,0,0.0,0,2016;2017;2018;2019;2020;2021;2022;2023;2024;2025,1,0,4,,2018,early (<=10y),unified_pubmed(full-name/affiliation-or-ORCID),last-author proxy,2025,first-paper proxy,2026-09-05T03:52:30+00:00,3,pi_c4216960fc405392a1993d5b216b919c,unified-papers,unreviewed,,unreviewed roster label,,unknown,Cellular and molecular neuroscience,Electrophysiology; Imaging and microscopy,,unknown,Human,,,not yet curated,,,0,https://www.mcknight.org/programs/the-mcknight-endowment-fund-for-neuroscience/scholar-awards/awardees/,"The registry preserves this identity, but independent source evidence is still needed. | This institution is a historical roster label, not a sourced current appointment. | Lab model organisms are not yet source-backed; article-species mentions do not establish a lab model. | Selected scientific contributions have not yet been source-curated; this is not absence of contributions. | Excluded 5 different-given-name candidates; review aliases if any exclusion is unexpected.",,unknown,0,0,0,0,0,0,0,0,0,0
Yasmine El-Shamayleh,early-career awardee,Columbia University,neuroscience (awardee),"Klingenstein-Simons, McKnight Scholar",0,0.0,0,2016;2017;2018;2019;2020;2021;2022;2023;2024;2025,0,0,0,,,unknown,unified_pubmed(full-name/affiliation-or-ORCID),last-author proxy,2025,,2026-09-05T03:52:33+00:00,3,pi_41b0873a0e905771adececb00774613a,unified-papers,unreviewed,,unreviewed roster label,,unknown,,,,unknown,,,,not yet curated,,,0,https://www.mcknight.org/programs/the-mcknight-endowment-fund-for-neuroscience/scholar-awards/awardees/,"The registry preserves this identity, but independent source evidence is still needed. | This institution is a historical roster label, not a sourced current appointment. | Lab model organisms are not yet source-backed; article-species mentions do not establish a lab model. | Selected scientific contributions have not yet been source-curated; this is not absence of contributions.",,unknown,0,0,0,0,0,0,0,0,0,0
Peri Kurshan,early-career awardee,Albert Einstein College of Medicine,neuroscience (awardee),McKnight Scholar,0,0.0,0,2016;2017;2018;2019;2020;2021;2022;2023;2024;2025,1,0,4,,2020,rising (<=6y),unified_pubmed(full-name/affiliation-or-ORCID),last-author proxy,2025,first-paper proxy,2026-09-05T03:52:36+00:00,3,pi_955fd3e9676358e0a74e762101fa8b76,unified-papers,unreviewed,,unreviewed roster label,,unknown,Cellular and molecular neuroscience; Computation and cognition; Development,Imaging and microscopy,,unknown,C. elegans,,,not yet curated,,,0,https://www.mcknight.org/programs/the-mcknight-endowment-fund-for-neuroscience/scholar-awards/awardees/,"The registry preserves this identity, but independent source evidence is still needed. | This institution is a historical roster label, not a sourced current appointment. | Lab model organisms are not yet source-backed; article-species mentions do not establish a lab model. | Selected scientific contributions have not yet been source-curated; this is not absence of contributions.",,unknown,0,0,0,0,0,0,0,0,0,0
Scott Linderman,early-career awardee,Stanford University,neuroscience (awardee),McKnight Scholar,0,0.0,0,2016;2017;2018;2019;2020;2021;2022;2023;2024;2025,0,0,6,,2020,rising (<=6y),unified_pubmed(full-name/affiliation-or-ORCID),last-author proxy,2025,first-paper proxy,2026-09-05T03:52:38+00:00,3,pi_18f3e52aa8735c42815cf3f4dcea716b,unified-papers,unreviewed,,unreviewed roster label,,unknown,Computation and cognition; Neural circuits and behavior,Computational modeling,,unknown,,,,not yet curated,,,0,https://www.mcknight.org/programs/the-mcknight-endowment-fund-for-neuroscience/scholar-awards/awardees/,"The registry preserves this identity, but independent source evidence is still needed. | This institution is a historical roster label, not a sourced current appointment. | Lab model organisms are not yet source-backed; article-species mentions do not establish a lab model. | Selected scientific contributions have not yet been source-curated; this is not absence of contributions.",,unknown,0,0,0,0,0,0,0,0,0,0
Swetha Murthy,early-career awardee,Oregon Health & Science University,neuroscience (awardee),"McKnight Scholar, NIH DP2",0,0.0,0,2016;2017;2018;2019;2020;2021;2022;2023;2024;2025,0,0,3,,2022,rising (<=6y),unified_pubmed(full-name/affiliation-or-ORCID),last-author proxy,2025,first-paper proxy,2026-09-05T03:52:39+00:00,3,pi_bc8e67d1589750f3b528623d38e7e2c8,unified-papers,unreviewed,,unreviewed roster label,,unknown,Cellular and molecular neuroscience; Glia and neuroimmunology,,,unknown,Mouse; Zebrafish,,,not yet curated,,,0,https://www.mcknight.org/programs/the-mcknight-endowment-fund-for-neuroscience/scholar-awards/awardees/,"The registry preserves this identity, but independent source evidence is still needed. | This institution is a historical roster label, not a sourced current appointment. | Lab model organisms are not yet source-backed; article-species mentions do not establish a lab model. | Selected scientific contributions have not yet been source-curated; this is not absence of contributions.",,unknown,0,0,0,0,0,0,0,0,0,0
Karthik Shekhar,early-career awardee,"University of California, Berkeley",neuroscience (awardee),McKnight Scholar,0,0.0,0,2016;2017;2018;2019;2020;2021;2022;2023;2024;2025,0,0,0,,2023,rising (<=6y),unified_pubmed(full-name/affiliation-or-ORCID),last-author proxy,2025,first-paper proxy,2026-09-05T03:52:41+00:00,3,pi_6082ffa37357571486550cefd698ccf8,unified-papers,unreviewed,,unreviewed roster label,,unknown,,,,unknown,,,,not yet curated,,,0,https://www.mcknight.org/programs/the-mcknight-endowment-fund-for-neuroscience/scholar-awards/awardees/,"The registry preserves this identity, but independent source evidence is still needed. | This institution is a historical roster label, not a sourced current appointment. | Lab model organisms are not yet source-backed; article-species mentions do not establish a lab model. | Selected scientific contributions have not yet been source-curated; this is not absence of contributions.",,unknown,0,0,0,0,0,0,0,0,0,0
Andrea Gomez,early-career awardee,"University of California, Berkeley",neuroscience (awardee),McKnight Scholar,0,0.0,0,2016;2017;2018;2019;2020;2021;2022;2023;2024;2025,0,0,0,,2015,early (<=10y),unified_pubmed(full-name/affiliation-or-ORCID),last-author proxy,2025,first-paper proxy,2026-09-05T03:52:44+00:00,3,pi_e0eb7b503d915b248c61c4a76b2c6a00,unified-papers,unreviewed,,unreviewed roster label,,unknown,,,,unknown,,,,not yet curated,,,1,https://www.mcknight.org/programs/the-mcknight-endowment-fund-for-neuroscience/scholar-awards/awardees/,"The registry preserves this identity, but independent source evidence is still needed. | This institution is a historical roster label, not a sourced current appointment. | Lab model organisms are not yet source-backed; article-species mentions do not establish a lab model. | Selected scientific contributions have not yet been source-curated; this is not absence of contributions. | 1 candidate papers remain unresolved and are not included in totals.",,unknown,0,0,0,0,0,0,0,0,0,0
Sinisa Hrvatin,early-career awardee,Whitehead Institute for Biomedical Research,neuroscience (awardee),"McKnight Scholar, NIH DP2, Pew Biomedical, Searle Scholar",0,0.0,0,2016;2017;2018;2019;2020;2021;2022;2023;2024;2025,0,0,1,,2024,rising (<=6y),unified_pubmed(full-name/affiliation-or-ORCID),last-author proxy,2025,first-paper proxy,2026-09-05T03:52:46+00:00,3,pi_32e4f21983b6514e905c0e6eb97caf8d,unified-papers,unreviewed,,unreviewed roster label,,unknown,,,,unknown,Mouse,,,not yet curated,,,0,https://www.mcknight.org/programs/the-mcknight-endowment-fund-for-neuroscience/scholar-awards/awardees/,"The registry preserves this identity, but independent source evidence is still needed. | This institution is a historical roster label, not a sourced current appointment. | Lab model organisms are not yet source-backed; article-species mentions do not establish a lab model. | Selected scientific contributions have not yet been source-curated; this is not absence of contributions.",,unknown,0,0,0,0,0,0,0,0,0,0
Bianca Jones Marlin,early-career awardee,Columbia University,neuroscience (awardee),"McKnight Scholar, Pew Biomedical",0,0.0,0,2016;2017;2018;2019;2020;2021;2022;2023;2024;2025,0,0,1,,2023,rising (<=6y),unified_pubmed(full-name/affiliation-or-ORCID),last-author proxy,2025,first-paper proxy,2026-09-05T03:52:52+00:00,3,pi_ae9f0904cb9c50718b3ad7bfdb0947fd,unified-papers,unreviewed,,unreviewed roster label,,unknown,Neural circuits and behavior; Sensory systems,,,unknown,,,,not yet curated,,,0,https://www.mcknight.org/programs/the-mcknight-endowment-fund-for-neuroscience/scholar-awards/awardees/,"The registry preserves this identity, but independent source evidence is still needed. | This institution is a historical roster label, not a sourced current appointment. | Lab model organisms are not yet source-backed; article-species mentions do not establish a lab model. | Selected scientific contributions have not yet been source-curated; this is not absence of contributions.",,unknown,0,0,0,0,0,0,0,0,0,0
Nancy Padilla-Coreano,early-career awardee,University of Florida,neuroscience (awardee),"Klingenstein-Simons, McKnight Scholar",0,0.0,0,2016;2017;2018;2019;2020;2021;2022;2023;2024;2025,1,0,6,,2022,rising (<=6y),unified_pubmed(full-name/affiliation-or-ORCID),last-author proxy,2025,first-paper proxy,2026-09-05T03:52:53+00:00,3,pi_074b209188f65d568f1be407b8ec4789,unified-papers,unreviewed,,unreviewed roster label,,unknown,Learning and memory; Neural circuits and behavior,Computational modeling; Optogenetics,,unknown,Mouse; Rat,,,not yet curated,,,0,https://www.mcknight.org/programs/the-mcknight-endowment-fund-for-neuroscience/scholar-awards/awardees/,"The registry preserves this identity, but independent source evidence is still needed. | This institution is a historical roster label, not a sourced current appointment. | Lab model organisms are not yet source-backed; article-species mentions do not establish a lab model. | Selected scientific contributions have not yet been source-curated; this is not absence of contributions.",,unknown,0,0,0,0,0,0,0,0,0,0
Mubarak Hussain Syed,early-career awardee,University of New Mexico,neuroscience (awardee),McKnight Scholar,0,0.0,0,2016;2017;2018;2019;2020;2021;2022;2023;2024;2025,0,0,5,,2023,rising (<=6y),unified_pubmed(full-name/affiliation-or-ORCID),last-author proxy,2025,first-paper proxy,2026-09-05T04:36:52+00:00,3,pi_7e08c4e949b5526880cc436abc051a22,unified-papers,unreviewed,,unreviewed roster label,,unknown,Development; Neural circuits and behavior; Sensory systems; Sleep and circadian rhythms,Organoids and stem-cell models,,unknown,Drosophila,,,not yet curated,,,0,https://www.mcknight.org/programs/the-mcknight-endowment-fund-for-neuroscience/scholar-awards/awardees/,"The registry preserves this identity, but independent source evidence is still needed. | This institution is a historical roster label, not a sourced current appointment. | Lab model organisms are not yet source-backed; article-species mentions do not establish a lab model. | Selected scientific contributions have not yet been source-curated; this is not absence of contributions.",,unknown,0,0,0,0,0,0,0,0,0,0
Arkarup Banerjee,early-career awardee,Cold Spring Harbor Laboratory,neuroscience (awardee),"Klingenstein-Simons, McKnight Scholar, Searle Scholar",0,0.0,0,2016;2017;2018;2019;2020;2021;2022;2023;2024;2025,0,0,1,,2024,rising (<=6y),unified_pubmed(full-name/affiliation-or-ORCID),last-author proxy,2025,first-paper proxy,2026-09-05T03:52:58+00:00,3,pi_6ff1239c066b5ec7b994d479784593ad,unified-papers,unreviewed,,unreviewed roster label,,unknown,Neural circuits and behavior,,,unknown,Mouse,,,not yet curated,,,0,https://www.mcknight.org/programs/the-mcknight-endowment-fund-for-neuroscience/scholar-awards/awardees/,"The registry preserves this identity, but independent source evidence is still needed. | This institution is a historical roster label, not a sourced current appointment. | Lab model organisms are not yet source-backed; article-species mentions do not establish a lab model. | Selected scientific contributions have not yet been source-curated; this is not absence of contributions. | Excluded 1 different-given-name candidates; review aliases if any exclusion is unexpected.",,unknown,0,0,0,0,0,0,0,0,0,0
Chantell Evans,early-career awardee,Duke University,neuroscience (awardee),McKnight Scholar,0,0.0,0,2016;2017;2018;2019;2020;2021;2022;2023;2024;2025,0,0,2,,2022,rising (<=6y),unified_pubmed(full-name/affiliation-or-ORCID),last-author proxy,2025,first-paper proxy,2026-09-05T03:53:01+00:00,3,pi_9d70490accde545c86f558cd9897638b,unified-papers,unreviewed,,unreviewed roster label,,unknown,Learning and memory,Imaging and microscopy,,unknown,Rat,,,not yet curated,,,0,https://www.mcknight.org/programs/the-mcknight-endowment-fund-for-neuroscience/scholar-awards/awardees/,"The registry preserves this identity, but independent source evidence is still needed. | This institution is a historical roster label, not a sourced current appointment. | Lab model organisms are not yet source-backed; article-species mentions do not establish a lab model. | Selected scientific contributions have not yet been source-curated; this is not absence of contributions.",,unknown,0,0,0,0,0,0,0,0,0,0
Yvette Fisher,early-career awardee,"University of California, Berkeley",neuroscience (awardee),"Klingenstein-Simons, McKnight Scholar",0,0.0,0,2016;2017;2018;2019;2020;2021;2022;2023;2024;2025,0,0,1,,2022,rising (<=6y),unified_pubmed(full-name/affiliation-or-ORCID),last-author proxy,2025,first-paper proxy,2026-09-05T03:53:03+00:00,3,pi_d31c43b8a997525ebd8fc6188fee68cb,unified-papers,unreviewed,,unreviewed roster label,,unknown,,,,unknown,Drosophila,,,not yet curated,,,0,https://www.mcknight.org/programs/the-mcknight-endowment-fund-for-neuroscience/scholar-awards/awardees/,"The registry preserves this identity, but independent source evidence is still needed. | This institution is a historical roster label, not a sourced current appointment. | Lab model organisms are not yet source-backed; article-species mentions do not establish a lab model. | Selected scientific contributions have not yet been source-curated; this is not absence of contributions.",,unknown,0,0,0,0,0,0,0,0,0,0
Christine Grienberger,early-career awardee,Brandeis University,neuroscience (awardee),"McKnight Scholar, NIH DP2, Pew Biomedical",0,0.0,0,2016;2017;2018;2019;2020;2021;2022;2023;2024;2025,0,0,0,,,unknown,unified_pubmed(full-name/affiliation-or-ORCID),last-author proxy,2025,,2026-09-05T03:53:04+00:00,3,pi_745ff874758b56fc9989570f9e4e5f2f,unified-papers,unreviewed,,unreviewed roster label,,unknown,,,,unknown,,,,not yet curated,,,0,https://www.mcknight.org/programs/the-mcknight-endowment-fund-for-neuroscience/scholar-awards/awardees/,"The registry preserves this identity, but independent source evidence is still needed. | This institution is a historical roster label, not a sourced current appointment. | Lab model organisms are not yet source-backed; article-species mentions do not establish a lab model. | Selected scientific contributions have not yet been source-curated; this is not absence of contributions.",,unknown,0,0,0,0,0,0,0,0,0,0
Theanne Griffith,early-career awardee,"University of California, Davis",neuroscience (awardee),McKnight Scholar,0,0.0,0,2016;2017;2018;2019;2020;2021;2022;2023;2024;2025,0,0,2,,2022,rising (<=6y),unified_pubmed(full-name/affiliation-or-ORCID),last-author proxy,2025,first-paper proxy,2026-09-05T03:53:05+00:00,3,pi_b15602f8e7ed510197eaa3ed8b29e794,unified-papers,unreviewed,,unreviewed roster label,,unknown,Cellular and molecular neuroscience; Sensory systems,,,unknown,,,,not yet curated,,,0,https://www.mcknight.org/programs/the-mcknight-endowment-fund-for-neuroscience/scholar-awards/awardees/,"The registry preserves this identity, but independent source evidence is still needed. | This institution is a historical roster label, not a sourced current appointment. | Lab model organisms are not yet source-backed; article-species mentions do not establish a lab model. | Selected scientific contributions have not yet been source-curated; this is not absence of contributions.",,unknown,0,0,0,0,0,0,0,0,0,0
Matthew Lovett-Barron,early-career awardee,"University of California, San Diego",neuroscience (awardee),"McKnight Scholar, NIH DP2, Pew Biomedical, Searle Scholar",0,0.0,0,2016;2017;2018;2019;2020;2021;2022;2023;2024;2025,0,0,0,,2021,rising (<=6y),unified_pubmed(full-name/affiliation-or-ORCID),last-author proxy,2025,first-paper proxy,2026-09-05T03:53:06+00:00,3,pi_21ab5db0f3cf5121b9028253ac1de7e1,unified-papers,unreviewed,,unreviewed roster label,,unknown,,,,unknown,,,,not yet curated,,,0,https://www.mcknight.org/programs/the-mcknight-endowment-fund-for-neuroscience/scholar-awards/awardees/,"The registry preserves this identity, but independent source evidence is still needed. | This institution is a historical roster label, not a sourced current appointment. | Lab model organisms are not yet source-backed; article-species mentions do not establish a lab model. | Selected scientific contributions have not yet been source-curated; this is not absence of contributions.",,unknown,0,0,0,0,0,0,0,0,0,0
Lucas Pinto,early-career awardee,Northwestern University,neuroscience (awardee),McKnight Scholar,0,0.0,0,2016;2017;2018;2019;2020;2021;2022;2023;2024;2025,0,0,0,,2005,established,unified_pubmed(full-name/affiliation-or-ORCID),last-author proxy,2025,first-paper proxy,2026-09-05T03:53:07+00:00,3,pi_a19d0932a5a7547b90db303049725831,unified-papers,unreviewed,,unreviewed roster label,,unknown,,,,unknown,,,,not yet curated,,,0,https://www.mcknight.org/programs/the-mcknight-endowment-fund-for-neuroscience/scholar-awards/awardees/,"The registry preserves this identity, but independent source evidence is still needed. | This institution is a historical roster label, not a sourced current appointment. | Lab model organisms are not yet source-backed; article-species mentions do not establish a lab model. | Selected scientific contributions have not yet been source-curated; this is not absence of contributions.",,unknown,0,0,0,0,0,0,0,0,0,0
Sergey Stavisky,early-career awardee,"University of California, Davis",neuroscience (awardee),"McKnight Scholar, NIH DP2, Searle Scholar",0,0.0,0,2016;2017;2018;2019;2020;2021;2022;2023;2024;2025,0,0,0,,2024,rising (<=6y),unified_pubmed(full-name/affiliation-or-ORCID),last-author proxy,2025,first-paper proxy,2026-09-05T03:53:09+00:00,3,pi_ff7bc469584b5c6885d16fdc8e045e13,unified-papers,unreviewed,,unreviewed roster label,,unknown,,,,unknown,,,,not yet curated,,,0,https://www.mcknight.org/programs/the-mcknight-endowment-fund-for-neuroscience/scholar-awards/awardees/,"The registry preserves this identity, but independent source evidence is still needed. | This institution is a historical roster label, not a sourced current appointment. | Lab model organisms are not yet source-backed; article-species mentions do not establish a lab model. | Selected scientific contributions have not yet been source-curated; this is not absence of contributions.",,unknown,0,0,0,0,0,0,0,0,0,0
Alex Williams,early-career awardee,New York University,neuroscience (awardee),McKnight Scholar,0,0.0,0,2016;2017;2018;2019;2020;2021;2022;2023;2024;2025,0,1,1,,2006,established,unified_pubmed(full-name/affiliation-or-ORCID),last-author proxy,2025,first-paper proxy,2026-09-05T03:53:10+00:00,3,pi_128f100c7e92523d951f853847539ad3,unified-papers,unreviewed,,unreviewed roster label,,unknown,Computation and cognition,Computational modeling,,unknown,Mouse,,,not yet curated,,,0,https://www.mcknight.org/programs/the-mcknight-endowment-fund-for-neuroscience/scholar-awards/awardees/,"The registry preserves this identity, but independent source evidence is still needed. | This institution is a historical roster label, not a sourced current appointment. | Lab model organisms are not yet source-backed; article-species mentions do not establish a lab model. | Selected scientific contributions have not yet been source-curated; this is not absence of contributions. | Excluded 6 different-given-name candidates; review aliases if any exclusion is unexpected.",,unknown,0,0,0,0,0,0,0,0,0,0
Monica Dus,early-career awardee,University of Michigan,neuroscience (awardee),"Klingenstein-Simons, NIH DP2",0,0.0,0,2016;2017;2018;2019;2020;2021;2022;2023;2024;2025,0,2,12,,2019,rising (<=6y),unified_pubmed(full-name/affiliation-or-ORCID),last-author proxy,2025,first-paper proxy,2026-09-05T03:53:12+00:00,3,pi_94b3f1f18a09516084e87aeec1750927,unified-papers,unreviewed,,unreviewed roster label,,unknown,Cellular and molecular neuroscience; Learning and memory; Neural circuits and behavior; Neurodegeneration and aging; Sensory systems,,,unknown,Drosophila,,,not yet curated,,,0,,"The registry preserves this identity, but independent source evidence is still needed. | This institution is a historical roster label, not a sourced current appointment. | Lab model organisms are not yet source-backed; article-species mentions do not establish a lab model. | Selected scientific contributions have not yet been source-curated; this is not absence of contributions.",,unknown,0,0,0,0,0,0,0,0,0,0
Biyu He,early-career awardee,New York University,neuroscience (awardee),Klingenstein-Simons,0,0.0,0,2016;2017;2018;2019;2020;2021;2022;2023;2024;2025,0,5,26,,2016,early (<=10y),unified_pubmed(full-name/affiliation-or-ORCID),last-author proxy,2025,first-paper proxy,2026-09-05T03:53:15+00:00,3,pi_9b2dbe3777df56289ab4af858df30f25,unified-papers,unreviewed,,unreviewed roster label,,unknown,Computation and cognition; Learning and memory; Neural circuits and behavior; Sensory systems,Electrophysiology; Imaging and microscopy; MRI and neuroimaging,,unknown,Human,,,not yet curated,,,0,,"The registry preserves this identity, but independent source evidence is still needed. | This institution is a historical roster label, not a sourced current appointment. | Lab model organisms are not yet source-backed; article-species mentions do not establish a lab model. | Selected scientific contributions have not yet been source-curated; this is not absence of contributions.",,unknown,0,0,0,0,0,0,0,0,0,0
Evan W. Miller,early-career awardee,"University of California, Berkeley",neuroscience (awardee),Klingenstein-Simons,0,0.0,0,2016;2017;2018;2019;2020;2021;2022;2023;2024;2025,0,0,3,,,unknown,unified_pubmed(full-name/affiliation-or-ORCID),last-author proxy,2025,,2026-09-05T03:53:19+00:00,3,pi_8a3a232b12d45f42800dbcda52f2bf3a,unified-papers,unreviewed,,unreviewed roster label,,unknown,Learning and memory,Imaging and microscopy,,unknown,Rat,,,not yet curated,,,0,,"The registry preserves this identity, but independent source evidence is still needed. | This institution is a historical roster label, not a sourced current appointment. | Lab model organisms are not yet source-backed; article-species mentions do not establish a lab model. | Selected scientific contributions have not yet been source-curated; this is not absence of contributions. | Excluded 1 different-given-name candidates; review aliases if any exclusion is unexpected.",,unknown,0,0,0,0,0,0,0,0,0,0
Susanne Ahmari,early-career awardee,University of Pittsburgh,neuroscience (awardee),Klingenstein-Simons,0,0.0,0,2016;2017;2018;2019;2020;2021;2022;2023;2024;2025,0,0,20,,2015,early (<=10y),unified_pubmed(full-name/affiliation-or-ORCID),last-author proxy,2025,first-paper proxy,2026-09-05T03:53:22+00:00,3,pi_b26d826547255c029047f709cc337e30,unified-papers,unreviewed,,unreviewed roster label,,unknown,Cellular and molecular neuroscience; Computation and cognition; Learning and memory; Motor systems; Neural circuits and behavior; Sensory systems,Calcium imaging; Imaging and microscopy; MRI and neuroimaging; Optogenetics; Sequencing and transcriptomics,,unknown,Mouse,,,not yet curated,,,1,,"The registry preserves this identity, but independent source evidence is still needed. | This institution is a historical roster label, not a sourced current appointment. | Lab model organisms are not yet source-backed; article-species mentions do not establish a lab model. | Selected scientific contributions have not yet been source-curated; this is not absence of contributions. | 1 candidate papers remain unresolved and are not included in totals.",,unknown,0,0,0,0,0,0,0,0,0,0
Matthew Banghart,early-career awardee,"University of California, San Diego",neuroscience (awardee),Klingenstein-Simons,0,0.0,0,2016;2017;2018;2019;2020;2021;2022;2023;2024;2025,1,0,4,,2021,rising (<=6y),unified_pubmed(full-name/affiliation-or-ORCID),last-author proxy,2025,first-paper proxy,2026-09-05T03:53:24+00:00,3,pi_5c1b8983c5515ed1b67f262710fe3954,unified-papers,unreviewed,,unreviewed roster label,,unknown,Neural circuits and behavior,,,unknown,Mouse; Rat,,,not yet curated,,,0,,"The registry preserves this identity, but independent source evidence is still needed. | This institution is a historical roster label, not a sourced current appointment. | Lab model organisms are not yet source-backed; article-species mentions do not establish a lab model. | Selected scientific contributions have not yet been source-curated; this is not absence of contributions.",,unknown,0,0,0,0,0,0,0,0,0,0
Richard Daneman,early-career awardee,"University of California, San Diego",neuroscience (awardee),Klingenstein-Simons,0,0.0,0,2016;2017;2018;2019;2020;2021;2022;2023;2024;2025,0,0,1,,2014,established,unified_pubmed(full-name/affiliation-or-ORCID),last-author proxy,2025,first-paper proxy,2026-09-05T03:53:28+00:00,3,pi_4f9a93288b7b556c86112966482630f0,unified-papers,unreviewed,,unreviewed roster label,,unknown,,,,unknown,,,,not yet curated,,,0,,"The registry preserves this identity, but independent source evidence is still needed. | This institution is a historical roster label, not a sourced current appointment. | Lab model organisms are not yet source-backed; article-species mentions do not establish a lab model. | Selected scientific contributions have not yet been source-curated; this is not absence of contributions.",,unknown,0,0,0,0,0,0,0,0,0,0
Harrison W. Gabel,early-career awardee,Washington University in St. Louis,neuroscience (awardee),Klingenstein-Simons,0,0.0,0,2016;2017;2018;2019;2020;2021;2022;2023;2024;2025,1,0,11,,,unknown,unified_pubmed(full-name/affiliation-or-ORCID),last-author proxy,2025,,2026-09-05T03:53:31+00:00,3,pi_427d8c6b08495709827c4cf977f0d070,unified-papers,unreviewed,,unreviewed roster label,,unknown,Cellular and molecular neuroscience; Motor systems; Neural circuits and behavior; Sensory systems,Organoids and stem-cell models; Sequencing and transcriptomics,,unknown,Mouse; Rat,,,not yet curated,,,0,,"The registry preserves this identity, but independent source evidence is still needed. | This institution is a historical roster label, not a sourced current appointment. | Lab model organisms are not yet source-backed; article-species mentions do not establish a lab model. | Selected scientific contributions have not yet been source-curated; this is not absence of contributions.",,unknown,0,0,0,0,0,0,0,0,0,0
Catherine Hartley,early-career awardee,New York University,neuroscience (awardee),Klingenstein-Simons,0,0.0,0,2016;2017;2018;2019;2020;2021;2022;2023;2024;2025,1,3,28,,2016,early (<=10y),unified_pubmed(full-name/affiliation-or-ORCID),last-author proxy,2025,first-paper proxy,2026-09-05T03:53:32+00:00,3,pi_74677ecf30b453ac8331d07fbce7e058,unified-papers,unreviewed,,unreviewed roster label,,unknown,Computation and cognition; Learning and memory; Neural circuits and behavior,Computational modeling; Imaging and microscopy; MRI and neuroimaging,,unknown,Human,,,not yet curated,,,2,,"The registry preserves this identity, but independent source evidence is still needed. | This institution is a historical roster label, not a sourced current appointment. | Lab model organisms are not yet source-backed; article-species mentions do not establish a lab model. | Selected scientific contributions have not yet been source-curated; this is not absence of contributions. | 2 candidate papers remain unresolved and are not included in totals.",,unknown,0,0,0,0,0,0,0,0,0,0
Michael Hoppa,early-career awardee,Dartmouth College,neuroscience (awardee),Klingenstein-Simons,0,0.0,0,2016;2017;2018;2019;2020;2021;2022;2023;2024;2025,0,0,8,,2017,early (<=10y),unified_pubmed(full-name/affiliation-or-ORCID),last-author proxy,2025,first-paper proxy,2026-09-05T03:53:35+00:00,3,pi_fae0c8c1900b59d183dda9d2ddb855f0,unified-papers,unreviewed,,unreviewed roster label,,unknown,Cellular and molecular neuroscience; Learning and memory,Imaging and microscopy; Optogenetics,,unknown,Mouse; Rat,,,not yet curated,,,0,,"The registry preserves this identity, but independent source evidence is still needed. | This institution is a historical roster label, not a sourced current appointment. | Lab model organisms are not yet source-backed; article-species mentions do not establish a lab model. | Selected scientific contributions have not yet been source-curated; this is not absence of contributions.",,unknown,0,0,0,0,0,0,0,0,0,0
Christine Merlin,early-career awardee,Texas A&M University,neuroscience (awardee),Klingenstein-Simons,0,0.0,0,2016;2017;2018;2019;2020;2021;2022;2023;2024;2025,0,0,10,,2016,early (<=10y),unified_pubmed(full-name/affiliation-or-ORCID),last-author proxy,2025,first-paper proxy,2026-09-05T03:53:36+00:00,3,pi_27829aa6e73952e1b852175ff1812502,unified-papers,unreviewed,,unreviewed roster label,,unknown,Cellular and molecular neuroscience; Neural circuits and behavior; Sensory systems; Sleep and circadian rhythms,Sequencing and transcriptomics,,unknown,Drosophila; Mouse,,,not yet curated,,,0,,"The registry preserves this identity, but independent source evidence is still needed. | This institution is a historical roster label, not a sourced current appointment. | Lab model organisms are not yet source-backed; article-species mentions do not establish a lab model. | Selected scientific contributions have not yet been source-curated; this is not absence of contributions.",,unknown,0,0,0,0,0,0,0,0,0,0
Kate Meyer,early-career awardee,University of North Carolina at Chapel Hill,neuroscience (awardee),"Klingenstein-Simons, Searle Scholar",0,0.0,0,2016;2017;2018;2019;2020;2021;2022;2023;2024;2025,0,0,0,,2015,early (<=10y),unified_pubmed(full-name/affiliation-or-ORCID),last-author proxy,2025,first-paper proxy,2026-09-05T03:53:38+00:00,3,pi_cc856812221e53e8b4c9eef652e6e704,unified-papers,unreviewed,,unreviewed roster label,,unknown,,,,unknown,,,,not yet curated,,,0,,"The registry preserves this identity, but independent source evidence is still needed. | This institution is a historical roster label, not a sourced current appointment. | Lab model organisms are not yet source-backed; article-species mentions do not establish a lab model. | Selected scientific contributions have not yet been source-curated; this is not absence of contributions. | Excluded 4 different-given-name candidates; review aliases if any exclusion is unexpected.",,unknown,0,0,0,0,0,0,0,0,0,0
Wei Xu,early-career awardee,University of Texas Southwestern Medical Center,neuroscience (awardee),Klingenstein-Simons,0,0.0,0,2016;2017;2018;2019;2020;2021;2022;2023;2024;2025,0,0,4,,2021,rising (<=6y),unified_pubmed(full-name/affiliation-or-ORCID),last-author proxy,2025,first-paper proxy,2026-09-05T03:53:39+00:00,3,pi_d0fb6ac3d134580b904e17256b56a2d1,unified-papers,unreviewed,,unreviewed roster label,,unknown,Cellular and molecular neuroscience; Glia and neuroimmunology; Learning and memory; Motor systems; Neural circuits and behavior,Electrophysiology; Imaging and microscopy,,unknown,Mouse,,,not yet curated,,,0,,"The registry preserves this identity, but independent source evidence is still needed. | This institution is a historical roster label, not a sourced current appointment. | Lab model organisms are not yet source-backed; article-species mentions do not establish a lab model. | Selected scientific contributions have not yet been source-curated; this is not absence of contributions. | Excluded 1 different-given-name candidates; review aliases if any exclusion is unexpected.",,unknown,0,0,0,0,0,0,0,0,0,0
Junjie Guo,early-career awardee,University of Texas Southwestern Medical Center,neuroscience (awardee),Klingenstein-Simons,0,0.0,0,2016;2017;2018;2019;2020;2021;2022;2023;2024;2025,0,0,0,,2019,rising (<=6y),unified_pubmed(full-name/affiliation-or-ORCID),last-author proxy,2025,first-paper proxy,2026-09-05T03:53:44+00:00,3,pi_b34363a9e97950a982bab6e9eace9081,unified-papers,unreviewed,,unreviewed roster label,,unknown,,,,unknown,,,,not yet curated,,,0,,"The registry preserves this identity, but independent source evidence is still needed. | This institution is a historical roster label, not a sourced current appointment. | Lab model organisms are not yet source-backed; article-species mentions do not establish a lab model. | Selected scientific contributions have not yet been source-curated; this is not absence of contributions. | Excluded 2 different-given-name candidates; review aliases if any exclusion is unexpected.",,unknown,0,0,0,0,0,0,0,0,0,0
Celine Riera,early-career awardee,Cedars-Sinai Medical Center,neuroscience (awardee),Klingenstein-Simons,0,0.0,0,2016;2017;2018;2019;2020;2021;2022;2023;2024;2025,0,0,9,,2019,rising (<=6y),unified_pubmed(full-name/affiliation-or-ORCID),last-author proxy,2025,first-paper proxy,2026-09-05T03:53:49+00:00,3,pi_f1c8744c355059378b6ca7bc65d0fa2e,unified-papers,unreviewed,,unreviewed roster label,,unknown,Neural circuits and behavior; Neurodegeneration and aging; Sensory systems,,,unknown,Mouse,,,not yet curated,,,0,,"The registry preserves this identity, but independent source evidence is still needed. | This institution is a historical roster label, not a sourced current appointment. | Lab model organisms are not yet source-backed; article-species mentions do not establish a lab model. | Selected scientific contributions have not yet been source-curated; this is not absence of contributions.",,unknown,0,0,0,0,0,0,0,0,0,0
Hongdian Yang,early-career awardee,"University of California, Riverside",neuroscience (awardee),Klingenstein-Simons,0,0.0,0,2016;2017;2018;2019;2020;2021;2022;2023;2024;2025,0,0,1,,,unknown,unified_pubmed(full-name/affiliation-or-ORCID),last-author proxy,2025,,2026-09-05T03:53:53+00:00,3,pi_325cd5eccabf513aa336436af37d4afc,unified-papers,unreviewed,,unreviewed roster label,,unknown,Computation and cognition; Motor systems; Neural circuits and behavior; Sensory systems; Sleep and circadian rhythms,,,unknown,Mouse,,,not yet curated,,,0,,"The registry preserves this identity, but independent source evidence is still needed. | This institution is a historical roster label, not a sourced current appointment. | Lab model organisms are not yet source-backed; article-species mentions do not establish a lab model. | Selected scientific contributions have not yet been source-curated; this is not absence of contributions. | Excluded 1 different-given-name candidates; review aliases if any exclusion is unexpected.",,unknown,0,0,0,0,0,0,0,0,0,0
Elias Issa,early-career awardee,Columbia University,neuroscience (awardee),Klingenstein-Simons,0,0.0,0,2016;2017;2018;2019;2020;2021;2022;2023;2024;2025,0,1,4,,2022,rising (<=6y),unified_pubmed(full-name/affiliation-or-ORCID),last-author proxy,2025,first-paper proxy,2026-09-05T03:53:56+00:00,3,pi_e88daa53738c5804a0ef4a52973f08a2,unified-papers,unreviewed,,unreviewed roster label,,unknown,Computation and cognition; Neural circuits and behavior; Sensory systems,Computational modeling; Imaging and microscopy; MRI and neuroimaging,,unknown,Human; Nonhuman primates,,,not yet curated,,,0,,"The registry preserves this identity, but independent source evidence is still needed. | This institution is a historical roster label, not a sourced current appointment. | Lab model organisms are not yet source-backed; article-species mentions do not establish a lab model. | Selected scientific contributions have not yet been source-curated; this is not absence of contributions.",,unknown,0,0,0,0,0,0,0,0,0,0
Hiroyuki Kato,early-career awardee,University of North Carolina at Chapel Hill,neuroscience (awardee),"Klingenstein-Simons, Pew Biomedical",0,0.0,0,2016;2017;2018;2019;2020;2021;2022;2023;2024;2025,0,0,6,,2014,established,unified_pubmed(full-name/affiliation-or-ORCID),last-author proxy,2025,first-paper proxy,2026-09-05T03:53:58+00:00,3,pi_d188c4444173512291acff5d157886e6,unified-papers,unreviewed,,unreviewed roster label,,unknown,Cellular and molecular neuroscience; Sensory systems,Imaging and microscopy; MRI and neuroimaging; Optogenetics,,unknown,Mouse,,,not yet curated,,,0,,"The registry preserves this identity, but independent source evidence is still needed. | This institution is a historical roster label, not a sourced current appointment. | Lab model organisms are not yet source-backed; article-species mentions do not establish a lab model. | Selected scientific contributions have not yet been source-curated; this is not absence of contributions.",,unknown,0,0,0,0,0,0,0,0,0,0
Aubrey Kelly,early-career awardee,Fordham University,neuroscience (awardee),Klingenstein-Simons,0,0.0,0,2016;2017;2018;2019;2020;2021;2022;2023;2024;2025,0,0,0,,,unknown,unified_pubmed(full-name/affiliation-or-ORCID),last-author proxy,2025,,2026-09-05T03:53:59+00:00,3,pi_82fad8f3daba5bdb86b59b092ec82ad7,unified-papers,unreviewed,,unreviewed roster label,,unknown,,,,unknown,,,,not yet curated,,,0,,"The registry preserves this identity, but independent source evidence is still needed. | This institution is a historical roster label, not a sourced current appointment. | Lab model organisms are not yet source-backed; article-species mentions do not establish a lab model. | Selected scientific contributions have not yet been source-curated; this is not absence of contributions.",,unknown,0,0,0,0,0,0,0,0,0,0
Mark Howe,early-career awardee,Northwestern University,neuroscience (awardee),Klingenstein-Simons,0,0.0,0,2016;2017;2018;2019;2020;2021;2022;2023;2024;2025,0,0,0,,,unknown,unified_pubmed(full-name/affiliation-or-ORCID),last-author proxy,2025,,2026-09-05T03:54:02+00:00,3,pi_8e6b4255150251c0acc4a4e137dc6755,unified-papers,unreviewed,,unreviewed roster label,,unknown,,,,unknown,,,,not yet curated,,,0,,"The registry preserves this identity, but independent source evidence is still needed. | This institution is a historical roster label, not a sourced current appointment. | Lab model organisms are not yet source-backed; article-species mentions do not establish a lab model. | Selected scientific contributions have not yet been source-curated; this is not absence of contributions.",,unknown,0,0,0,0,0,0,0,0,0,0
Caroline Runyan,early-career awardee,University of Pittsburgh,neuroscience (awardee),"Klingenstein-Simons, Pew Biomedical, Searle Scholar",0,0.0,0,2016;2017;2018;2019;2020;2021;2022;2023;2024;2025,0,0,5,,2022,rising (<=6y),unified_pubmed(full-name/affiliation-or-ORCID),last-author proxy,2025,first-paper proxy,2026-09-05T03:54:03+00:00,3,pi_d76f11bd53f553019e919b29440370f4,unified-papers,unreviewed,,unreviewed roster label,,unknown,Computation and cognition; Motor systems; Sensory systems,Calcium imaging; Imaging and microscopy; Optogenetics,,unknown,Mouse,,,not yet curated,,,0,,"The registry preserves this identity, but independent source evidence is still needed. | This institution is a historical roster label, not a sourced current appointment. | Lab model organisms are not yet source-backed; article-species mentions do not establish a lab model. | Selected scientific contributions have not yet been source-curated; this is not absence of contributions.",,unknown,0,0,0,0,0,0,0,0,0,0
Ghazaleh Ashrafi,early-career awardee,Washington University in St. Louis,neuroscience (awardee),Klingenstein-Simons,0,0.0,0,2016;2017;2018;2019;2020;2021;2022;2023;2024;2025,0,0,4,,,unknown,unified_pubmed(full-name/affiliation-or-ORCID),last-author proxy,2025,,2026-09-05T03:54:09+00:00,3,pi_b91cf2af0a1c569bb61e71ef194b708e,unified-papers,unreviewed,,unreviewed roster label,,unknown,Cellular and molecular neuroscience; Learning and memory,Computational modeling,,unknown,Mouse; Rat,,,not yet curated,,,0,,"The registry preserves this identity, but independent source evidence is still needed. | This institution is a historical roster label, not a sourced current appointment. | Lab model organisms are not yet source-backed; article-species mentions do not establish a lab model. | Selected scientific contributions have not yet been source-curated; this is not absence of contributions.",,unknown,0,0,0,0,0,0,0,0,0,0
Laura Duvall,early-career awardee,Brandeis University,neuroscience (awardee),"Klingenstein-Simons, Pew Biomedical",0,0.0,0,2016;2017;2018;2019;2020;2021;2022;2023;2024;2025,0,0,0,,,unknown,unified_pubmed(full-name/affiliation-or-ORCID),last-author proxy,2025,,2026-09-05T03:54:10+00:00,3,pi_577720dffbb15692985948f01145f0b9,unified-papers,unreviewed,,unreviewed roster label,,unknown,,,,unknown,,,,not yet curated,,,0,,"The registry preserves this identity, but independent source evidence is still needed. | This institution is a historical roster label, not a sourced current appointment. | Lab model organisms are not yet source-backed; article-species mentions do not establish a lab model. | Selected scientific contributions have not yet been source-curated; this is not absence of contributions.",,unknown,0,0,0,0,0,0,0,0,0,0
Michael Economo,early-career awardee,Boston University,neuroscience (awardee),Klingenstein-Simons,0,0.0,0,2016;2017;2018;2019;2020;2021;2022;2023;2024;2025,2,0,3,,2023,rising (<=6y),unified_pubmed(full-name/affiliation-or-ORCID),last-author proxy,2025,first-paper proxy,2026-09-05T03:54:11+00:00,3,pi_5aedba217e8a5f00a18c06438dfdcfc3,unified-papers,unreviewed,,unreviewed roster label,,unknown,Computation and cognition; Motor systems; Neural circuits and behavior,Electrophysiology; Imaging and microscopy; Optogenetics,,unknown,Mouse,,,not yet curated,,,0,,"The registry preserves this identity, but independent source evidence is still needed. | This institution is a historical roster label, not a sourced current appointment. | Lab model organisms are not yet source-backed; article-species mentions do not establish a lab model. | Selected scientific contributions have not yet been source-curated; this is not absence of contributions.",,unknown,0,0,0,0,0,0,0,0,0,0
James Jeanne,early-career awardee,Yale University,neuroscience (awardee),Klingenstein-Simons,0,0.0,0,2016;2017;2018;2019;2020;2021;2022;2023;2024;2025,0,0,3,,2020,rising (<=6y),unified_pubmed(full-name/affiliation-or-ORCID),last-author proxy,2025,first-paper proxy,2026-09-05T03:54:12+00:00,3,pi_3fb0be8bf9355bbda250c8bdff4112e7,unified-papers,unreviewed,,unreviewed roster label,,unknown,Cellular and molecular neuroscience; Computation and cognition; Learning and memory; Neural circuits and behavior; Sensory systems,Connectomics; Imaging and microscopy; Optogenetics,,unknown,Drosophila,,,not yet curated,,,0,,"The registry preserves this identity, but independent source evidence is still needed. | This institution is a historical roster label, not a sourced current appointment. | Lab model organisms are not yet source-backed; article-species mentions do not establish a lab model. | Selected scientific contributions have not yet been source-curated; this is not absence of contributions.",,unknown,0,0,0,0,0,0,0,0,0,0
Liang Liang,early-career awardee,Harvard University,neuroscience (awardee),Klingenstein-Simons,0,0.0,0,2016;2017;2018;2019;2020;2021;2022;2023;2024;2025,0,0,0,,2013,established,unified_pubmed(full-name/affiliation-or-ORCID),last-author proxy,2025,first-paper proxy,2026-09-05T03:54:14+00:00,3,pi_44a9d782e6a251788b79b29fa613bfc8,unified-papers,unreviewed,,unreviewed roster label,,unknown,,,,unknown,,,,not yet curated,,,0,,"The registry preserves this identity, but independent source evidence is still needed. | This institution is a historical roster label, not a sourced current appointment. | Lab model organisms are not yet source-backed; article-species mentions do not establish a lab model. | Selected scientific contributions have not yet been source-curated; this is not absence of contributions.",,unknown,0,0,0,0,0,0,0,0,0,0
Derek Southwell,early-career awardee,"University of California, San Francisco",neuroscience (awardee),"Klingenstein-Simons, NIH DP2",0,0.0,0,2016;2017;2018;2019;2020;2021;2022;2023;2024;2025,0,0,0,,,unknown,unified_pubmed(full-name/affiliation-or-ORCID),last-author proxy,2025,,2026-09-05T03:54:15+00:00,3,pi_dd7798e345815bcba4e75152cd49658e,unified-papers,unreviewed,,unreviewed roster label,,unknown,,,,unknown,,,,not yet curated,,,0,,"The registry preserves this identity, but independent source evidence is still needed. | This institution is a historical roster label, not a sourced current appointment. | Lab model organisms are not yet source-backed; article-species mentions do not establish a lab model. | Selected scientific contributions have not yet been source-curated; this is not absence of contributions.",,unknown,0,0,0,0,0,0,0,0,0,0
Summer Thyme,early-career awardee,Icahn School of Medicine at Mount Sinai,neuroscience (awardee),"Klingenstein-Simons, Pew Biomedical",0,0.0,0,2016;2017;2018;2019;2020;2021;2022;2023;2024;2025,0,0,0,,2021,rising (<=6y),unified_pubmed(full-name/affiliation-or-ORCID),last-author proxy,2025,first-paper proxy,2026-09-05T03:54:15+00:00,3,pi_aee82ad75aca526bb78f0bb3bcc0a7df,unified-papers,unreviewed,,unreviewed roster label,,unknown,,,,unknown,,,,not yet curated,,,0,,"The registry preserves this identity, but independent source evidence is still needed. | This institution is a historical roster label, not a sourced current appointment. | Lab model organisms are not yet source-backed; article-species mentions do not establish a lab model. | Selected scientific contributions have not yet been source-curated; this is not absence of contributions.",,unknown,0,0,0,0,0,0,0,0,0,0
Nicholas Steinmetz,early-career awardee,University of Washington,neuroscience (awardee),"Klingenstein-Simons, Pew Biomedical",0,0.0,0,2016;2017;2018;2019;2020;2021;2022;2023;2024;2025,1,0,2,,2019,rising (<=6y),unified_pubmed(full-name/affiliation-or-ORCID),last-author proxy,2025,first-paper proxy,2026-09-05T03:54:16+00:00,3,pi_9572def154e15711bec71995f7ebb4c4,unified-papers,unreviewed,,unreviewed roster label,,unknown,Sensory systems,Electrophysiology,,unknown,Mouse,,,not yet curated,,,0,,"The registry preserves this identity, but independent source evidence is still needed. | This institution is a historical roster label, not a sourced current appointment. | Lab model organisms are not yet source-backed; article-species mentions do not establish a lab model. | Selected scientific contributions have not yet been source-curated; this is not absence of contributions. | Excluded 1 different-given-name candidates; review aliases if any exclusion is unexpected.",,unknown,0,0,0,0,0,0,0,0,0,0
Amanda Whipple,early-career awardee,Harvard University,neuroscience (awardee),Klingenstein-Simons,0,0.0,0,2016;2017;2018;2019;2020;2021;2022;2023;2024;2025,0,0,1,,2023,rising (<=6y),unified_pubmed(full-name/affiliation-or-ORCID),last-author proxy,2025,first-paper proxy,2026-09-05T03:54:18+00:00,3,pi_d6810e4bb1ea565c98c6c772fc3edb3b,unified-papers,unreviewed,,unreviewed roster label,,unknown,Cellular and molecular neuroscience; Development,,,unknown,Mouse,,,not yet curated,,,0,,"The registry preserves this identity, but independent source evidence is still needed. | This institution is a historical roster label, not a sourced current appointment. | Lab model organisms are not yet source-backed; article-species mentions do not establish a lab model. | Selected scientific contributions have not yet been source-curated; this is not absence of contributions.",,unknown,0,0,0,0,0,0,0,0,0,0
Moriel Zelikowsky,early-career awardee,University of Utah,neuroscience (awardee),Klingenstein-Simons,0,0.0,0,2016;2017;2018;2019;2020;2021;2022;2023;2024;2025,1,0,5,,2020,rising (<=6y),unified_pubmed(full-name/affiliation-or-ORCID),last-author proxy,2025,first-paper proxy,2026-09-05T03:54:19+00:00,3,pi_b68a917a0ff75addb62050764da7b927,unified-papers,unreviewed,,unreviewed roster label,,unknown,Computation and cognition; Learning and memory; Neural circuits and behavior,,,unknown,Drosophila; Mouse,,,not yet curated,,,0,,"The registry preserves this identity, but independent source evidence is still needed. | This institution is a historical roster label, not a sourced current appointment. | Lab model organisms are not yet source-backed; article-species mentions do not establish a lab model. | Selected scientific contributions have not yet been source-curated; this is not absence of contributions.",,unknown,0,0,0,0,0,0,0,0,0,0
Frederick Bennett,early-career awardee,University of Pennsylvania,neuroscience (awardee),Klingenstein-Simons,0,0.0,0,2016;2017;2018;2019;2020;2021;2022;2023;2024;2025,0,0,2,,2020,rising (<=6y),unified_pubmed(full-name/affiliation-or-ORCID),last-author proxy,2025,first-paper proxy,2026-09-05T03:54:23+00:00,3,pi_346d15a51f5152a0bc7aab4b223aa1ce,unified-papers,unreviewed,,unreviewed roster label,,unknown,Glia and neuroimmunology; Learning and memory,,,unknown,Mouse,,,not yet curated,,,7,,"The registry preserves this identity, but independent source evidence is still needed. | This institution is a historical roster label, not a sourced current appointment. | Lab model organisms are not yet source-backed; article-species mentions do not establish a lab model. | Selected scientific contributions have not yet been source-curated; this is not absence of contributions. | 7 candidate papers remain unresolved and are not included in totals.",,unknown,0,0,0,0,0,0,0,0,0,0
Laura DeNardo,early-career awardee,"University of California, Los Angeles",neuroscience (awardee),Klingenstein-Simons,0,0.0,0,2016;2017;2018;2019;2020;2021;2022;2023;2024;2025,1,2,8,,2021,rising (<=6y),unified_pubmed(full-name/affiliation-or-ORCID),last-author proxy,2025,first-paper proxy,2026-09-05T03:54:25+00:00,3,pi_ec902344e39f583a87aa8bc823439782,unified-papers,unreviewed,,unreviewed roster label,,unknown,Cellular and molecular neuroscience; Computation and cognition; Learning and memory; Neural circuits and behavior,Computational modeling; Imaging and microscopy; Optogenetics,,unknown,Mouse; Rat,,,not yet curated,,,1,,"The registry preserves this identity, but independent source evidence is still needed. | This institution is a historical roster label, not a sourced current appointment. | Lab model organisms are not yet source-backed; article-species mentions do not establish a lab model. | Selected scientific contributions have not yet been source-curated; this is not absence of contributions. | 1 candidate papers remain unresolved and are not included in totals.",,unknown,0,0,0,0,0,0,0,0,0,0
Yi-Rong Peng,early-career awardee,"University of California, Los Angeles",neuroscience (awardee),Klingenstein-Simons,0,0.0,0,2016;2017;2018;2019;2020;2021;2022;2023;2024;2025,0,0,3,,2023,rising (<=6y),unified_pubmed(full-name/affiliation-or-ORCID),last-author proxy,2025,first-paper proxy,2026-09-05T03:54:28+00:00,3,pi_591439f6def1519abb6ab1eb224d4a70,unified-papers,unreviewed,,unreviewed roster label,,unknown,Cellular and molecular neuroscience; Glia and neuroimmunology; Sensory systems,Sequencing and transcriptomics,,unknown,Mouse; Nonhuman primates; Zebrafish,,,not yet curated,,,1,,"The registry preserves this identity, but independent source evidence is still needed. | This institution is a historical roster label, not a sourced current appointment. | Lab model organisms are not yet source-backed; article-species mentions do not establish a lab model. | Selected scientific contributions have not yet been source-curated; this is not absence of contributions. | 1 candidate papers remain unresolved and are not included in totals.",,unknown,0,0,0,0,0,0,0,0,0,0
Hongying Shen,early-career awardee,Yale University,neuroscience (awardee),Klingenstein-Simons,0,0.0,0,2016;2017;2018;2019;2020;2021;2022;2023;2024;2025,0,0,4,,2007,established,unified_pubmed(full-name/affiliation-or-ORCID),last-author proxy,2025,first-paper proxy,2026-09-05T03:54:30+00:00,3,pi_1ada577ee9d75a2986f77fdb4adc846e,unified-papers,unreviewed,,unreviewed roster label,,unknown,,,,unknown,C. elegans; Drosophila,,,not yet curated,,,0,,"The registry preserves this identity, but independent source evidence is still needed. | This institution is a historical roster label, not a sourced current appointment. | Lab model organisms are not yet source-backed; article-species mentions do not establish a lab model. | Selected scientific contributions have not yet been source-curated; this is not absence of contributions. | Excluded 1 different-given-name candidates; review aliases if any exclusion is unexpected.",,unknown,0,0,0,0,0,0,0,0,0,0
Ross Williamson,early-career awardee,University of Pittsburgh,neuroscience (awardee),Klingenstein-Simons,0,0.0,0,2016;2017;2018;2019;2020;2021;2022;2023;2024;2025,0,0,1,,2019,rising (<=6y),unified_pubmed(full-name/affiliation-or-ORCID),last-author proxy,2025,first-paper proxy,2026-09-05T03:54:35+00:00,3,pi_2bdf8f6a775856e4affe1d91fae2a7b9,unified-papers,unreviewed,,unreviewed roster label,,unknown,Computation and cognition; Learning and memory; Neural circuits and behavior; Sensory systems,Optogenetics,,unknown,Mouse,,,not yet curated,,,0,,"The registry preserves this identity, but independent source evidence is still needed. | This institution is a historical roster label, not a sourced current appointment. | Lab model organisms are not yet source-backed; article-species mentions do not establish a lab model. | Selected scientific contributions have not yet been source-curated; this is not absence of contributions.",,unknown,0,0,0,0,0,0,0,0,0,0
Marie Bechler,early-career awardee,SUNY Upstate Medical University,neuroscience (awardee),Klingenstein-Simons,0,0.0,0,2016;2017;2018;2019;2020;2021;2022;2023;2024;2025,0,0,0,,2025,rising (<=6y),unified_pubmed(full-name/affiliation-or-ORCID),last-author proxy,2025,first-paper proxy,2026-09-05T03:54:36+00:00,3,pi_90a84cbc35f4556cbeb847914ba81df8,unified-papers,unreviewed,,unreviewed roster label,,unknown,,,,unknown,,,,not yet curated,,,0,,"The registry preserves this identity, but independent source evidence is still needed. | This institution is a historical roster label, not a sourced current appointment. | Lab model organisms are not yet source-backed; article-species mentions do not establish a lab model. | Selected scientific contributions have not yet been source-curated; this is not absence of contributions.",,unknown,0,0,0,0,0,0,0,0,0,0
Robert Hill,early-career awardee,Dartmouth College,neuroscience (awardee),Klingenstein-Simons,0,0.0,0,2016;2017;2018;2019;2020;2021;2022;2023;2024;2025,1,0,8,,2015,early (<=10y),unified_pubmed(full-name/affiliation-or-ORCID),last-author proxy,2025,first-paper proxy,2026-09-05T03:54:39+00:00,3,pi_d3bdf686019c5a2a88d0e1de3d972e0a,unified-papers,unreviewed,,unreviewed roster label,,unknown,Glia and neuroimmunology; Learning and memory,Imaging and microscopy,,unknown,Mouse,,,not yet curated,,,0,,"The registry preserves this identity, but independent source evidence is still needed. | This institution is a historical roster label, not a sourced current appointment. | Lab model organisms are not yet source-backed; article-species mentions do not establish a lab model. | Selected scientific contributions have not yet been source-curated; this is not absence of contributions.",,unknown,0,0,0,0,0,0,0,0,0,0
Justus Kebschull,early-career awardee,Johns Hopkins University,neuroscience (awardee),Klingenstein-Simons,0,0.0,0,2016;2017;2018;2019;2020;2021;2022;2023;2024;2025,0,0,0,,2022,rising (<=6y),unified_pubmed(full-name/affiliation-or-ORCID),last-author proxy,2025,first-paper proxy,2026-09-05T03:54:41+00:00,3,pi_a7e2f275660754cf991602613fd6b982,unified-papers,unreviewed,,unreviewed roster label,,unknown,,,,unknown,,,,not yet curated,,,0,,"The registry preserves this identity, but independent source evidence is still needed. | This institution is a historical roster label, not a sourced current appointment. | Lab model organisms are not yet source-backed; article-species mentions do not establish a lab model. | Selected scientific contributions have not yet been source-curated; this is not absence of contributions.",,unknown,0,0,0,0,0,0,0,0,0,0
Aakanksha Singhvi,early-career awardee,Fred Hutchinson Cancer Center,neuroscience (awardee),Klingenstein-Simons,0,0.0,0,2016;2017;2018;2019;2020;2021;2022;2023;2024;2025,0,1,9,,2021,rising (<=6y),unified_pubmed(full-name/affiliation-or-ORCID),last-author proxy,2025,first-paper proxy,2026-09-05T03:54:42+00:00,3,pi_241fa8f5a9c05bac831ad7ef5746bda0,unified-papers,unreviewed,,unreviewed roster label,,unknown,Cellular and molecular neuroscience; Glia and neuroimmunology; Neural circuits and behavior; Sensory systems,Sequencing and transcriptomics,,unknown,C. elegans; Drosophila,,,not yet curated,,,0,,"The registry preserves this identity, but independent source evidence is still needed. | This institution is a historical roster label, not a sourced current appointment. | Lab model organisms are not yet source-backed; article-species mentions do not establish a lab model. | Selected scientific contributions have not yet been source-curated; this is not absence of contributions.",,unknown,0,0,0,0,0,0,0,0,0,0
Hume Stroud,early-career awardee,University of Texas Southwestern Medical Center,neuroscience (awardee),Klingenstein-Simons,0,0.0,0,2016;2017;2018;2019;2020;2021;2022;2023;2024;2025,1,0,1,,2025,rising (<=6y),unified_pubmed(full-name/affiliation-or-ORCID),last-author proxy,2025,first-paper proxy,2026-09-05T03:54:44+00:00,3,pi_5ada0237b6ca53549d24c194bedb9939,unified-papers,unreviewed,,unreviewed roster label,,unknown,,,,unknown,Mouse,,,not yet curated,,,0,,"The registry preserves this identity, but independent source evidence is still needed. | This institution is a historical roster label, not a sourced current appointment. | Lab model organisms are not yet source-backed; article-species mentions do not establish a lab model. | Selected scientific contributions have not yet been source-curated; this is not absence of contributions.",,unknown,0,0,0,0,0,0,0,0,0,0
Steffen Wolff,early-career awardee,University of Maryland School of Medicine,neuroscience (awardee),Klingenstein-Simons,0,0.0,0,2016;2017;2018;2019;2020;2021;2022;2023;2024;2025,0,0,0,,,unknown,unified_pubmed(full-name/affiliation-or-ORCID),last-author proxy,2025,,2026-09-05T03:54:45+00:00,3,pi_644c038685ed5541ac56a9fc7811490a,unified-papers,unreviewed,,unreviewed roster label,,unknown,,,,unknown,,,,not yet curated,,,0,,"The registry preserves this identity, but independent source evidence is still needed. | This institution is a historical roster label, not a sourced current appointment. | Lab model organisms are not yet source-backed; article-species mentions do not establish a lab model. | Selected scientific contributions have not yet been source-curated; this is not absence of contributions.",,unknown,0,0,0,0,0,0,0,0,0,0
Eviatar Yemini,early-career awardee,UMass Chan Medical School,neuroscience (awardee),Klingenstein-Simons,0,0.0,0,2016;2017;2018;2019;2020;2021;2022;2023;2024;2025,0,0,0,,,unknown,unified_pubmed(full-name/affiliation-or-ORCID),last-author proxy,2025,,2026-09-05T03:54:48+00:00,3,pi_7ff4085f73095d588db28fc6d4434565,unified-papers,unreviewed,,unreviewed roster label,,unknown,,,,unknown,,,,not yet curated,,,0,,"The registry preserves this identity, but independent source evidence is still needed. | This institution is a historical roster label, not a sourced current appointment. | Lab model organisms are not yet source-backed; article-species mentions do not establish a lab model. | Selected scientific contributions have not yet been source-curated; this is not absence of contributions.",,unknown,0,0,0,0,0,0,0,0,0,0
Lejla Zubcevic,early-career awardee,University of Kansas Medical Center,neuroscience (awardee),Klingenstein-Simons,0,0.0,0,2016;2017;2018;2019;2020;2021;2022;2023;2024;2025,0,0,4,,2020,rising (<=6y),unified_pubmed(full-name/affiliation-or-ORCID),last-author proxy,2025,first-paper proxy,2026-09-05T03:54:48+00:00,3,pi_43445f2bb1445ea9a942ffa03eb739fa,unified-papers,unreviewed,,unreviewed roster label,,unknown,Cellular and molecular neuroscience,Electrophysiology; Imaging and microscopy,,unknown,Rat,,,not yet curated,,,0,,"The registry preserves this identity, but independent source evidence is still needed. | This institution is a historical roster label, not a sourced current appointment. | Lab model organisms are not yet source-backed; article-species mentions do not establish a lab model. | Selected scientific contributions have not yet been source-curated; this is not absence of contributions.",,unknown,0,0,0,0,0,0,0,0,0,0
Ritchie Chen,early-career awardee,"University of California, San Francisco",neuroscience (awardee),Klingenstein-Simons,0,0.0,0,2016;2017;2018;2019;2020;2021;2022;2023;2024;2025,0,0,1,,,unknown,unified_pubmed(full-name/affiliation-or-ORCID),last-author proxy,2025,,2026-09-05T03:54:50+00:00,3,pi_6cfb4352e7595ae2a79aacf6f4441b14,unified-papers,unreviewed,,unreviewed roster label,,unknown,,,,unknown,,,,not yet curated,,,0,,"The registry preserves this identity, but independent source evidence is still needed. | This institution is a historical roster label, not a sourced current appointment. | Lab model organisms are not yet source-backed; article-species mentions do not establish a lab model. | Selected scientific contributions have not yet been source-curated; this is not absence of contributions. | Excluded 4 different-given-name candidates; review aliases if any exclusion is unexpected.",,unknown,0,0,0,0,0,0,0,0,0,0
SueYeon Chung,early-career awardee,New York University,neuroscience (awardee),Klingenstein-Simons,0,0.0,0,2016;2017;2018;2019;2020;2021;2022;2023;2024;2025,0,0,4,,2023,rising (<=6y),unified_pubmed(full-name/affiliation-or-ORCID),last-author proxy,2025,first-paper proxy,2026-09-05T03:54:52+00:00,3,pi_180d6ef832435b6482dd136a4a7c7a83,unified-papers,unreviewed,,unreviewed roster label,,unknown,Learning and memory; Sensory systems,,,unknown,,,,not yet curated,,,0,,"The registry preserves this identity, but independent source evidence is still needed. | This institution is a historical roster label, not a sourced current appointment. | Lab model organisms are not yet source-backed; article-species mentions do not establish a lab model. | Selected scientific contributions have not yet been source-curated; this is not absence of contributions. | Excluded 1 different-given-name candidates; review aliases if any exclusion is unexpected.",,unknown,0,0,0,0,0,0,0,0,0,0
Fenna Krienen,early-career awardee,Princeton University,neuroscience (awardee),"Klingenstein-Simons, NIH DP2, Pew Biomedical",0,0.0,0,2016;2017;2018;2019;2020;2021;2022;2023;2024;2025,0,0,0,,2025,rising (<=6y),unified_pubmed(full-name/affiliation-or-ORCID),last-author proxy,2025,first-paper proxy,2026-09-05T03:54:53+00:00,3,pi_fa24c9eb4c895beabb3fddc662a89951,unified-papers,unreviewed,,unreviewed roster label,,unknown,,,,unknown,,,,not yet curated,,,0,,"The registry preserves this identity, but independent source evidence is still needed. | This institution is a historical roster label, not a sourced current appointment. | Lab model organisms are not yet source-backed; article-species mentions do not establish a lab model. | Selected scientific contributions have not yet been source-curated; this is not absence of contributions.",,unknown,0,0,0,0,0,0,0,0,0,0
Ken Loh,early-career awardee,Yale University,neuroscience (awardee),Klingenstein-Simons,0,0.0,0,2016;2017;2018;2019;2020;2021;2022;2023;2024;2025,0,0,1,,2017,early (<=10y),unified_pubmed(full-name/affiliation-or-ORCID),last-author proxy,2025,first-paper proxy,2026-09-05T03:54:55+00:00,3,pi_577da147638256fea760afac293b1c63,unified-papers,unreviewed,,unreviewed roster label,,unknown,Neurodegeneration and aging,,,unknown,,,,not yet curated,,,0,,"The registry preserves this identity, but independent source evidence is still needed. | This institution is a historical roster label, not a sourced current appointment. | Lab model organisms are not yet source-backed; article-species mentions do not establish a lab model. | Selected scientific contributions have not yet been source-curated; this is not absence of contributions. | Excluded 3 different-given-name candidates; review aliases if any exclusion is unexpected.",,unknown,0,0,0,0,0,0,0,0,0,0
Lu Sun,early-career awardee,University of Texas Southwestern Medical Center,neuroscience (awardee),Klingenstein-Simons,0,0.0,0,2016;2017;2018;2019;2020;2021;2022;2023;2024;2025,1,0,4,,2009,established,unified_pubmed(full-name/affiliation-or-ORCID),last-author proxy,2025,first-paper proxy,2026-09-05T03:54:58+00:00,3,pi_f1f6491a9da0523c827f31d9a1bfeaaf,unified-papers,unreviewed,,unreviewed roster label,,unknown,Glia and neuroimmunology; Neural circuits and behavior,,,unknown,Mouse,,,not yet curated,,,0,,"The registry preserves this identity, but independent source evidence is still needed. | This institution is a historical roster label, not a sourced current appointment. | Lab model organisms are not yet source-backed; article-species mentions do not establish a lab model. | Selected scientific contributions have not yet been source-curated; this is not absence of contributions. | Excluded 1 different-given-name candidates; review aliases if any exclusion is unexpected.",,unknown,0,0,0,0,0,0,0,0,0,0
Emily Sylwestrak,early-career awardee,University of Oregon,neuroscience (awardee),Klingenstein-Simons,0,0.0,0,2016;2017;2018;2019;2020;2021;2022;2023;2024;2025,0,0,0,,2025,rising (<=6y),unified_pubmed(full-name/affiliation-or-ORCID),last-author proxy,2025,first-paper proxy,2026-09-05T03:54:59+00:00,3,pi_26c4d16dd565586baaa7db450e6cb6be,unified-papers,unreviewed,,unreviewed roster label,,unknown,,,,unknown,,,,not yet curated,,,0,,"The registry preserves this identity, but independent source evidence is still needed. | This institution is a historical roster label, not a sourced current appointment. | Lab model organisms are not yet source-backed; article-species mentions do not establish a lab model. | Selected scientific contributions have not yet been source-curated; this is not absence of contributions.",,unknown,0,0,0,0,0,0,0,0,0,0
Brady Weissbourd,early-career awardee,Massachusetts Institute of Technology,neuroscience (awardee),"Klingenstein-Simons, Searle Scholar",0,0.0,0,2016;2017;2018;2019;2020;2021;2022;2023;2024;2025,0,0,0,,,unknown,unified_pubmed(full-name/affiliation-or-ORCID),last-author proxy,2025,,2026-09-05T03:55:01+00:00,3,pi_f31e4b9090705e9b9c97e92b6c2f0939,unified-papers,unreviewed,,unreviewed roster label,,unknown,,,,unknown,,,,not yet curated,,,0,,"The registry preserves this identity, but independent source evidence is still needed. | This institution is a historical roster label, not a sourced current appointment. | Lab model organisms are not yet source-backed; article-species mentions do not establish a lab model. | Selected scientific contributions have not yet been source-curated; this is not absence of contributions.",,unknown,0,0,0,0,0,0,0,0,0,0
Kevin Yackle,early-career awardee,"University of California, San Francisco",neuroscience (awardee),Klingenstein-Simons,0,0.0,0,2016;2017;2018;2019;2020;2021;2022;2023;2024;2025,1,2,4,,2020,rising (<=6y),unified_pubmed(full-name/affiliation-or-ORCID),last-author proxy,2025,first-paper proxy,2026-09-05T03:55:02+00:00,3,pi_a5252ab8ceef5da4bda27cc1bacff894,unified-papers,unreviewed,,unreviewed roster label,,unknown,Neural circuits and behavior; Sensory systems,,,unknown,Human; Mouse,,,not yet curated,,,0,,"The registry preserves this identity, but independent source evidence is still needed. | This institution is a historical roster label, not a sourced current appointment. | Lab model organisms are not yet source-backed; article-species mentions do not establish a lab model. | Selected scientific contributions have not yet been source-curated; this is not absence of contributions.",,unknown,0,0,0,0,0,0,0,0,0,0
Vineet Augustine,early-career awardee,"University of California, San Diego",neuroscience (awardee),"Klingenstein-Simons, Searle Scholar",0,0.0,0,2016;2017;2018;2019;2020;2021;2022;2023;2024;2025,0,0,0,,2023,rising (<=6y),unified_pubmed(full-name/affiliation-or-ORCID),last-author proxy,2025,first-paper proxy,2026-09-05T03:55:03+00:00,3,pi_dc871c2c689156bb8ce5eb68a51de50a,unified-papers,unreviewed,,unreviewed roster label,,unknown,,,,unknown,,,,not yet curated,,,0,,"The registry preserves this identity, but independent source evidence is still needed. | This institution is a historical roster label, not a sourced current appointment. | Lab model organisms are not yet source-backed; article-species mentions do not establish a lab model. | Selected scientific contributions have not yet been source-curated; this is not absence of contributions.",,unknown,0,0,0,0,0,0,0,0,0,0
Jeeyun Chung,early-career awardee,Harvard University,neuroscience (awardee),Klingenstein-Simons,0,0.0,0,2016;2017;2018;2019;2020;2021;2022;2023;2024;2025,0,0,0,,2015,early (<=10y),unified_pubmed(full-name/affiliation-or-ORCID),last-author proxy,2025,first-paper proxy,2026-09-05T03:55:04+00:00,3,pi_c2e3b79e1e8e539cbbb8d3e80c4b357b,unified-papers,unreviewed,,unreviewed roster label,,unknown,,,,unknown,,,,not yet curated,,,1,,"The registry preserves this identity, but independent source evidence is still needed. | This institution is a historical roster label, not a sourced current appointment. | Lab model organisms are not yet source-backed; article-species mentions do not establish a lab model. | Selected scientific contributions have not yet been source-curated; this is not absence of contributions. | 1 candidate papers remain unresolved and are not included in totals.",,unknown,0,0,0,0,0,0,0,0,0,0
Linlin Fan,early-career awardee,Massachusetts Institute of Technology,neuroscience (awardee),"Klingenstein-Simons, Searle Scholar",0,0.0,0,2016;2017;2018;2019;2020;2021;2022;2023;2024;2025,0,0,0,,,unknown,unified_pubmed(full-name/affiliation-or-ORCID),last-author proxy,2025,,2026-09-05T03:55:05+00:00,3,pi_99af21ae0844511c9a5b4c933d27946b,unified-papers,unreviewed,,unreviewed roster label,,unknown,,,,unknown,,,,not yet curated,,,0,,"The registry preserves this identity, but independent source evidence is still needed. | This institution is a historical roster label, not a sourced current appointment. | Lab model organisms are not yet source-backed; article-species mentions do not establish a lab model. | Selected scientific contributions have not yet been source-curated; this is not absence of contributions.",,unknown,0,0,0,0,0,0,0,0,0,0
Jordan Farrell,early-career awardee,Boston Children's Hospital,neuroscience (awardee),Klingenstein-Simons,0,0.0,0,2016;2017;2018;2019;2020;2021;2022;2023;2024;2025,0,0,0,,2007,established,unified_pubmed(full-name/affiliation-or-ORCID),last-author proxy,2025,first-paper proxy,2026-09-05T03:55:06+00:00,3,pi_c676046e369d53af936fe288f46183d2,unified-papers,unreviewed,,unreviewed roster label,,unknown,,,,unknown,,,,not yet curated,,,0,,"The registry preserves this identity, but independent source evidence is still needed. | This institution is a historical roster label, not a sourced current appointment. | Lab model organisms are not yet source-backed; article-species mentions do not establish a lab model. | Selected scientific contributions have not yet been source-curated; this is not absence of contributions.",,unknown,0,0,0,0,0,0,0,0,0,0
Anna K. Gillespie,early-career awardee,University of Washington,neuroscience (awardee),Klingenstein-Simons,0,0.0,0,2016;2017;2018;2019;2020;2021;2022;2023;2024;2025,0,0,1,,2025,rising (<=6y),unified_pubmed(full-name/affiliation-or-ORCID),last-author proxy,2025,first-paper proxy,2026-09-05T03:55:08+00:00,3,pi_0520b53d943d54d39432ea0a5774a560,unified-papers,unreviewed,,unreviewed roster label,,unknown,,,,unknown,,,,not yet curated,,,0,,"The registry preserves this identity, but independent source evidence is still needed. | This institution is a historical roster label, not a sourced current appointment. | Lab model organisms are not yet source-backed; article-species mentions do not establish a lab model. | Selected scientific contributions have not yet been source-curated; this is not absence of contributions.",,unknown,0,0,0,0,0,0,0,0,0,0
Eirene Markenscoff-Papadimitriou,early-career awardee,Cornell University,neuroscience (awardee),Klingenstein-Simons,0,0.0,0,2016;2017;2018;2019;2020;2021;2022;2023;2024;2025,0,0,1,,2025,rising (<=6y),unified_pubmed(full-name/affiliation-or-ORCID),last-author proxy,2025,first-paper proxy,2026-09-05T03:55:09+00:00,3,pi_9c0c88a8ff2e5474936bf5da0a476fab,unified-papers,unreviewed,,unreviewed roster label,,unknown,Development,,,unknown,,,,not yet curated,,,0,,"The registry preserves this identity, but independent source evidence is still needed. | This institution is a historical roster label, not a sourced current appointment. | Lab model organisms are not yet source-backed; article-species mentions do not establish a lab model. | Selected scientific contributions have not yet been source-curated; this is not absence of contributions.",,unknown,0,0,0,0,0,0,0,0,0,0
Vijay Mohan K. Namboodiri,early-career awardee,"University of California, San Francisco",neuroscience (awardee),"Klingenstein-Simons, Pew Biomedical",0,0.0,0,2016;2017;2018;2019;2020;2021;2022;2023;2024;2025,0,0,1,,2022,rising (<=6y),unified_pubmed(full-name/affiliation-or-ORCID),last-author proxy,2025,first-paper proxy,2026-09-05T03:55:11+00:00,3,pi_a896f163266a503aa17f15a4037e2ca4,unified-papers,unreviewed,,unreviewed roster label,,unknown,Learning and memory; Neural circuits and behavior,,,unknown,Mouse,,,not yet curated,,,0,,"The registry preserves this identity, but independent source evidence is still needed. | This institution is a historical roster label, not a sourced current appointment. | Lab model organisms are not yet source-backed; article-species mentions do not establish a lab model. | Selected scientific contributions have not yet been source-curated; this is not absence of contributions.",,unknown,0,0,0,0,0,0,0,0,0,0
Anders Nelson,early-career awardee,New York University,neuroscience (awardee),Klingenstein-Simons,0,0.0,0,2016;2017;2018;2019;2020;2021;2022;2023;2024;2025,0,0,1,,,unknown,unified_pubmed(full-name/affiliation-or-ORCID),last-author proxy,2025,,2026-09-05T03:55:12+00:00,3,pi_5a62ab61583b5b398a08a664a5a5e570,unified-papers,unreviewed,,unreviewed roster label,,unknown,Cellular and molecular neuroscience; Motor systems,,,unknown,Mouse,,,not yet curated,,,0,,"The registry preserves this identity, but independent source evidence is still needed. | This institution is a historical roster label, not a sourced current appointment. | Lab model organisms are not yet source-backed; article-species mentions do not establish a lab model. | Selected scientific contributions have not yet been source-curated; this is not absence of contributions. | Excluded 5 different-given-name candidates; review aliases if any exclusion is unexpected.",,unknown,0,0,0,0,0,0,0,0,0,0
Neset Ozel,early-career awardee,Stowers Institute for Medical Research,neuroscience (awardee),Klingenstein-Simons,0,0.0,0,2016;2017;2018;2019;2020;2021;2022;2023;2024;2025,0,0,0,,,unknown,unified_pubmed(full-name/affiliation-or-ORCID),last-author proxy,2025,,2026-09-05T03:55:14+00:00,3,pi_33257139b14b55789c6c6ef1d5b8e73d,unified-papers,unreviewed,,unreviewed roster label,,unknown,,,,unknown,,,,not yet curated,,,0,,"The registry preserves this identity, but independent source evidence is still needed. | This institution is a historical roster label, not a sourced current appointment. | Lab model organisms are not yet source-backed; article-species mentions do not establish a lab model. | Selected scientific contributions have not yet been source-curated; this is not absence of contributions.",,unknown,0,0,0,0,0,0,0,0,0,0
Jessica Osterhout,early-career awardee,University of Utah,neuroscience (awardee),"Klingenstein-Simons, Pew Biomedical",0,0.0,0,2016;2017;2018;2019;2020;2021;2022;2023;2024;2025,0,0,0,,,unknown,unified_pubmed(full-name/affiliation-or-ORCID),last-author proxy,2025,,2026-09-05T03:55:14+00:00,3,pi_546f82b8a355599db9a41c0b25f5b71b,unified-papers,unreviewed,,unreviewed roster label,,unknown,,,,unknown,,,,not yet curated,,,0,,"The registry preserves this identity, but independent source evidence is still needed. | This institution is a historical roster label, not a sourced current appointment. | Lab model organisms are not yet source-backed; article-species mentions do not establish a lab model. | Selected scientific contributions have not yet been source-curated; this is not absence of contributions.",,unknown,0,0,0,0,0,0,0,0,0,0
Kartik Pattabiraman,early-career awardee,Yale University,neuroscience (awardee),Klingenstein-Simons,0,0.0,0,2016;2017;2018;2019;2020;2021;2022;2023;2024;2025,0,0,0,,,unknown,unified_pubmed(full-name/affiliation-or-ORCID),last-author proxy,2025,,2026-09-05T03:55:15+00:00,3,pi_dc0c834e0fda5f039a8b1133fc28da34,unified-papers,unreviewed,,unreviewed roster label,,unknown,,,,unknown,,,,not yet curated,,,0,,"The registry preserves this identity, but independent source evidence is still needed. | This institution is a historical roster label, not a sourced current appointment. | Lab model organisms are not yet source-backed; article-species mentions do not establish a lab model. | Selected scientific contributions have not yet been source-curated; this is not absence of contributions.",,unknown,0,0,0,0,0,0,0,0,0,0
Elizabeth Pollina,early-career awardee,Washington University in St. Louis,neuroscience (awardee),Klingenstein-Simons,0,0.0,0,2016;2017;2018;2019;2020;2021;2022;2023;2024;2025,0,0,0,,,unknown,unified_pubmed(full-name/affiliation-or-ORCID),last-author proxy,2025,,2026-09-05T03:55:16+00:00,3,pi_528647f6d8645f0496d0d4cdbf6b7053,unified-papers,unreviewed,,unreviewed roster label,,unknown,,,,unknown,,,,not yet curated,,,0,,"The registry preserves this identity, but independent source evidence is still needed. | This institution is a historical roster label, not a sourced current appointment. | Lab model organisms are not yet source-backed; article-species mentions do not establish a lab model. | Selected scientific contributions have not yet been source-curated; this is not absence of contributions.",,unknown,0,0,0,0,0,0,0,0,0,0
Kapil V. Ramachandran,early-career awardee,Columbia University,neuroscience (awardee),Klingenstein-Simons,0,0.0,0,2016;2017;2018;2019;2020;2021;2022;2023;2024;2025,0,0,0,,,unknown,unified_pubmed(full-name/affiliation-or-ORCID),last-author proxy,2025,,2026-09-05T03:55:16+00:00,3,pi_ff7b1d313332594086bc4f84431c7046,unified-papers,unreviewed,,unreviewed roster label,,unknown,,,,unknown,,,,not yet curated,,,0,,"The registry preserves this identity, but independent source evidence is still needed. | This institution is a historical roster label, not a sourced current appointment. | Lab model organisms are not yet source-backed; article-species mentions do not establish a lab model. | Selected scientific contributions have not yet been source-curated; this is not absence of contributions.",,unknown,0,0,0,0,0,0,0,0,0,0
Herbert Zheng Wu,early-career awardee,Icahn School of Medicine at Mount Sinai,neuroscience (awardee),Klingenstein-Simons,0,0.0,0,2016;2017;2018;2019;2020;2021;2022;2023;2024;2025,0,0,0,,2021,rising (<=6y),unified_pubmed(full-name/affiliation-or-ORCID),last-author proxy,2025,first-paper proxy,2026-09-05T03:55:17+00:00,3,pi_c2ed6655f64c538a894db503ccf7e71b,unified-papers,unreviewed,,unreviewed roster label,,unknown,,,,unknown,,,,not yet curated,,,0,,"The registry preserves this identity, but independent source evidence is still needed. | This institution is a historical roster label, not a sourced current appointment. | Lab model organisms are not yet source-backed; article-species mentions do not establish a lab model. | Selected scientific contributions have not yet been source-curated; this is not absence of contributions. | Excluded 3 different-given-name candidates; review aliases if any exclusion is unexpected.",,unknown,0,0,0,0,0,0,0,0,0,0
Sebastian Choi,early-career awardee,University of Texas Southwestern Medical Center,neuroscience (awardee),Klingenstein-Simons,0,0.0,0,2016;2017;2018;2019;2020;2021;2022;2023;2024;2025,0,0,0,,2014,established,unified_pubmed(full-name/affiliation-or-ORCID),last-author proxy,2025,first-paper proxy,2026-09-05T03:55:20+00:00,3,pi_edc16ffc13295157b6b775c22409bc74,unified-papers,unreviewed,,unreviewed roster label,,unknown,,,,unknown,,,,not yet curated,,,0,,"The registry preserves this identity, but independent source evidence is still needed. | This institution is a historical roster label, not a sourced current appointment. | Lab model organisms are not yet source-backed; article-species mentions do not establish a lab model. | Selected scientific contributions have not yet been source-curated; this is not absence of contributions. | Excluded 4 different-given-name candidates; review aliases if any exclusion is unexpected.",,unknown,0,0,0,0,0,0,0,0,0,0
Carolyn Elya,early-career awardee,Harvard University,neuroscience (awardee),"Klingenstein-Simons, Searle Scholar",0,0.0,0,2016;2017;2018;2019;2020;2021;2022;2023;2024;2025,0,1,3,,2021,rising (<=6y),unified_pubmed(full-name/affiliation-or-ORCID),last-author proxy,2025,first-paper proxy,2026-09-05T03:55:21+00:00,3,pi_0135ed6a91e05823b4e360e6a1889bd0,unified-papers,unreviewed,,unreviewed roster label,,unknown,Neural circuits and behavior; Sleep and circadian rhythms,,,unknown,,,,not yet curated,,,0,,"The registry preserves this identity, but independent source evidence is still needed. | This institution is a historical roster label, not a sourced current appointment. | Lab model organisms are not yet source-backed; article-species mentions do not establish a lab model. | Selected scientific contributions have not yet been source-curated; this is not absence of contributions.",,unknown,0,0,0,0,0,0,0,0,0,0
Tristan Geiller,early-career awardee,Yale University,neuroscience (awardee),Klingenstein-Simons,0,0.0,0,2016;2017;2018;2019;2020;2021;2022;2023;2024;2025,0,0,0,,2024,rising (<=6y),unified_pubmed(full-name/affiliation-or-ORCID),last-author proxy,2025,first-paper proxy,2026-09-05T03:55:23+00:00,3,pi_ea5a55568b32566d96497b46d82b2c7a,unified-papers,unreviewed,,unreviewed roster label,,unknown,,,,unknown,,,,not yet curated,,,0,,"The registry preserves this identity, but independent source evidence is still needed. | This institution is a historical roster label, not a sourced current appointment. | Lab model organisms are not yet source-backed; article-species mentions do not establish a lab model. | Selected scientific contributions have not yet been source-curated; this is not absence of contributions.",,unknown,0,0,0,0,0,0,0,0,0,0
Xin Gu,early-career awardee,Dana-Farber Cancer Institute,neuroscience (awardee),Klingenstein-Simons,0,0.0,0,2016;2017;2018;2019;2020;2021;2022;2023;2024;2025,0,0,2,,2025,rising (<=6y),unified_pubmed(full-name/affiliation-or-ORCID),last-author proxy,2025,first-paper proxy,2026-09-05T03:55:24+00:00,3,pi_382582f2861d59d986931610409a22f5,unified-papers,unreviewed,,unreviewed roster label,,unknown,,,,unknown,,,,not yet curated,,,0,,"The registry preserves this identity, but independent source evidence is still needed. | This institution is a historical roster label, not a sourced current appointment. | Lab model organisms are not yet source-backed; article-species mentions do not establish a lab model. | Selected scientific contributions have not yet been source-curated; this is not absence of contributions.",,unknown,0,0,0,0,0,0,0,0,0,0
Laura Gwilliams,early-career awardee,Stanford University,neuroscience (awardee),Klingenstein-Simons,0,0.0,0,2016;2017;2018;2019;2020;2021;2022;2023;2024;2025,0,0,1,,2025,rising (<=6y),unified_pubmed(full-name/affiliation-or-ORCID),last-author proxy,2025,first-paper proxy,2026-09-05T03:55:26+00:00,3,pi_5babd04aa83d54ed881704c284fe106c,unified-papers,unreviewed,,unreviewed roster label,,unknown,Sensory systems,,,unknown,,,,not yet curated,,,0,,"The registry preserves this identity, but independent source evidence is still needed. | This institution is a historical roster label, not a sourced current appointment. | Lab model organisms are not yet source-backed; article-species mentions do not establish a lab model. | Selected scientific contributions have not yet been source-curated; this is not absence of contributions.",,unknown,0,0,0,0,0,0,0,0,0,0
Danique Jeurissen,early-career awardee,New York University,neuroscience (awardee),Klingenstein-Simons,0,0.0,0,2016;2017;2018;2019;2020;2021;2022;2023;2024;2025,0,0,0,,,unknown,unified_pubmed(full-name/affiliation-or-ORCID),last-author proxy,2025,,2026-09-05T03:55:27+00:00,3,pi_ec382e7aecd35459be8d3a092ed91637,unified-papers,unreviewed,,unreviewed roster label,,unknown,,,,unknown,,,,not yet curated,,,0,,"The registry preserves this identity, but independent source evidence is still needed. | This institution is a historical roster label, not a sourced current appointment. | Lab model organisms are not yet source-backed; article-species mentions do not establish a lab model. | Selected scientific contributions have not yet been source-curated; this is not absence of contributions.",,unknown,0,0,0,0,0,0,0,0,0,0
Aaron Kuan,early-career awardee,Yale University,neuroscience (awardee),Klingenstein-Simons,0,0.0,0,2016;2017;2018;2019;2020;2021;2022;2023;2024;2025,0,0,0,,,unknown,unified_pubmed(full-name/affiliation-or-ORCID),last-author proxy,2025,,2026-09-05T03:55:28+00:00,3,pi_f78a296c12d75b95a4d134ac36277fe8,unified-papers,unreviewed,,unreviewed roster label,,unknown,,,,unknown,,,,not yet curated,,,0,,"The registry preserves this identity, but independent source evidence is still needed. | This institution is a historical roster label, not a sourced current appointment. | Lab model organisms are not yet source-backed; article-species mentions do not establish a lab model. | Selected scientific contributions have not yet been source-curated; this is not absence of contributions.",,unknown,0,0,0,0,0,0,0,0,0,0
Changyang Linghu,early-career awardee,University of Michigan,neuroscience (awardee),Klingenstein-Simons,0,0.0,0,2016;2017;2018;2019;2020;2021;2022;2023;2024;2025,0,0,0,,2025,rising (<=6y),unified_pubmed(full-name/affiliation-or-ORCID),last-author proxy,2025,first-paper proxy,2026-09-05T03:55:28+00:00,3,pi_65a2fb72fcfa58edb127ed65b801a691,unified-papers,unreviewed,,unreviewed roster label,,unknown,,,,unknown,,,,not yet curated,,,0,,"The registry preserves this identity, but independent source evidence is still needed. | This institution is a historical roster label, not a sourced current appointment. | Lab model organisms are not yet source-backed; article-species mentions do not establish a lab model. | Selected scientific contributions have not yet been source-curated; this is not absence of contributions.",,unknown,0,0,0,0,0,0,0,0,0,0
Quynh Anh Nguyen,early-career awardee,Vanderbilt University,neuroscience (awardee),Klingenstein-Simons,0,0.0,0,2016;2017;2018;2019;2020;2021;2022;2023;2024;2025,0,0,0,,2023,rising (<=6y),unified_pubmed(full-name/affiliation-or-ORCID),last-author proxy,2025,first-paper proxy,2026-09-05T03:55:30+00:00,3,pi_7c7feb45ce2a57f4a2ee2abf45fa60b8,unified-papers,unreviewed,,unreviewed roster label,,unknown,,,,unknown,,,,not yet curated,,,0,,"The registry preserves this identity, but independent source evidence is still needed. | This institution is a historical roster label, not a sourced current appointment. | Lab model organisms are not yet source-backed; article-species mentions do not establish a lab model. | Selected scientific contributions have not yet been source-curated; this is not absence of contributions. | Excluded 1 different-given-name candidates; review aliases if any exclusion is unexpected.",,unknown,0,0,0,0,0,0,0,0,0,0
Justin O'Hare,early-career awardee,University of Colorado,neuroscience (awardee),Klingenstein-Simons,0,0.0,0,2016;2017;2018;2019;2020;2021;2022;2023;2024;2025,0,0,0,,,unknown,unified_pubmed(full-name/affiliation-or-ORCID),last-author proxy,2025,,2026-09-05T03:55:31+00:00,3,pi_41527a820749567f8cb6bd02596ae400,unified-papers,unreviewed,,unreviewed roster label,,unknown,,,,unknown,,,,not yet curated,,,0,,"The registry preserves this identity, but independent source evidence is still needed. | This institution is a historical roster label, not a sourced current appointment. | Lab model organisms are not yet source-backed; article-species mentions do not establish a lab model. | Selected scientific contributions have not yet been source-curated; this is not absence of contributions.",,unknown,0,0,0,0,0,0,0,0,0,0
Debosmita Sardar,early-career awardee,University of Colorado,neuroscience (awardee),Klingenstein-Simons,0,0.0,0,2016;2017;2018;2019;2020;2021;2022;2023;2024;2025,0,0,0,,,unknown,unified_pubmed(full-name/affiliation-or-ORCID),last-author proxy,2025,,2026-09-05T03:55:32+00:00,3,pi_8877ec081a50526c8730036e7141f2ba,unified-papers,unreviewed,,unreviewed roster label,,unknown,,,,unknown,,,,not yet curated,,,0,,"The registry preserves this identity, but independent source evidence is still needed. | This institution is a historical roster label, not a sourced current appointment. | Lab model organisms are not yet source-backed; article-species mentions do not establish a lab model. | Selected scientific contributions have not yet been source-curated; this is not absence of contributions.",,unknown,0,0,0,0,0,0,0,0,0,0
Carl Schoonover,early-career awardee,Allen Institute for Brain Science,neuroscience (awardee),Klingenstein-Simons,0,0.0,0,2016;2017;2018;2019;2020;2021;2022;2023;2024;2025,0,0,1,,2024,rising (<=6y),unified_pubmed(full-name/affiliation-or-ORCID),last-author proxy,2025,first-paper proxy,2026-09-05T03:55:33+00:00,3,pi_45f5a88e034c5d1c977f1d6464b63421,unified-papers,unreviewed,,unreviewed roster label,,unknown,Neural circuits and behavior; Sensory systems,,,unknown,Mouse,,,not yet curated,,,0,,"The registry preserves this identity, but independent source evidence is still needed. | This institution is a historical roster label, not a sourced current appointment. | Lab model organisms are not yet source-backed; article-species mentions do not establish a lab model. | Selected scientific contributions have not yet been source-curated; this is not absence of contributions.",,unknown,0,0,0,0,0,0,0,0,0,0
Yevgenia Kozorovitskiy,early-career awardee,Northwestern University,neuroscience (awardee),Searle Scholar,0,0.0,0,2016;2017;2018;2019;2020;2021;2022;2023;2024;2025,2,4,9,,2016,early (<=10y),unified_pubmed(full-name/affiliation-or-ORCID),last-author proxy,2025,first-paper proxy,2026-09-05T03:55:34+00:00,3,pi_601aff606c4f50b083ef87f1bc046ecf,unified-papers,unreviewed,,unreviewed roster label,,unknown,Cellular and molecular neuroscience; Development; Learning and memory; Motor systems; Sleep and circadian rhythms,Connectomics; Imaging and microscopy; Optogenetics,,unknown,Mouse,,,not yet curated,,,1,,"The registry preserves this identity, but independent source evidence is still needed. | This institution is a historical roster label, not a sourced current appointment. | Lab model organisms are not yet source-backed; article-species mentions do not establish a lab model. | Selected scientific contributions have not yet been source-curated; this is not absence of contributions. | 1 candidate papers remain unresolved and are not included in totals.",,unknown,0,0,0,0,0,0,0,0,0,0
Mark Sheffield,early-career awardee,University of Chicago,neuroscience (awardee),Searle Scholar,0,0.0,0,2016;2017;2018;2019;2020;2021;2022;2023;2024;2025,1,2,8,,2021,rising (<=6y),unified_pubmed(full-name/affiliation-or-ORCID),last-author proxy,2025,first-paper proxy,2026-09-05T03:55:36+00:00,3,pi_79e199ff079e580e847c3765b9f18f21,unified-papers,unreviewed,,unreviewed roster label,,unknown,Cellular and molecular neuroscience; Learning and memory; Neural circuits and behavior,Imaging and microscopy,,unknown,Mouse,,,not yet curated,,,1,,"The registry preserves this identity, but independent source evidence is still needed. | This institution is a historical roster label, not a sourced current appointment. | Lab model organisms are not yet source-backed; article-species mentions do not establish a lab model. | Selected scientific contributions have not yet been source-curated; this is not absence of contributions. | 1 candidate papers remain unresolved and are not included in totals.",,unknown,0,0,0,0,0,0,0,0,0,0
Paul Greer,early-career awardee,UMass Medical School,neuroscience (awardee),Searle Scholar,0,0.0,0,2016;2017;2018;2019;2020;2021;2022;2023;2024;2025,1,0,1,,,unknown,unified_pubmed(full-name/affiliation-or-ORCID),last-author proxy,2025,,2026-09-05T03:55:52+00:00,3,pi_40dc41e6b42f5427aad86339a9f28f2a,unified-papers,unreviewed,,unreviewed roster label,,unknown,Cellular and molecular neuroscience; Sensory systems,Sequencing and transcriptomics,,unknown,Mouse,,,not yet curated,,,0,,"The registry preserves this identity, but independent source evidence is still needed. | This institution is a historical roster label, not a sourced current appointment. | Lab model organisms are not yet source-backed; article-species mentions do not establish a lab model. | Selected scientific contributions have not yet been source-curated; this is not absence of contributions.",,unknown,0,0,0,0,0,0,0,0,0,0
Andrew Miri,early-career awardee,Northwestern University,neuroscience (awardee),"NIH DP2, Searle Scholar",0,0.0,0,2016;2017;2018;2019;2020;2021;2022;2023;2024;2025,1,1,5,,2020,rising (<=6y),unified_pubmed(full-name/affiliation-or-ORCID),last-author proxy,2025,first-paper proxy,2026-09-05T03:55:53+00:00,3,pi_6de945b8ff04517fa29f715e9faaca31,unified-papers,unreviewed,,unreviewed roster label,,unknown,Learning and memory; Motor systems; Neural circuits and behavior,Optogenetics,,unknown,Mouse,,,not yet curated,,,0,,"The registry preserves this identity, but independent source evidence is still needed. | This institution is a historical roster label, not a sourced current appointment. | Lab model organisms are not yet source-backed; article-species mentions do not establish a lab model. | Selected scientific contributions have not yet been source-curated; this is not absence of contributions.",,unknown,0,0,0,0,0,0,0,0,0,0
Ahmed Abdelfattah,early-career awardee,Brown University,neuroscience (awardee),"NIH DP2, Searle Scholar",0,0.0,0,2016;2017;2018;2019;2020;2021;2022;2023;2024;2025,0,0,0,,2024,rising (<=6y),unified_pubmed(full-name/affiliation-or-ORCID),last-author proxy,2025,first-paper proxy,2026-09-05T03:55:57+00:00,3,pi_5b235d08e3ff55b9a278c3d434110a16,unified-papers,unreviewed,,unreviewed roster label,,unknown,,,,unknown,,,,not yet curated,,,0,,"The registry preserves this identity, but independent source evidence is still needed. | This institution is a historical roster label, not a sourced current appointment. | Lab model organisms are not yet source-backed; article-species mentions do not establish a lab model. | Selected scientific contributions have not yet been source-curated; this is not absence of contributions.",,unknown,0,0,0,0,0,0,0,0,0,0
Yun Ding,early-career awardee,University of Pennsylvania,neuroscience (awardee),Searle Scholar,0,0.0,0,2016;2017;2018;2019;2020;2021;2022;2023;2024;2025,0,0,4,,2017,early (<=10y),unified_pubmed(full-name/affiliation-or-ORCID),last-author proxy,2025,first-paper proxy,2026-09-05T03:56:00+00:00,3,pi_1bd1f18f8321502bb31d49a3e04facaf,unified-papers,unreviewed,,unreviewed roster label,,unknown,Cellular and molecular neuroscience; Neural circuits and behavior,Optogenetics; Sequencing and transcriptomics,,unknown,Drosophila,,,not yet curated,,,0,,"The registry preserves this identity, but independent source evidence is still needed. | This institution is a historical roster label, not a sourced current appointment. | Lab model organisms are not yet source-backed; article-species mentions do not establish a lab model. | Selected scientific contributions have not yet been source-curated; this is not absence of contributions. | Excluded 2 different-given-name candidates; review aliases if any exclusion is unexpected.",,unknown,0,0,0,0,0,0,0,0,0,0
Ian C. Fiebelkorn,early-career awardee,University of Rochester,neuroscience (awardee),Searle Scholar,0,0.0,0,2016;2017;2018;2019;2020;2021;2022;2023;2024;2025,0,0,4,,2022,rising (<=6y),unified_pubmed(full-name/affiliation-or-ORCID),last-author proxy,2025,first-paper proxy,2026-09-05T03:56:01+00:00,3,pi_663a4040c5685565a461c77cdd6c0054,unified-papers,unreviewed,,unreviewed roster label,,unknown,Learning and memory; Neural circuits and behavior; Sensory systems,,,unknown,,,,not yet curated,,,0,,"The registry preserves this identity, but independent source evidence is still needed. | This institution is a historical roster label, not a sourced current appointment. | Lab model organisms are not yet source-backed; article-species mentions do not establish a lab model. | Selected scientific contributions have not yet been source-curated; this is not absence of contributions.",,unknown,0,0,0,0,0,0,0,0,0,0
Christina Kim,early-career awardee,"University of California, Davis",neuroscience (awardee),"NIH DP2, Searle Scholar",0,0.0,0,2016;2017;2018;2019;2020;2021;2022;2023;2024;2025,0,0,0,,2017,early (<=10y),unified_pubmed(full-name/affiliation-or-ORCID),last-author proxy,2025,first-paper proxy,2026-09-05T03:56:03+00:00,3,pi_3029fab8501e5bac8a678c11ef47fb2a,unified-papers,unreviewed,,unreviewed roster label,,unknown,,,,unknown,,,,not yet curated,,,1,,"The registry preserves this identity, but independent source evidence is still needed. | This institution is a historical roster label, not a sourced current appointment. | Lab model organisms are not yet source-backed; article-species mentions do not establish a lab model. | Selected scientific contributions have not yet been source-curated; this is not absence of contributions. | 1 candidate papers remain unresolved and are not included in totals. | Excluded 2 different-given-name candidates; review aliases if any exclusion is unexpected.",,unknown,0,0,0,0,0,0,0,0,0,0
Guangyu Robert Yang,early-career awardee,Massachusetts Institute of Technology,neuroscience (awardee),Searle Scholar,0,0.0,0,2016;2017;2018;2019;2020;2021;2022;2023;2024;2025,0,0,0,,,unknown,unified_pubmed(full-name/affiliation-or-ORCID),last-author proxy,2025,,2026-09-05T03:56:04+00:00,3,pi_eb13cfc8203451efacb6b0411e955cd6,unified-papers,unreviewed,,unreviewed roster label,,unknown,,,,unknown,,,,not yet curated,,,0,,"The registry preserves this identity, but independent source evidence is still needed. | This institution is a historical roster label, not a sourced current appointment. | Lab model organisms are not yet source-backed; article-species mentions do not establish a lab model. | Selected scientific contributions have not yet been source-curated; this is not absence of contributions.",,unknown,0,0,0,0,0,0,0,0,0,0
Caroline Albertin,early-career awardee,Marine Biological Laboratory,neuroscience (awardee),Searle Scholar,0,0.0,0,2016;2017;2018;2019;2020;2021;2022;2023;2024;2025,0,0,1,,2023,rising (<=6y),unified_pubmed(full-name/affiliation-or-ORCID),last-author proxy,2025,first-paper proxy,2026-09-05T03:56:05+00:00,3,pi_09ac6925b631536caa29c40747fb1361,unified-papers,unreviewed,,unreviewed roster label,,unknown,,,,unknown,,,,not yet curated,,,0,,"The registry preserves this identity, but independent source evidence is still needed. | This institution is a historical roster label, not a sourced current appointment. | Lab model organisms are not yet source-backed; article-species mentions do not establish a lab model. | Selected scientific contributions have not yet been source-curated; this is not absence of contributions.",,unknown,0,0,0,0,0,0,0,0,0,0
Ian Oldenburg,early-career awardee,Rutgers University,neuroscience (awardee),"NIH DP2, Searle Scholar",0,0.0,0,2016;2017;2018;2019;2020;2021;2022;2023;2024;2025,0,0,0,,,unknown,unified_pubmed(full-name/affiliation-or-ORCID),last-author proxy,2025,,2026-09-05T03:56:06+00:00,3,pi_77b36a526b9c50139f21f3f4b725429c,unified-papers,unreviewed,,unreviewed roster label,,unknown,,,,unknown,,,,not yet curated,,,0,,"The registry preserves this identity, but independent source evidence is still needed. | This institution is a historical roster label, not a sourced current appointment. | Lab model organisms are not yet source-backed; article-species mentions do not establish a lab model. | Selected scientific contributions have not yet been source-curated; this is not absence of contributions.",,unknown,0,0,0,0,0,0,0,0,0,0
Chen Ran,early-career awardee,Scripps Research,neuroscience (awardee),Searle Scholar,0,0.0,0,2016;2017;2018;2019;2020;2021;2022;2023;2024;2025,0,0,1,,2025,rising (<=6y),unified_pubmed(full-name/affiliation-or-ORCID),last-author proxy,2025,first-paper proxy,2026-09-05T03:56:07+00:00,3,pi_0498002b02625ba39fd5d749da32c8e3,unified-papers,unreviewed,,unreviewed roster label,,unknown,,,,unknown,,,,not yet curated,,,0,,"The registry preserves this identity, but independent source evidence is still needed. | This institution is a historical roster label, not a sourced current appointment. | Lab model organisms are not yet source-backed; article-species mentions do not establish a lab model. | Selected scientific contributions have not yet been source-curated; this is not absence of contributions.",,unknown,0,0,0,0,0,0,0,0,0,0
Weizhen Xie,early-career awardee,University of Maryland,neuroscience (awardee),Searle Scholar,0,0.0,0,2016;2017;2018;2019;2020;2021;2022;2023;2024;2025,0,0,2,,,unknown,unified_pubmed(full-name/affiliation-or-ORCID),last-author proxy,2025,,2026-09-05T03:56:08+00:00,3,pi_bd3e2264efb4508ea3c1d904426a63ac,unified-papers,unreviewed,,unreviewed roster label,,unknown,Learning and memory; Sensory systems,,,unknown,,,,not yet curated,,,0,,"The registry preserves this identity, but independent source evidence is still needed. | This institution is a historical roster label, not a sourced current appointment. | Lab model organisms are not yet source-backed; article-species mentions do not establish a lab model. | Selected scientific contributions have not yet been source-curated; this is not absence of contributions. | Excluded 1 different-given-name candidates; review aliases if any exclusion is unexpected.",,unknown,0,0,0,0,0,0,0,0,0,0
Andrew Yang,early-career awardee,Gladstone Institutes,neuroscience (awardee),Searle Scholar,0,0.0,0,2016;2017;2018;2019;2020;2021;2022;2023;2024;2025,1,0,1,,2025,rising (<=6y),unified_pubmed(full-name/affiliation-or-ORCID),last-author proxy,2025,first-paper proxy,2026-09-05T03:56:10+00:00,3,pi_4111148671d05a38b0820c42dc18aef1,unified-papers,unreviewed,,unreviewed roster label,,unknown,Glia and neuroimmunology; Neurodegeneration and aging,,,unknown,Human,,,not yet curated,,,0,,"The registry preserves this identity, but independent source evidence is still needed. | This institution is a historical roster label, not a sourced current appointment. | Lab model organisms are not yet source-backed; article-species mentions do not establish a lab model. | Selected scientific contributions have not yet been source-curated; this is not absence of contributions.",,unknown,0,0,0,0,0,0,0,0,0,0
Nilay Yapici,early-career awardee,Cornell University,neuroscience (awardee),Pew Biomedical,0,0.0,0,2016;2017;2018;2019;2020;2021;2022;2023;2024;2025,0,1,8,,2020,rising (<=6y),unified_pubmed(full-name/affiliation-or-ORCID),last-author proxy,2025,first-paper proxy,2026-09-05T03:56:16+00:00,3,pi_b31835473ecc55bfb026676c733ba63c,unified-papers,unreviewed,,unreviewed roster label,,unknown,Neural circuits and behavior; Sensory systems; Sleep and circadian rhythms,Imaging and microscopy,,unknown,Drosophila; Mouse,,,not yet curated,,,0,,"The registry preserves this identity, but independent source evidence is still needed. | This institution is a historical roster label, not a sourced current appointment. | Lab model organisms are not yet source-backed; article-species mentions do not establish a lab model. | Selected scientific contributions have not yet been source-curated; this is not absence of contributions.",,unknown,0,0,0,0,0,0,0,0,0,0
Kassandra Ori-McKenney,early-career awardee,"University of California, Davis",neuroscience (awardee),Pew Biomedical,0,0.0,0,2016;2017;2018;2019;2020;2021;2022;2023;2024;2025,0,0,0,,,unknown,unified_pubmed(full-name/affiliation-or-ORCID),last-author proxy,2025,,2026-09-05T03:56:18+00:00,3,pi_a789bc098af75c8aa436be281b73b464,unified-papers,unreviewed,,unreviewed roster label,,unknown,,,,unknown,,,,not yet curated,,,0,,"The registry preserves this identity, but independent source evidence is still needed. | This institution is a historical roster label, not a sourced current appointment. | Lab model organisms are not yet source-backed; article-species mentions do not establish a lab model. | Selected scientific contributions have not yet been source-curated; this is not absence of contributions.",,unknown,0,0,0,0,0,0,0,0,0,0
Erin L. Rich,early-career awardee,Icahn School of Medicine at Mount Sinai,neuroscience (awardee),Pew Biomedical,0,0.0,0,2016;2017;2018;2019;2020;2021;2022;2023;2024;2025,2,1,11,,2018,early (<=10y),unified_pubmed(full-name/affiliation-or-ORCID),last-author proxy,2025,first-paper proxy,2026-09-05T03:56:19+00:00,3,pi_b2b6584282bc5bf1a7b72df5659412bf,unified-papers,unreviewed,,unreviewed roster label,,unknown,Computation and cognition; Learning and memory; Motor systems; Neural circuits and behavior,,,unknown,Nonhuman primates,,,not yet curated,,,0,,"The registry preserves this identity, but independent source evidence is still needed. | This institution is a historical roster label, not a sourced current appointment. | Lab model organisms are not yet source-backed; article-species mentions do not establish a lab model. | Selected scientific contributions have not yet been source-curated; this is not absence of contributions.",,unknown,0,0,0,0,0,0,0,0,0,0
José A. Rodriguez,early-career awardee,"University of California, Los Angeles",neuroscience (awardee),Pew Biomedical,0,0.0,0,2016;2017;2018;2019;2020;2021;2022;2023;2024;2025,0,0,21,,,unknown,unified_pubmed(full-name/affiliation-or-ORCID),last-author proxy,2025,,2026-09-05T03:56:20+00:00,3,pi_826520bd0aea567fb91a608f03e5187b,unified-papers,unreviewed,,unreviewed roster label,,unknown,Computation and cognition; Learning and memory,Computational modeling; Connectomics; Imaging and microscopy,,unknown,Human; Mouse,,,not yet curated,,,0,,"The registry preserves this identity, but independent source evidence is still needed. | This institution is a historical roster label, not a sourced current appointment. | Lab model organisms are not yet source-backed; article-species mentions do not establish a lab model. | Selected scientific contributions have not yet been source-curated; this is not absence of contributions. | Excluded 1 different-given-name candidates; review aliases if any exclusion is unexpected.",,unknown,0,0,0,0,0,0,0,0,0,0
E. Josephine Clowney,early-career awardee,University of Michigan,neuroscience (awardee),Pew Biomedical,0,0.0,0,2016;2017;2018;2019;2020;2021;2022;2023;2024;2025,0,1,8,,2020,rising (<=6y),unified_pubmed(full-name/affiliation-or-ORCID),last-author proxy,2025,first-paper proxy,2026-09-05T04:36:54+00:00,3,pi_96112c7034485b1d9f121793fff97099,unified-papers,unreviewed,,unreviewed roster label,,unknown,Cellular and molecular neuroscience; Computation and cognition; Learning and memory; Neural circuits and behavior; Sensory systems,Computational modeling; Sequencing and transcriptomics,,unknown,Drosophila,,,not yet curated,,,0,,"The registry preserves this identity, but independent source evidence is still needed. | This institution is a historical roster label, not a sourced current appointment. | Lab model organisms are not yet source-backed; article-species mentions do not establish a lab model. | Selected scientific contributions have not yet been source-curated; this is not absence of contributions.",,unknown,0,0,0,0,0,0,0,0,0,0
Cressida Madigan,early-career awardee,"University of California, San Diego",neuroscience (awardee),Pew Biomedical,0,0.0,0,2016;2017;2018;2019;2020;2021;2022;2023;2024;2025,0,0,1,,2022,rising (<=6y),unified_pubmed(full-name/affiliation-or-ORCID),last-author proxy,2025,first-paper proxy,2026-09-05T03:56:27+00:00,3,pi_7beea14783ed5f8aa210b0f0e4dafbfc,unified-papers,unreviewed,,unreviewed roster label,,unknown,,,,unknown,Zebrafish,,,not yet curated,,,0,,"The registry preserves this identity, but independent source evidence is still needed. | This institution is a historical roster label, not a sourced current appointment. | Lab model organisms are not yet source-backed; article-species mentions do not establish a lab model. | Selected scientific contributions have not yet been source-curated; this is not absence of contributions.",,unknown,0,0,0,0,0,0,0,0,0,0
Alban Ordureau,early-career awardee,Memorial Sloan Kettering Cancer Center,neuroscience (awardee),Pew Biomedical,0,0.0,0,2016;2017;2018;2019;2020;2021;2022;2023;2024;2025,0,0,3,,2022,rising (<=6y),unified_pubmed(full-name/affiliation-or-ORCID),last-author proxy,2025,first-paper proxy,2026-09-05T03:56:28+00:00,3,pi_47cf91b42d525e6798a6daa1f480c7b3,unified-papers,unreviewed,,unreviewed roster label,,unknown,Development; Neurodegeneration and aging,Organoids and stem-cell models,,unknown,Human,,,not yet curated,,,0,,"The registry preserves this identity, but independent source evidence is still needed. | This institution is a historical roster label, not a sourced current appointment. | Lab model organisms are not yet source-backed; article-species mentions do not establish a lab model. | Selected scientific contributions have not yet been source-curated; this is not absence of contributions.",,unknown,0,0,0,0,0,0,0,0,0,0
Steve Ramirez,early-career awardee,Boston University,neuroscience (awardee),Pew Biomedical,0,0.0,0,2016;2017;2018;2019;2020;2021;2022;2023;2024;2025,0,1,19,,2018,early (<=10y),unified_pubmed(full-name/affiliation-or-ORCID),last-author proxy,2025,first-paper proxy,2026-09-05T03:56:30+00:00,3,pi_8cc626784bcd5d1981b4da0ff8b4aba1,unified-papers,unreviewed,,unreviewed roster label,,unknown,Computation and cognition; Development; Glia and neuroimmunology; Learning and memory; Neural circuits and behavior; Sensory systems,Calcium imaging; Imaging and microscopy; Optogenetics,,unknown,Mouse,,,not yet curated,,,0,,"The registry preserves this identity, but independent source evidence is still needed. | This institution is a historical roster label, not a sourced current appointment. | Lab model organisms are not yet source-backed; article-species mentions do not establish a lab model. | Selected scientific contributions have not yet been source-curated; this is not absence of contributions.",,unknown,0,0,0,0,0,0,0,0,0,0
Kara Marshall,early-career awardee,Baylor College of Medicine,neuroscience (awardee),Pew Biomedical,0,0.0,0,2016;2017;2018;2019;2020;2021;2022;2023;2024;2025,2,0,4,,2016,early (<=10y),unified_pubmed(full-name/affiliation-or-ORCID),last-author proxy,2025,first-paper proxy,2026-09-05T03:56:32+00:00,3,pi_bdd7e51c8830521f8d83a71e5f3d66a1,unified-papers,unreviewed,,unreviewed roster label,,unknown,Cellular and molecular neuroscience; Sensory systems,,,unknown,Mouse,,,not yet curated,,,0,,"The registry preserves this identity, but independent source evidence is still needed. | This institution is a historical roster label, not a sourced current appointment. | Lab model organisms are not yet source-backed; article-species mentions do not establish a lab model. | Selected scientific contributions have not yet been source-curated; this is not absence of contributions.",,unknown,0,0,0,0,0,0,0,0,0,0
Helen Vuong,early-career awardee,University of Minnesota,neuroscience (awardee),Pew Biomedical,0,0.0,0,2016;2017;2018;2019;2020;2021;2022;2023;2024;2025,0,0,4,,2022,rising (<=6y),unified_pubmed(full-name/affiliation-or-ORCID),last-author proxy,2025,first-paper proxy,2026-09-05T03:56:33+00:00,3,pi_22d1c99325e759a489ea805507cb413d,unified-papers,unreviewed,,unreviewed roster label,,unknown,Development; Neural circuits and behavior,,,unknown,Mouse,,,not yet curated,,,0,,"The registry preserves this identity, but independent source evidence is still needed. | This institution is a historical roster label, not a sourced current appointment. | Lab model organisms are not yet source-backed; article-species mentions do not establish a lab model. | Selected scientific contributions have not yet been source-curated; this is not absence of contributions.",,unknown,0,0,0,0,0,0,0,0,0,0
Yerbol Kurmangaliyev,early-career awardee,Brandeis University,neuroscience (awardee),Pew Biomedical,0,0.0,0,2016;2017;2018;2019;2020;2021;2022;2023;2024;2025,0,0,0,,2023,rising (<=6y),unified_pubmed(full-name/affiliation-or-ORCID),last-author proxy,2025,first-paper proxy,2026-09-05T03:56:35+00:00,3,pi_b71964a2521850deacab76ae6c4880ab,unified-papers,unreviewed,,unreviewed roster label,,unknown,,,,unknown,,,,not yet curated,,,1,,"The registry preserves this identity, but independent source evidence is still needed. | This institution is a historical roster label, not a sourced current appointment. | Lab model organisms are not yet source-backed; article-species mentions do not establish a lab model. | Selected scientific contributions have not yet been source-curated; this is not absence of contributions. | 1 candidate papers remain unresolved and are not included in totals.",,unknown,0,0,0,0,0,0,0,0,0,0
En Yang,early-career awardee,"University of North Carolina, Chapel Hill",neuroscience (awardee),Pew Biomedical,0,0.0,0,2016;2017;2018;2019;2020;2021;2022;2023;2024;2025,0,0,0,,2023,rising (<=6y),unified_pubmed(full-name/affiliation-or-ORCID),last-author proxy,2025,first-paper proxy,2026-09-05T03:56:36+00:00,3,pi_0de12e4888a352f6b6af7a4704fefa2f,unified-papers,unreviewed,,unreviewed roster label,,unknown,,,,unknown,,,,not yet curated,,,0,,"The registry preserves this identity, but independent source evidence is still needed. | This institution is a historical roster label, not a sourced current appointment. | Lab model organisms are not yet source-backed; article-species mentions do not establish a lab model. | Selected scientific contributions have not yet been source-curated; this is not absence of contributions. | Excluded 2 different-given-name candidates; review aliases if any exclusion is unexpected.",,unknown,0,0,0,0,0,0,0,0,0,0
Sara Prescott,early-career awardee,Massachusetts Institute of Technology,neuroscience (awardee),Pew Biomedical,0,0.0,0,2016;2017;2018;2019;2020;2021;2022;2023;2024;2025,0,0,0,,,unknown,unified_pubmed(full-name/affiliation-or-ORCID),last-author proxy,2025,,2026-09-05T03:56:42+00:00,3,pi_1a41e42dc7e659eaae829a9393e2e116,unified-papers,unreviewed,,unreviewed roster label,,unknown,,,,unknown,,,,not yet curated,,,0,,"The registry preserves this identity, but independent source evidence is still needed. | This institution is a historical roster label, not a sourced current appointment. | Lab model organisms are not yet source-backed; article-species mentions do not establish a lab model. | Selected scientific contributions have not yet been source-curated; this is not absence of contributions.",,unknown,0,0,0,0,0,0,0,0,0,0
Matthew Bramble,early-career awardee,Children's National Hospital,neuroscience (awardee),Pew Biomedical,0,0.0,0,2016;2017;2018;2019;2020;2021;2022;2023;2024;2025,0,0,0,,,unknown,unified_pubmed(full-name/affiliation-or-ORCID),last-author proxy,2025,,2026-09-05T03:56:43+00:00,3,pi_c57e8dd68efc55729e105ae09fa92624,unified-papers,unreviewed,,unreviewed roster label,,unknown,,,,unknown,,,,not yet curated,,,0,,"The registry preserves this identity, but independent source evidence is still needed. | This institution is a historical roster label, not a sourced current appointment. | Lab model organisms are not yet source-backed; article-species mentions do not establish a lab model. | Selected scientific contributions have not yet been source-curated; this is not absence of contributions.",,unknown,0,0,0,0,0,0,0,0,0,0
Joel Kralj,early-career awardee,University of Colorado Boulder,neuroscience (awardee),NIH DP2,0,0.0,0,2016;2017;2018;2019;2020;2021;2022;2023;2024;2025,0,1,8,,,unknown,unified_pubmed(full-name/affiliation-or-ORCID),last-author proxy,2025,,2026-09-05T03:56:46+00:00,3,pi_61d01c78e4d35f3baaaf7e7f9fa05c5c,unified-papers,unreviewed,,unreviewed roster label,,unknown,Cellular and molecular neuroscience; Learning and memory,Computational modeling; Electrophysiology; Imaging and microscopy,,unknown,,,,not yet curated,,,0,,"The registry preserves this identity, but independent source evidence is still needed. | This institution is a historical roster label, not a sourced current appointment. | Lab model organisms are not yet source-backed; article-species mentions do not establish a lab model. | Selected scientific contributions have not yet been source-curated; this is not absence of contributions.",,unknown,0,0,0,0,0,0,0,0,0,0
Zoe Donaldson,early-career awardee,University of Colorado Boulder,neuroscience (awardee),NIH DP2,0,0.0,0,2016;2017;2018;2019;2020;2021;2022;2023;2024;2025,0,1,16,,,unknown,unified_pubmed(full-name/affiliation-or-ORCID),last-author proxy,2025,,2026-09-05T03:56:55+00:00,3,pi_658cb33b54245e669172a4a7c3e71cf8,unified-papers,unreviewed,,unreviewed roster label,,unknown,Glia and neuroimmunology; Learning and memory; Neural circuits and behavior,Calcium imaging; Imaging and microscopy; Optogenetics,,unknown,Mouse; Rat,,,not yet curated,,,0,,"The registry preserves this identity, but independent source evidence is still needed. | This institution is a historical roster label, not a sourced current appointment. | Lab model organisms are not yet source-backed; article-species mentions do not establish a lab model. | Selected scientific contributions have not yet been source-curated; this is not absence of contributions.",,unknown,0,0,0,0,0,0,0,0,0,0
Lindy McBride,early-career awardee,Princeton University,neuroscience (awardee),NIH DP2,0,0.0,0,2016;2017;2018;2019;2020;2021;2022;2023;2024;2025,0,0,1,,,unknown,unified_pubmed(full-name/affiliation-or-ORCID),last-author proxy,2025,,2026-09-05T03:56:57+00:00,3,pi_228e95bf2ca95e29a7b7974e7a993d0e,unified-papers,unreviewed,,unreviewed roster label,,unknown,,,,unknown,,,,not yet curated,,,0,,"The registry preserves this identity, but independent source evidence is still needed. | This institution is a historical roster label, not a sourced current appointment. | Lab model organisms are not yet source-backed; article-species mentions do not establish a lab model. | Selected scientific contributions have not yet been source-curated; this is not absence of contributions.",,unknown,0,0,0,0,0,0,0,0,0,0
Carlos Vargas-Irwin,early-career awardee,Brown University,neuroscience (awardee),NIH DP2,0,0.0,0,2016;2017;2018;2019;2020;2021;2022;2023;2024;2025,0,0,2,,,unknown,unified_pubmed(full-name/affiliation-or-ORCID),last-author proxy,2025,,2026-09-05T03:56:59+00:00,3,pi_2c4b301f4a0e51a693cd537286276068,unified-papers,unreviewed,,unreviewed roster label,,unknown,Motor systems; Neural circuits and behavior,,,unknown,Human,,,not yet curated,,,0,,"The registry preserves this identity, but independent source evidence is still needed. | This institution is a historical roster label, not a sourced current appointment. | Lab model organisms are not yet source-backed; article-species mentions do not establish a lab model. | Selected scientific contributions have not yet been source-curated; this is not absence of contributions.",,unknown,0,0,0,0,0,0,0,0,0,0
Matthew Kayser,early-career awardee,University of Pennsylvania,neuroscience (awardee),NIH DP2,0,0.0,0,2016;2017;2018;2019;2020;2021;2022;2023;2024;2025,0,3,16,,,unknown,unified_pubmed(full-name/affiliation-or-ORCID),last-author proxy,2025,,2026-09-05T03:57:00+00:00,3,pi_1dd0a51857cb5377aba1edbf168c8571,unified-papers,unreviewed,,unreviewed roster label,,unknown,Cellular and molecular neuroscience; Development; Learning and memory; Neural circuits and behavior; Neurodegeneration and aging; Sensory systems; Sleep and circadian rhythms,Imaging and microscopy; Organoids and stem-cell models,,unknown,C. elegans; Drosophila,,,not yet curated,,,1,,"The registry preserves this identity, but independent source evidence is still needed. | This institution is a historical roster label, not a sourced current appointment. | Lab model organisms are not yet source-backed; article-species mentions do not establish a lab model. | Selected scientific contributions have not yet been source-curated; this is not absence of contributions. | 1 candidate papers remain unresolved and are not included in totals.",,unknown,0,0,0,0,0,0,0,0,0,0
Raju Tomer,early-career awardee,Columbia University,neuroscience (awardee),NIH DP2,0,0.0,0,2016;2017;2018;2019;2020;2021;2022;2023;2024;2025,0,0,4,,,unknown,unified_pubmed(full-name/affiliation-or-ORCID),last-author proxy,2025,,2026-09-05T03:57:02+00:00,3,pi_26b771be788e5292a220dd1bfd953629,unified-papers,unreviewed,,unreviewed roster label,,unknown,Learning and memory; Neural circuits and behavior,Calcium imaging; Imaging and microscopy; Organoids and stem-cell models,,unknown,Mouse,,,not yet curated,,,0,,"The registry preserves this identity, but independent source evidence is still needed. | This institution is a historical roster label, not a sourced current appointment. | Lab model organisms are not yet source-backed; article-species mentions do not establish a lab model. | Selected scientific contributions have not yet been source-curated; this is not absence of contributions.",,unknown,0,0,0,0,0,0,0,0,0,0
Medha Pathak,early-career awardee,UC Irvine,neuroscience (awardee),NIH DP2,0,0.0,0,2016;2017;2018;2019;2020;2021;2022;2023;2024;2025,0,1,4,,,unknown,unified_pubmed(full-name/affiliation-or-ORCID),last-author proxy,2025,,2026-09-05T04:36:56+00:00,3,pi_e4d13fb9858d5b9fa09241637d0b76f8,unified-papers,unreviewed,,unreviewed roster label,,unknown,Cellular and molecular neuroscience; Development; Motor systems,Imaging and microscopy; Organoids and stem-cell models,,unknown,Mouse,,,not yet curated,,,0,,"The registry preserves this identity, but independent source evidence is still needed. | This institution is a historical roster label, not a sourced current appointment. | Lab model organisms are not yet source-backed; article-species mentions do not establish a lab model. | Selected scientific contributions have not yet been source-curated; this is not absence of contributions.",,unknown,0,0,0,0,0,0,0,0,0,0
Darcie Moore,early-career awardee,University of Wisconsin,neuroscience (awardee),NIH DP2,0,0.0,0,2016;2017;2018;2019;2020;2021;2022;2023;2024;2025,0,0,6,,,unknown,unified_pubmed(full-name/affiliation-or-ORCID),last-author proxy,2025,,2026-09-05T03:57:07+00:00,3,pi_996f85eeab0e522f8660b10c89dfd300,unified-papers,unreviewed,,unreviewed roster label,,unknown,Development,Imaging and microscopy; Organoids and stem-cell models,,unknown,Human; Mouse,,,not yet curated,,,0,,"The registry preserves this identity, but independent source evidence is still needed. | This institution is a historical roster label, not a sourced current appointment. | Lab model organisms are not yet source-backed; article-species mentions do not establish a lab model. | Selected scientific contributions have not yet been source-curated; this is not absence of contributions. | Excluded 3 different-given-name candidates; review aliases if any exclusion is unexpected.",,unknown,0,0,0,0,0,0,0,0,0,0
Alexandros Poulopoulos,early-career awardee,University of Maryland,neuroscience (awardee),NIH DP2,0,0.0,0,2016;2017;2018;2019;2020;2021;2022;2023;2024;2025,0,0,9,,,unknown,unified_pubmed(full-name/affiliation-or-ORCID),last-author proxy,2025,,2026-09-05T03:57:09+00:00,3,pi_aef029f9bc9f57a3bd2eebf5a046abc3,unified-papers,unreviewed,,unreviewed roster label,,unknown,Cellular and molecular neuroscience; Development; Glia and neuroimmunology; Learning and memory; Motor systems,Imaging and microscopy; Sequencing and transcriptomics,,unknown,Mouse; Rat,,,not yet curated,,,0,,"The registry preserves this identity, but independent source evidence is still needed. | This institution is a historical roster label, not a sourced current appointment. | Lab model organisms are not yet source-backed; article-species mentions do not establish a lab model. | Selected scientific contributions have not yet been source-curated; this is not absence of contributions.",,unknown,0,0,0,0,0,0,0,0,0,0
Sarah Kocher,early-career awardee,Princeton University,neuroscience (awardee),NIH DP2,0,0.0,0,2016;2017;2018;2019;2020;2021;2022;2023;2024;2025,0,0,10,,,unknown,unified_pubmed(full-name/affiliation-or-ORCID),last-author proxy,2025,,2026-09-05T03:57:13+00:00,3,pi_129e17eb637050b6b9b255d154422392,unified-papers,unreviewed,,unreviewed roster label,,unknown,Cellular and molecular neuroscience; Development; Learning and memory; Neural circuits and behavior; Sensory systems,Sequencing and transcriptomics,,unknown,,,,not yet curated,,,0,,"The registry preserves this identity, but independent source evidence is still needed. | This institution is a historical roster label, not a sourced current appointment. | Lab model organisms are not yet source-backed; article-species mentions do not establish a lab model. | Selected scientific contributions have not yet been source-curated; this is not absence of contributions.",,unknown,0,0,0,0,0,0,0,0,0,0
Kevin Beier,early-career awardee,UC Irvine,neuroscience (awardee),NIH DP2,0,0.0,0,2016;2017;2018;2019;2020;2021;2022;2023;2024;2025,0,0,0,,,unknown,unified_pubmed(full-name/affiliation-or-ORCID),last-author proxy,2025,,2026-09-05T04:36:58+00:00,3,pi_95b552bb90aa54a19ab983744ef9f437,unified-papers,unreviewed,,unreviewed roster label,,unknown,,,,unknown,,,,not yet curated,,,0,,"The registry preserves this identity, but independent source evidence is still needed. | This institution is a historical roster label, not a sourced current appointment. | Lab model organisms are not yet source-backed; article-species mentions do not establish a lab model. | Selected scientific contributions have not yet been source-curated; this is not absence of contributions.",,unknown,0,0,0,0,0,0,0,0,0,0
Lindsay Schwarz,early-career awardee,St. Jude Children's Research Hospital,neuroscience (awardee),NIH DP2,0,0.0,0,2016;2017;2018;2019;2020;2021;2022;2023;2024;2025,1,0,2,,,unknown,unified_pubmed(full-name/affiliation-or-ORCID),last-author proxy,2025,,2026-09-05T04:36:58+00:00,3,pi_f426a001b14057ac935e783aff2825f8,unified-papers,unreviewed,,unreviewed roster label,,unknown,Learning and memory; Neural circuits and behavior,Calcium imaging; Imaging and microscopy,,unknown,Mouse; Rat,,,not yet curated,,,0,,"The registry preserves this identity, but independent source evidence is still needed. | This institution is a historical roster label, not a sourced current appointment. | Lab model organisms are not yet source-backed; article-species mentions do not establish a lab model. | Selected scientific contributions have not yet been source-curated; this is not absence of contributions.",,unknown,0,0,0,0,0,0,0,0,0,0
Xiaochang Zhang,early-career awardee,University of Chicago,neuroscience (awardee),NIH DP2,0,0.0,0,2016;2017;2018;2019;2020;2021;2022;2023;2024;2025,1,0,8,,,unknown,unified_pubmed(full-name/affiliation-or-ORCID),last-author proxy,2025,,2026-09-05T03:57:22+00:00,3,pi_8f6170ef25fe5c04a3d99b7c3222875c,unified-papers,unreviewed,,unreviewed roster label,,unknown,Development,Organoids and stem-cell models; Sequencing and transcriptomics,,unknown,Human; Mouse,,,not yet curated,,,0,,"The registry preserves this identity, but independent source evidence is still needed. | This institution is a historical roster label, not a sourced current appointment. | Lab model organisms are not yet source-backed; article-species mentions do not establish a lab model. | Selected scientific contributions have not yet been source-curated; this is not absence of contributions. | Excluded 19 different-given-name candidates; review aliases if any exclusion is unexpected.",,unknown,0,0,0,0,0,0,0,0,0,0
Colenso Speer,early-career awardee,University of Maryland,neuroscience (awardee),NIH DP2,0,0.0,0,2016;2017;2018;2019;2020;2021;2022;2023;2024;2025,0,1,5,,,unknown,unified_pubmed(full-name/affiliation-or-ORCID),last-author proxy,2025,,2026-09-05T03:57:24+00:00,3,pi_16d8900444575cc687629cfebbd07f97,unified-papers,unreviewed,,unreviewed roster label,,unknown,Cellular and molecular neuroscience; Development; Learning and memory; Neural circuits and behavior; Sensory systems,Connectomics; Imaging and microscopy; Sequencing and transcriptomics,,unknown,Mouse,,,not yet curated,,,0,,"The registry preserves this identity, but independent source evidence is still needed. | This institution is a historical roster label, not a sourced current appointment. | Lab model organisms are not yet source-backed; article-species mentions do not establish a lab model. | Selected scientific contributions have not yet been source-curated; this is not absence of contributions.",,unknown,0,0,0,0,0,0,0,0,0,0
Mercedes Paredes,early-career awardee,"University of California, San Francisco",neuroscience (awardee),NIH DP2,0,0.0,0,2016;2017;2018;2019;2020;2021;2022;2023;2024;2025,1,0,2,,,unknown,unified_pubmed(full-name/affiliation-or-ORCID),last-author proxy,2025,,2026-09-05T03:57:26+00:00,3,pi_bd54035a426051e795517d346f9b1af3,unified-papers,unreviewed,,unreviewed roster label,,unknown,Development; Motor systems,,,unknown,Mouse,,,not yet curated,,,0,,"The registry preserves this identity, but independent source evidence is still needed. | This institution is a historical roster label, not a sourced current appointment. | Lab model organisms are not yet source-backed; article-species mentions do not establish a lab model. | Selected scientific contributions have not yet been source-curated; this is not absence of contributions.",,unknown,0,0,0,0,0,0,0,0,0,0
Duygu Kuzum,early-career awardee,UC San Diego,neuroscience (awardee),NIH DP2,0,0.0,0,2016;2017;2018;2019;2020;2021;2022;2023;2024;2025,0,0,0,,,unknown,unified_pubmed(full-name/affiliation-or-ORCID),last-author proxy,2025,,2026-09-05T04:37:00+00:00,3,pi_808a66942e3f5a718fad7ec254992f3e,unified-papers,unreviewed,,unreviewed roster label,,unknown,,,,unknown,,,,not yet curated,,,0,,"The registry preserves this identity, but independent source evidence is still needed. | This institution is a historical roster label, not a sourced current appointment. | Lab model organisms are not yet source-backed; article-species mentions do not establish a lab model. | Selected scientific contributions have not yet been source-curated; this is not absence of contributions.",,unknown,0,0,0,0,0,0,0,0,0,0
Gregory Corder,early-career awardee,University of Pennsylvania,neuroscience (awardee),NIH DP2,0,0.0,0,2016;2017;2018;2019;2020;2021;2022;2023;2024;2025,1,0,7,,,unknown,unified_pubmed(full-name/affiliation-or-ORCID),last-author proxy,2025,,2026-09-05T03:57:30+00:00,3,pi_2805237439515890a7a1170b9f3cefc2,unified-papers,unreviewed,,unreviewed roster label,,unknown,Neural circuits and behavior,Imaging and microscopy; Optogenetics; Organoids and stem-cell models,,unknown,Human; Mouse; Rat,,,not yet curated,,,0,,"The registry preserves this identity, but independent source evidence is still needed. | This institution is a historical roster label, not a sourced current appointment. | Lab model organisms are not yet source-backed; article-species mentions do not establish a lab model. | Selected scientific contributions have not yet been source-curated; this is not absence of contributions.",,unknown,0,0,0,0,0,0,0,0,0,0
Lu Wei,early-career awardee,California Institute of Technology,neuroscience (awardee),NIH DP2,0,0.0,0,2016;2017;2018;2019;2020;2021;2022;2023;2024;2025,0,0,19,,,unknown,unified_pubmed(full-name/affiliation-or-ORCID),last-author proxy,2025,,2026-09-05T03:57:32+00:00,3,pi_8562def670c5598cb162cf4e2d2b4f48,unified-papers,unreviewed,,unreviewed roster label,,unknown,Cellular and molecular neuroscience; Computation and cognition; Learning and memory; Sensory systems,Computational modeling; Imaging and microscopy; Sequencing and transcriptomics,,unknown,Mouse; Zebrafish,,,not yet curated,,,1,,"The registry preserves this identity, but independent source evidence is still needed. | This institution is a historical roster label, not a sourced current appointment. | Lab model organisms are not yet source-backed; article-species mentions do not establish a lab model. | Selected scientific contributions have not yet been source-curated; this is not absence of contributions. | 1 candidate papers remain unresolved and are not included in totals.",,unknown,0,0,0,0,0,0,0,0,0,0
Chethan Pandarinath,early-career awardee,Emory University,neuroscience (awardee),NIH DP2,0,0.0,0,2016;2017;2018;2019;2020;2021;2022;2023;2024;2025,1,0,7,,,unknown,unified_pubmed(full-name/affiliation-or-ORCID),last-author proxy,2025,,2026-09-05T03:57:34+00:00,3,pi_da322cffafca5e878cf526c133479f3e,unified-papers,unreviewed,,unreviewed roster label,,unknown,Computation and cognition; Learning and memory; Motor systems; Sensory systems,Calcium imaging; Computational modeling; Imaging and microscopy,,unknown,Mouse; Rat,,,not yet curated,,,0,,"The registry preserves this identity, but independent source evidence is still needed. | This institution is a historical roster label, not a sourced current appointment. | Lab model organisms are not yet source-backed; article-species mentions do not establish a lab model. | Selected scientific contributions have not yet been source-curated; this is not absence of contributions.",,unknown,0,0,0,0,0,0,0,0,0,0
Jim Heys,early-career awardee,University of Utah,neuroscience (awardee),NIH DP2,0,0.0,0,2016;2017;2018;2019;2020;2021;2022;2023;2024;2025,0,0,0,,,unknown,unified_pubmed(full-name/affiliation-or-ORCID),last-author proxy,2025,,2026-09-05T03:57:35+00:00,3,pi_e0d5d381dad752f6bdcdb5982bb206e4,unified-papers,unreviewed,,unreviewed roster label,,unknown,,,,unknown,,,,not yet curated,,,0,,"The registry preserves this identity, but independent source evidence is still needed. | This institution is a historical roster label, not a sourced current appointment. | Lab model organisms are not yet source-backed; article-species mentions do not establish a lab model. | Selected scientific contributions have not yet been source-curated; this is not absence of contributions. | Excluded 1 different-given-name candidates; review aliases if any exclusion is unexpected.",,unknown,0,0,0,0,0,0,0,0,0,0
Justin English,early-career awardee,University of Utah,neuroscience (awardee),NIH DP2,0,0.0,0,2016;2017;2018;2019;2020;2021;2022;2023;2024;2025,0,0,5,,,unknown,unified_pubmed(full-name/affiliation-or-ORCID),last-author proxy,2025,,2026-09-05T03:57:37+00:00,3,pi_99d64925e391572d8dec459b637a6df8,unified-papers,unreviewed,,unreviewed roster label,,unknown,,Sequencing and transcriptomics,,unknown,,,,not yet curated,,,0,,"The registry preserves this identity, but independent source evidence is still needed. | This institution is a historical roster label, not a sourced current appointment. | Lab model organisms are not yet source-backed; article-species mentions do not establish a lab model. | Selected scientific contributions have not yet been source-curated; this is not absence of contributions. | Excluded 2 different-given-name candidates; review aliases if any exclusion is unexpected.",,unknown,0,0,0,0,0,0,0,0,0,0
Christopher Makinson,early-career awardee,Columbia University,neuroscience (awardee),NIH DP2,0,0.0,0,2016;2017;2018;2019;2020;2021;2022;2023;2024;2025,0,0,1,,,unknown,unified_pubmed(full-name/affiliation-or-ORCID),last-author proxy,2025,,2026-09-05T03:57:38+00:00,3,pi_8c7128a012ee5995bef1076cd77764a9,unified-papers,unreviewed,,unreviewed roster label,,unknown,Cellular and molecular neuroscience; Learning and memory,,,unknown,Mouse,,,not yet curated,,,0,,"The registry preserves this identity, but independent source evidence is still needed. | This institution is a historical roster label, not a sourced current appointment. | Lab model organisms are not yet source-backed; article-species mentions do not establish a lab model. | Selected scientific contributions have not yet been source-curated; this is not absence of contributions.",,unknown,0,0,0,0,0,0,0,0,0,0
Xiaoyin Chen,early-career awardee,Allen Institute,neuroscience (awardee),NIH DP2,0,0.0,0,2016;2017;2018;2019;2020;2021;2022;2023;2024;2025,0,1,2,,,unknown,unified_pubmed(full-name/affiliation-or-ORCID),last-author proxy,2025,,2026-09-05T03:57:40+00:00,3,pi_e5fd0e8750315ee0a05f7d0fd927b711,unified-papers,unreviewed,,unreviewed roster label,,unknown,Cellular and molecular neuroscience; Neural circuits and behavior,Connectomics; Sequencing and transcriptomics,,unknown,Mouse,,,not yet curated,,,0,,"The registry preserves this identity, but independent source evidence is still needed. | This institution is a historical roster label, not a sourced current appointment. | Lab model organisms are not yet source-backed; article-species mentions do not establish a lab model. | Selected scientific contributions have not yet been source-curated; this is not absence of contributions.",,unknown,0,0,0,0,0,0,0,0,0,0
Carlos Ponce,early-career awardee,Harvard Medical School,neuroscience (awardee),NIH DP2,0,0.0,0,2016;2017;2018;2019;2020;2021;2022;2023;2024;2025,0,0,5,,,unknown,unified_pubmed(full-name/affiliation-or-ORCID),last-author proxy,2025,,2026-09-05T03:57:41+00:00,3,pi_583a5d18e72559068bb2d86e6a7d836c,unified-papers,unreviewed,,unreviewed roster label,,unknown,Computation and cognition; Learning and memory; Neural circuits and behavior; Sensory systems,Computational modeling; Imaging and microscopy; MRI and neuroimaging,,unknown,Nonhuman primates,,,not yet curated,,,0,,"The registry preserves this identity, but independent source evidence is still needed. | This institution is a historical roster label, not a sourced current appointment. | Lab model organisms are not yet source-backed; article-species mentions do not establish a lab model. | Selected scientific contributions have not yet been source-curated; this is not absence of contributions.",,unknown,0,0,0,0,0,0,0,0,0,0
Adam Granger,early-career awardee,Broad Institute,neuroscience (awardee),NIH DP2,0,0.0,0,2016;2017;2018;2019;2020;2021;2022;2023;2024;2025,0,0,0,,,unknown,unified_pubmed(full-name/affiliation-or-ORCID),last-author proxy,2025,,2026-09-05T03:57:48+00:00,3,pi_c1de86abe1e75c42b041808b7d326e3a,unified-papers,unreviewed,,unreviewed roster label,,unknown,,,,unknown,,,,not yet curated,,,0,,"The registry preserves this identity, but independent source evidence is still needed. | This institution is a historical roster label, not a sourced current appointment. | Lab model organisms are not yet source-backed; article-species mentions do not establish a lab model. | Selected scientific contributions have not yet been source-curated; this is not absence of contributions.",,unknown,0,0,0,0,0,0,0,0,0,0
Rachel Buckley,early-career awardee,Harvard Medical School,neuroscience (awardee),NIH DP2,0,0.0,0,2016;2017;2018;2019;2020;2021;2022;2023;2024;2025,0,0,9,,,unknown,unified_pubmed(full-name/affiliation-or-ORCID),last-author proxy,2025,,2026-09-05T03:57:48+00:00,3,pi_065175d1380e5bb1bc188f340e8efb7a,unified-papers,unreviewed,,unreviewed roster label,,unknown,Computation and cognition; Learning and memory; Neurodegeneration and aging,Computational modeling; Imaging and microscopy; MRI and neuroimaging,,unknown,,,,not yet curated,,,2,,"The registry preserves this identity, but independent source evidence is still needed. | This institution is a historical roster label, not a sourced current appointment. | Lab model organisms are not yet source-backed; article-species mentions do not establish a lab model. | Selected scientific contributions have not yet been source-curated; this is not absence of contributions. | 2 candidate papers remain unresolved and are not included in totals.",,unknown,0,0,0,0,0,0,0,0,0,0
Deblina Sarkar,early-career awardee,Massachusetts Institute of Technology,neuroscience (awardee),NIH DP2,0,0.0,0,2016;2017;2018;2019;2020;2021;2022;2023;2024;2025,0,0,7,,,unknown,unified_pubmed(full-name/affiliation-or-ORCID),last-author proxy,2025,,2026-09-05T03:57:51+00:00,3,pi_09b014af934d5849950b947416cd3b07,unified-papers,unreviewed,,unreviewed roster label,,unknown,,,,unknown,Mouse,,,not yet curated,,,0,,"The registry preserves this identity, but independent source evidence is still needed. | This institution is a historical roster label, not a sourced current appointment. | Lab model organisms are not yet source-backed; article-species mentions do not establish a lab model. | Selected scientific contributions have not yet been source-curated; this is not absence of contributions.",,unknown,0,0,0,0,0,0,0,0,0,0
Elizabeth Crouch,early-career awardee,"University of California, San Francisco",neuroscience (awardee),NIH DP2,0,0.0,0,2016;2017;2018;2019;2020;2021;2022;2023;2024;2025,0,0,1,,,unknown,unified_pubmed(full-name/affiliation-or-ORCID),last-author proxy,2025,,2026-09-05T03:57:52+00:00,3,pi_ac42131555235114bad6dac1188ac7d5,unified-papers,unreviewed,,unreviewed roster label,,unknown,,,,unknown,,,,not yet curated,,,0,,"The registry preserves this identity, but independent source evidence is still needed. | This institution is a historical roster label, not a sourced current appointment. | Lab model organisms are not yet source-backed; article-species mentions do not establish a lab model. | Selected scientific contributions have not yet been source-curated; this is not absence of contributions.",,unknown,0,0,0,0,0,0,0,0,0,0
Xinzhu Yu,early-career awardee,University of Illinois,neuroscience (awardee),NIH DP2,0,0.0,0,2016;2017;2018;2019;2020;2021;2022;2023;2024;2025,0,0,1,,,unknown,unified_pubmed(full-name/affiliation-or-ORCID),last-author proxy,2025,,2026-09-05T04:37:00+00:00,3,pi_266c61a44d235c63b4e7ede59d3d904e,unified-papers,unreviewed,,unreviewed roster label,,unknown,Glia and neuroimmunology; Neural circuits and behavior,,,unknown,Mouse,,,not yet curated,,,0,,"The registry preserves this identity, but independent source evidence is still needed. | This institution is a historical roster label, not a sourced current appointment. | Lab model organisms are not yet source-backed; article-species mentions do not establish a lab model. | Selected scientific contributions have not yet been source-curated; this is not absence of contributions. | Excluded 7 different-given-name candidates; review aliases if any exclusion is unexpected.",,unknown,0,0,0,0,0,0,0,0,0,0
Sarah Stern,early-career awardee,Max Planck Florida Institute for Neuroscience,neuroscience (awardee),NIH DP2,0,0.0,0,2016;2017;2018;2019;2020;2021;2022;2023;2024;2025,0,0,3,,,unknown,unified_pubmed(full-name/affiliation-or-ORCID),last-author proxy,2025,,2026-09-05T03:57:55+00:00,3,pi_63750bec9b495d8da59ea261e411085f,unified-papers,unreviewed,,unreviewed roster label,,unknown,Learning and memory; Neural circuits and behavior,,,unknown,Mouse,,,not yet curated,,,0,,"The registry preserves this identity, but independent source evidence is still needed. | This institution is a historical roster label, not a sourced current appointment. | Lab model organisms are not yet source-backed; article-species mentions do not establish a lab model. | Selected scientific contributions have not yet been source-curated; this is not absence of contributions.",,unknown,0,0,0,0,0,0,0,0,0,0
Benjamin Bartelle,early-career awardee,Arizona State University,neuroscience (awardee),NIH DP2,0,0.0,0,2016;2017;2018;2019;2020;2021;2022;2023;2024;2025,0,0,2,,,unknown,unified_pubmed(full-name/affiliation-or-ORCID),last-author proxy,2025,,2026-09-05T04:37:02+00:00,3,pi_b6a2f9a855275acabf9ca19a8aa4278f,unified-papers,unreviewed,,unreviewed roster label,,unknown,Cellular and molecular neuroscience; Glia and neuroimmunology; Learning and memory,Imaging and microscopy; MRI and neuroimaging; Sequencing and transcriptomics,,unknown,Mouse,,,not yet curated,,,0,,"The registry preserves this identity, but independent source evidence is still needed. | This institution is a historical roster label, not a sourced current appointment. | Lab model organisms are not yet source-backed; article-species mentions do not establish a lab model. | Selected scientific contributions have not yet been source-curated; this is not absence of contributions.",,unknown,0,0,0,0,0,0,0,0,0,0
Richard Sando,early-career awardee,Vanderbilt University,neuroscience (awardee),NIH DP2,0,0.0,0,2016;2017;2018;2019;2020;2021;2022;2023;2024;2025,0,0,2,,,unknown,unified_pubmed(full-name/affiliation-or-ORCID),last-author proxy,2025,,2026-09-05T03:57:59+00:00,3,pi_64ef6c92ad425a1eb1e617235789e515,unified-papers,unreviewed,,unreviewed roster label,,unknown,Cellular and molecular neuroscience; Learning and memory,,,unknown,Mouse,,,not yet curated,,,0,,"The registry preserves this identity, but independent source evidence is still needed. | This institution is a historical roster label, not a sourced current appointment. | Lab model organisms are not yet source-backed; article-species mentions do not establish a lab model. | Selected scientific contributions have not yet been source-curated; this is not absence of contributions.",,unknown,0,0,0,0,0,0,0,0,0,0
Vidhya Rangaraju,early-career awardee,Max Planck Florida Institute for Neuroscience,neuroscience (awardee),NIH DP2,0,0.0,0,2016;2017;2018;2019;2020;2021;2022;2023;2024;2025,0,0,1,,,unknown,unified_pubmed(full-name/affiliation-or-ORCID),last-author proxy,2025,,2026-09-05T03:58:00+00:00,3,pi_a642328cc5e55c34b534ab7642103e90,unified-papers,unreviewed,,unreviewed roster label,,unknown,Cellular and molecular neuroscience; Learning and memory,,,unknown,,,,not yet curated,,,0,,"The registry preserves this identity, but independent source evidence is still needed. | This institution is a historical roster label, not a sourced current appointment. | Lab model organisms are not yet source-backed; article-species mentions do not establish a lab model. | Selected scientific contributions have not yet been source-curated; this is not absence of contributions.",,unknown,0,0,0,0,0,0,0,0,0,0
Dhananjay Bambah-Mukku,early-career awardee,UC San Diego,neuroscience (awardee),NIH DP2,0,0.0,0,2016;2017;2018;2019;2020;2021;2022;2023;2024;2025,0,0,0,,,unknown,unified_pubmed(full-name/affiliation-or-ORCID),last-author proxy,2025,,2026-09-05T04:37:03+00:00,3,pi_b1de394b4d055b82bab33cc247491d65,unified-papers,unreviewed,,unreviewed roster label,,unknown,,,,unknown,,,,not yet curated,,,0,,"The registry preserves this identity, but independent source evidence is still needed. | This institution is a historical roster label, not a sourced current appointment. | Lab model organisms are not yet source-backed; article-species mentions do not establish a lab model. | Selected scientific contributions have not yet been source-curated; this is not absence of contributions.",,unknown,0,0,0,0,0,0,0,0,0,0
Preeya Khanna,early-career awardee,"University of California, Berkeley",neuroscience (awardee),NIH DP2,0,0.0,0,2016;2017;2018;2019;2020;2021;2022;2023;2024;2025,0,0,0,,,unknown,unified_pubmed(full-name/affiliation-or-ORCID),last-author proxy,2025,,2026-09-05T03:58:03+00:00,3,pi_6e178a52d0f550be98cb4f3bfb6372d3,unified-papers,unreviewed,,unreviewed roster label,,unknown,,,,unknown,,,,not yet curated,,,0,,"The registry preserves this identity, but independent source evidence is still needed. | This institution is a historical roster label, not a sourced current appointment. | Lab model organisms are not yet source-backed; article-species mentions do not establish a lab model. | Selected scientific contributions have not yet been source-curated; this is not absence of contributions.",,unknown,0,0,0,0,0,0,0,0,0,0
Ryoma Hattori,early-career awardee,Max Planck Florida Institute for Neuroscience,neuroscience (awardee),NIH DP2,0,0.0,0,2016;2017;2018;2019;2020;2021;2022;2023;2024;2025,0,0,0,,,unknown,unified_pubmed(full-name/affiliation-or-ORCID),last-author proxy,2025,,2026-09-05T03:58:03+00:00,3,pi_6838db1190a95dd889e18581e1685209,unified-papers,unreviewed,,unreviewed roster label,,unknown,,,,unknown,,,,not yet curated,,,0,,"The registry preserves this identity, but independent source evidence is still needed. | This institution is a historical roster label, not a sourced current appointment. | Lab model organisms are not yet source-backed; article-species mentions do not establish a lab model. | Selected scientific contributions have not yet been source-curated; this is not absence of contributions.",,unknown,0,0,0,0,0,0,0,0,0,0
Shuo Chen,early-career awardee,New York University,neuroscience (awardee),NIH DP2,0,0.0,0,2016;2017;2018;2019;2020;2021;2022;2023;2024;2025,0,0,0,,,unknown,unified_pubmed(full-name/affiliation-or-ORCID),last-author proxy,2025,,2026-09-05T03:58:04+00:00,3,pi_bb96a63dbb6c5b69947efafc536ee5b6,unified-papers,unreviewed,,unreviewed roster label,,unknown,,,,unknown,,,,not yet curated,,,3,,"The registry preserves this identity, but independent source evidence is still needed. | This institution is a historical roster label, not a sourced current appointment. | Lab model organisms are not yet source-backed; article-species mentions do not establish a lab model. | Selected scientific contributions have not yet been source-curated; this is not absence of contributions. | 3 candidate papers remain unresolved and are not included in totals. | Excluded 6 different-given-name candidates; review aliases if any exclusion is unexpected.",,unknown,0,0,0,0,0,0,0,0,0,0
Bridget Ostrem,early-career awardee,"University of California, San Francisco",neuroscience (awardee),NIH DP2,0,0.0,0,2016;2017;2018;2019;2020;2021;2022;2023;2024;2025,0,0,2,,,unknown,unified_pubmed(full-name/affiliation-or-ORCID),last-author proxy,2025,,2026-09-05T03:58:06+00:00,3,pi_50cab40e9ebf55fe9c86145e52c4100b,unified-papers,unreviewed,,unreviewed roster label,,unknown,Glia and neuroimmunology,,,unknown,Mouse,,,not yet curated,,,0,,"The registry preserves this identity, but independent source evidence is still needed. | This institution is a historical roster label, not a sourced current appointment. | Lab model organisms are not yet source-backed; article-species mentions do not establish a lab model. | Selected scientific contributions have not yet been source-curated; this is not absence of contributions.",,unknown,0,0,0,0,0,0,0,0,0,0
Jacqueline Palmer,early-career awardee,University of Minnesota,neuroscience (awardee),NIH DP2,0,0.0,0,2016;2017;2018;2019;2020;2021;2022;2023;2024;2025,0,0,0,,,unknown,unified_pubmed(full-name/affiliation-or-ORCID),last-author proxy,2025,,2026-09-05T03:58:07+00:00,3,pi_25a9ae365a935c1d830a863dc771246c,unified-papers,unreviewed,,unreviewed roster label,,unknown,,,,unknown,,,,not yet curated,,,0,,"The registry preserves this identity, but independent source evidence is still needed. | This institution is a historical roster label, not a sourced current appointment. | Lab model organisms are not yet source-backed; article-species mentions do not establish a lab model. | Selected scientific contributions have not yet been source-curated; this is not absence of contributions. | Excluded 3 different-given-name candidates; review aliases if any exclusion is unexpected.",,unknown,0,0,0,0,0,0,0,0,0,0
Richard Smith,early-career awardee,Northwestern University,neuroscience (awardee),NIH DP2,0,0.0,0,2016;2017;2018;2019;2020;2021;2022;2023;2024;2025,0,0,0,,,unknown,unified_pubmed(full-name/affiliation-or-ORCID),last-author proxy,2025,,2026-09-05T03:58:09+00:00,3,pi_b4f33d3cd6bb5da69c49779499c441f9,unified-papers,unreviewed,,unreviewed roster label,,unknown,,,,unknown,,,,not yet curated,,,2,,"The registry preserves this identity, but independent source evidence is still needed. | This institution is a historical roster label, not a sourced current appointment. | Lab model organisms are not yet source-backed; article-species mentions do not establish a lab model. | Selected scientific contributions have not yet been source-curated; this is not absence of contributions. | 2 candidate papers remain unresolved and are not included in totals. | Excluded 4 different-given-name candidates; review aliases if any exclusion is unexpected.",,unknown,0,0,0,0,0,0,0,0,0,0
Melanie Maya Kaelberer,early-career awardee,University of Arizona,neuroscience (awardee),NIH DP2,0,0.0,0,2016;2017;2018;2019;2020;2021;2022;2023;2024;2025,0,0,0,,,unknown,unified_pubmed(full-name/affiliation-or-ORCID),last-author proxy,2025,,2026-09-05T04:37:04+00:00,3,pi_cb55ac791fc75bf1afb54461ce2068b2,unified-papers,unreviewed,,unreviewed roster label,,unknown,,,,unknown,,,,not yet curated,,,0,,"The registry preserves this identity, but independent source evidence is still needed. | This institution is a historical roster label, not a sourced current appointment. | Lab model organisms are not yet source-backed; article-species mentions do not establish a lab model. | Selected scientific contributions have not yet been source-curated; this is not absence of contributions.",,unknown,0,0,0,0,0,0,0,0,0,0
