Name,Group,Institution,Field,Awards,CNS_total,CNS_avg_per_yr,CNS_years_covered,CNS_gap_years,NeuronNatNeuro_total,eLife_total,nonCNS_total,Lab_start_year,First_senior_paper,Career_stage,Count_source,Authorship_measure,Career_reference_year,Lab_age_source,Count_fetched_at,Count_method_version,Researcher_ID,Publication_model,Identity_status,Current_institution,Institution_status,HHMI_status,HHMI_source_status,Topics,Methods,Model_organisms,Model_organism_status,Paper_species_mentions,Contribution_titles,Contribution_keywords,Contribution_status,Contribution_review_status,Contribution_review_reason,Active_years_in_window,CNS_per_active_year,Unresolved_papers,Source_URLs,Review_notes,Faculty_appointment_year,Faculty_appointment_status,CNS_2016,CNS_2017,CNS_2018,CNS_2019,CNS_2020,CNS_2021,CNS_2022,CNS_2023,CNS_2024,CNS_2025
Michael Yartsev,HHMI,"University of California, Berkeley",Neuroscience (HHMI),"Klingenstein-Simons, McKnight Scholar, NIH DP2, Pew Biomedical, Searle Scholar",1,0.1,1,2016;2018;2019;2020;2021;2022;2023;2024;2025,0,0,1,,,established,unified_pubmed(full-name/affiliation-or-ORCID),last-author proxy,2025,,2026-09-05T03:40:51+00:00,3,pi_101c85f46949521da6762265a292e31a,unified-papers,unreviewed,,unreviewed roster label,Listed in legacy HHMI cohort,unreviewed,,,,unknown,,Bat grid cells without continuous theta oscillations; Three-dimensional hippocampal place coding in flying bats; Inter-brain neural correlations during natural bat social interactions,Egyptian fruit bat; entorhinal cortex; flying bats; grid cells; hippocampal place cells; inter-brain correlation; local field potentials; social bats; social interactions; spatial coding; theta oscillations; three-dimensional space; volumetric representation; wireless electrophysiology; wireless telemetry,source-backed examples,complete,Selected full-name matched neuroscience papers centered on bat spatial and social neural coding; an unrelated cardiac-regeneration coauthorship was not used.,,,0,https://pubmed.ncbi.nlm.nih.gov/22051680/; https://pubmed.ncbi.nlm.nih.gov/23599496/; https://pubmed.ncbi.nlm.nih.gov/31230710/; https://www.mcknight.org/programs/the-mcknight-endowment-fund-for-neuroscience/scholar-awards/awardees/,"The registry preserves this identity, but independent source evidence is still needed. | This institution is a historical roster label, not a sourced current appointment. | Lab model organisms are not yet source-backed; article-species mentions do not establish a lab model.",,unknown,0,1,0,0,0,0,0,0,0,0
Dmitriy Aronov,HHMI,Columbia University,Neuroscience (HHMI),NIH DP2,2,0.2,2,2016;2017;2018;2019;2020;2021;2022;2023,0,1,3,,,established,unified_pubmed(full-name/affiliation-or-ORCID),last-author proxy,2025,,2026-09-05T03:40:53+00:00,3,pi_db47778fb46b52c6b0a5ba46e9870fc9,unified-papers,unreviewed,,unreviewed roster label,Listed in legacy HHMI cohort,unreviewed,Learning and memory; Motor systems; Neural circuits and behavior; Sensory systems,,,unknown,,Flexible use of cache memories in food-caching birds; Hippocampal barcodes for episodic cache memories; Remote gaze activation of hippocampal place codes,cache retrieval; chickadee hippocampus; chickadees; episodic memory; food caching; food-caching birds; gaze coding; head saccades; hippocampal barcodes; memory retrieval; place cells; probabilistic behavior models; remote spatial reasoning; sparse neural patterns; spatial memory,source-backed examples,complete,Selected full-name matched chickadee memory and spatial-coding studies; an initials-only 2021 candidate was not needed for the curated examples.,,,1,https://pubmed.ncbi.nlm.nih.gov/35467526/; https://pubmed.ncbi.nlm.nih.gov/38554707/; https://pubmed.ncbi.nlm.nih.gov/40500454/,"The registry preserves this identity, but independent source evidence is still needed. | This institution is a historical roster label, not a sourced current appointment. | Lab model organisms are not yet source-backed; article-species mentions do not establish a lab model. | 1 candidate papers remain unresolved and are not included in totals.",,unknown,0,0,0,0,0,0,0,0,1,1
Steven W. Flavell,HHMI,Massachusetts Institute of Technology,Neuroscience (HHMI),McKnight Scholar,3,0.3,2,2016;2017;2019;2020;2021;2022;2024;2025,0,3,9,,,established,unified_pubmed(full-name/affiliation-or-ORCID),last-author proxy,2025,,2026-09-05T19:26:14+00:00,3,pi_d51a57bfa5745114aac518746fac76c2,unified-papers,source-backed,,unreviewed roster label,Listed in legacy HHMI cohort,unreviewed,Cellular and molecular neuroscience; Glia and neuroimmunology; Learning and memory; Motor systems; Neural circuits and behavior; Sensory systems,Connectomics; Sequencing and transcriptomics,,unknown,C. elegans; Drosophila,Serotonin and PDF control opposing C. elegans roaming and dwelling states; ASIC-mediated food responses in an enteric serotonergic neuron; Brain-wide atlas of behavior representations across C. elegans states,ASIC channels; behavior atlas; brain-wide calcium imaging; C. elegans; food ingestion; foraging behavior; internal state; NSM neuron; PDF neuropeptide; roaming dwelling states; serotonin; timescales,source-backed examples,complete,Closed prior gap by rejecting the S. U. Flavell hematology namesakes and using official MIT/Picower/Flavell-lab evidence linking this profile to Steven W. Flavell C. elegans behavioral-state papers.,,,0,https://bcs.mit.edu/news/modeling-complex-behavior-simple-organism; https://flavell.mit.edu/publications/; https://pubmed.ncbi.nlm.nih.gov/23972393/; https://pubmed.ncbi.nlm.nih.gov/30580965/; https://pubmed.ncbi.nlm.nih.gov/37607537/,"This institution is a historical roster label, not a sourced current appointment. | Lab model organisms are not yet source-backed; article-species mentions do not establish a lab model.",,unknown,0,0,1,0,0,0,0,2,0,0
Li Ye,HHMI,Scripps Research,Neuroscience (HHMI),NIH DP2,4,0.4,3,2016;2017;2018;2019;2020;2021;2024,1,0,6,,,established,unified_pubmed(full-name/affiliation-or-ORCID),last-author proxy,2025,,2026-09-05T03:42:44+00:00,3,pi_b85c7109745c5d3995afb2a3ad6b96e3,unified-papers,unreviewed,,unreviewed roster label,Listed in legacy HHMI cohort,unreviewed,Neural circuits and behavior; Sensory systems,Imaging and microscopy; Optogenetics,,unknown,Mouse,"Advanced CLARITY and light-sheet imaging for intact tissues; Basomedial amygdala pathway for top-down regulation of fear and anxiety; Prefrontal ensembles linking valence, wiring and molecular phenotype",basomedial amygdala; CLARITY; experience valence; fear and anxiety; hydrogel-based technology; intact tissue imaging; light-sheet microscopy; NPAS4; prefrontal cortex ensembles; top-down control; ventral mPFC; whole-brain staining,source-backed examples,complete,"Selected Stanford/Scripps neuroscience-context full-name papers; adipocyte, virology and other same-name candidates were not used because the profile identity/context was ambiguous for them.",,,0,https://pubmed.ncbi.nlm.nih.gov/24945384/; https://pubmed.ncbi.nlm.nih.gov/26536109/; https://pubmed.ncbi.nlm.nih.gov/27238022/,"The registry preserves this identity, but independent source evidence is still needed. | This institution is a historical roster label, not a sourced current appointment. | Lab model organisms are not yet source-backed; article-species mentions do not establish a lab model.",,unknown,0,0,0,0,0,0,2,1,0,1
Mehrdad Jazayeri,HHMI,Massachusetts Institute of Technology,Neuroscience (HHMI),McKnight Scholar,1,0.1,1,2016;2017;2018;2019;2020;2021;2022;2023;2025,4,1,18,,,established,unified_pubmed(full-name/affiliation-or-ORCID),last-author proxy,2025,,2026-09-05T03:42:48+00:00,3,pi_f8940ed9e17f5a6d943717d56ae855b3,unified-papers,unreviewed,,unreviewed roster label,Listed in legacy HHMI cohort,unreviewed,Cellular and molecular neuroscience; Computation and cognition; Learning and memory; Motor systems; Neural circuits and behavior,Computational modeling; Electrophysiology; Imaging and microscopy; MRI and neuroimaging,,unknown,Human; Nonhuman primates; Rat,Temporal scaling of cortical responses for flexible timing; Bayesian integration through cortical latent dynamics; Frontal cortical circuits for hierarchical reasoning,anterior cingulate cortex; Bayesian inference; confidence; dorsomedial frontal cortex; flexible timing; frontal cortex; latent dynamics; medial frontal cortex; prior statistics; recurrent networks; rule switches; temporal scaling,source-backed examples,complete,"Selected full-name primate frontal-cortex papers on timing, Bayesian computation and hierarchical reasoning.",,,1,https://pubmed.ncbi.nlm.nih.gov/29203897/; https://pubmed.ncbi.nlm.nih.gov/31097640/; https://pubmed.ncbi.nlm.nih.gov/31320220/; https://www.mcknight.org/programs/the-mcknight-endowment-fund-for-neuroscience/scholar-awards/awardees/,"The registry preserves this identity, but independent source evidence is still needed. | This institution is a historical roster label, not a sourced current appointment. | Lab model organisms are not yet source-backed; article-species mentions do not establish a lab model. | 1 candidate papers remain unresolved and are not included in totals.",,unknown,0,0,0,0,0,0,0,0,1,0
Susan L. Ackerman,HHMI,"University of California, San Diego",Neuroscience (HHMI),Klingenstein-Simons,2,0.2,2,2016;2017;2019;2020;2021;2022;2023;2024,0,1,2,,,established,unified_pubmed(full-name/affiliation-or-ORCID),last-author proxy,2025,,2026-09-05T03:43:20+00:00,3,pi_3348ea9baebd5d8d8650468c60991eb0,unified-papers,unreviewed,,unreviewed roster label,Listed in legacy HHMI cohort,unreviewed,Development; Motor systems; Neurodegeneration and aging,,,unknown,Mouse,A tRNA-synthetase editing defect links translational infidelity to neurodegeneration; A CNS-specific tRNA mutation plus loss of ribosome rescue causes neurodegeneration; SIL1 cochaperone disruption connects ER stress with Purkinje-cell neurodegeneration,alanyl-tRNA synthetase; BiP cochaperone; CNS-specific tRNA; ER stress; GTPBP2; misfolded proteins; neurodegeneration; Pelota; Purkinje cell loss; Purkinje cells; ribosome stalling; SIL1; sticky mouse; translational fidelity; woozy mutant mouse,source-backed examples,complete,Selected full-name Susan L. Ackerman mouse-neurodegeneration papers; an unrelated colonography record was excluded despite a name match.,,,0,https://pubmed.ncbi.nlm.nih.gov/16116427/; https://pubmed.ncbi.nlm.nih.gov/16906134/; https://pubmed.ncbi.nlm.nih.gov/25061210/,"The registry preserves this identity, but independent source evidence is still needed. | This institution is a historical roster label, not a sourced current appointment. | Lab model organisms are not yet source-backed; article-species mentions do not establish a lab model.",,unknown,0,0,1,0,0,0,0,0,0,1
Yuki Oka,non-HHMI,California Institute of Technology,thirst/interoception,"Klingenstein-Simons, McKnight Scholar",7,0.7,6,2016;2017;2021;2025,2,0,7,,,established,unified_pubmed(full-name/affiliation-or-ORCID),last-author proxy,2025,,2026-09-05T03:44:13+00:00,3,pi_8a3a10a9202f5589a48db7be33ceaa0b,unified-papers,unreviewed,,unreviewed roster label,,unknown,Cellular and molecular neuroscience; Learning and memory; Neural circuits and behavior; Sensory systems,Optogenetics; Sequencing and transcriptomics,,unknown,Mouse,Hierarchical lamina terminalis circuitry for thirst regulation; Water detection by acid-sensing taste receptor cells; Distinct cellular encoding of osmotic and hypovolemic thirst,acid-sensing taste cells; hypovolaemic thirst; lamina terminalis; lamina terminalis cell types; median preoptic nucleus; optogenetic drinking; osmotic thirst; peripheral water detection; stimulus-to-cell-type mapping; subfornical organ inputs; thirst satiation circuit; water-evoked taste nerve responses,source-backed examples,complete,"Selected distinct primary, source-backed contribution anchors from the assigned evidence with full-name authorship and collaborative attribution.",,,0,https://pubmed.ncbi.nlm.nih.gov/28553944/; https://pubmed.ncbi.nlm.nih.gov/29489747/; https://pubmed.ncbi.nlm.nih.gov/33057193/; https://www.mcknight.org/programs/the-mcknight-endowment-fund-for-neuroscience/scholar-awards/awardees/,"The registry preserves this identity, but independent source evidence is still needed. | This institution is a historical roster label, not a sourced current appointment. | Lab model organisms are not yet source-backed; article-species mentions do not establish a lab model. | Excluded 2 different-given-name candidates; review aliases if any exclusion is unexpected.",,unknown,0,0,1,1,2,0,1,1,1,0
Anna Molofsky,non-HHMI,"University of California, San Francisco",glia/neuro-immune,"NIH DP2, Pew Biomedical",4,0.4,4,2016;2017;2019;2021;2022;2025,1,0,7,,,established,unified_pubmed(full-name/affiliation-or-ORCID),last-author proxy,2025,,2026-09-05T03:44:55+00:00,3,pi_f1b6ad0eef2b585abe64c86042cc8208,unified-papers,unreviewed,,unreviewed roster label,,unknown,Cellular and molecular neuroscience; Development; Glia and neuroimmunology; Learning and memory; Neural circuits and behavior; Sensory systems,Imaging and microscopy; Organoids and stem-cell models; Sequencing and transcriptomics,,unknown,Mouse; Zebrafish,Astrocyte IL-33 control of microglial synapse engulfment; Microglial extracellular-matrix remodeling for synapse plasticity; Interferon-responsive microglia in cortical development,aged mice; astrocyte-derived IL-33; developing somatosensory cortex; DNA-damaged neurons; hippocampal plasticity; memory precision; microglia; microglial ECM engulfment; neuron-engulfing microglia; neuronal IL-33; spinal cord; synapse engulfment; tactile hypersensitivity; thalamus; type I interferon,source-backed examples,complete,"Full-name PubMed candidates support distinct glia, synapse and neuroimmune developmental mechanisms.",,,0,https://pubmed.ncbi.nlm.nih.gov/29420261/; https://pubmed.ncbi.nlm.nih.gov/32615087/; https://pubmed.ncbi.nlm.nih.gov/38490196/,"The registry preserves this identity, but independent source evidence is still needed. | This institution is a historical roster label, not a sourced current appointment. | Lab model organisms are not yet source-backed; article-species mentions do not establish a lab model. | Excluded 7 different-given-name candidates; review aliases if any exclusion is unexpected.",,unknown,0,0,1,0,1,0,0,1,1,0
Weizhe Hong,non-HHMI,"University of California, Los Angeles",social-behavior circuits,"Klingenstein-Simons, McKnight Scholar, Searle Scholar",5,0.5,4,2016;2017;2018;2020;2022;2023,6,0,11,,,established,unified_pubmed(full-name/affiliation-or-ORCID),last-author proxy,2025,,2026-09-05T03:44:59+00:00,3,pi_53dbce893bb05f8c876d71c7ba898141,unified-papers,unreviewed,,unreviewed roster label,,unknown,Glia and neuroimmunology; Neural circuits and behavior,Calcium imaging; Electrophysiology; Imaging and microscopy; Optogenetics; Sequencing and transcriptomics,,unknown,Mouse,Amygdala opponency between social and self-grooming behaviors; Prefrontal interbrain synchrony during social interaction; Amygdala-to-hypothalamus circuitry for social reward,aggression; dominance relationships; GABAergic neurons; glutamatergic neurons; interbrain correlations; medial amygdala; medial preoptic area; microendoscopic calcium imaging; nucleus accumbens dopamine; prefrontal cortex; self-grooming; social reward; socially interacting mice,source-backed examples,complete,Full-name PubMed candidates support distinct social-behavior circuit contributions.,,,0,https://pubmed.ncbi.nlm.nih.gov/25215491/; https://pubmed.ncbi.nlm.nih.gov/31230711/; https://pubmed.ncbi.nlm.nih.gov/33820999/; https://www.mcknight.org/programs/the-mcknight-endowment-fund-for-neuroscience/scholar-awards/awardees/,"The registry preserves this identity, but independent source evidence is still needed. | This institution is a historical roster label, not a sourced current appointment. | Lab model organisms are not yet source-backed; article-species mentions do not establish a lab model.",,unknown,0,0,0,2,0,1,0,0,1,1
Mark Andermann,non-HHMI,Harvard Med (BIDMC),hunger circuits,McKnight Scholar,5,0.5,5,2016;2019;2020;2022;2025,10,0,17,,,established,unified_pubmed(full-name/affiliation-or-ORCID),last-author proxy,2025,,2026-09-05T03:45:02+00:00,3,pi_f05a84660932544fb2484693e3936e73,unified-papers,unreviewed,,unreviewed roster label,,unknown,Cellular and molecular neuroscience; Learning and memory; Neural circuits and behavior; Sensory systems,Calcium imaging; Electrophysiology; Imaging and microscopy; MRI and neuroimaging; Optogenetics,,unknown,Human; Mouse; Rat,Functional specialization of mouse higher visual cortical areas; Removable cranial windows for chronic awake cortical imaging; Hunger-state gating of insular food-cue responses,AgRP hunger neurons; area AL; area PM; awake mice; basolateral amygdala; chronic imaging; food cues; functional mapping; insular cortex; microprism imaging; paraventricular thalamus; removable cranial window; spatiotemporal frequency; two-photon calcium imaging,source-backed examples,complete,"Full-name PubMed candidates support visual-circuit, imaging-method and hunger-state circuit contributions.",,,0,https://pubmed.ncbi.nlm.nih.gov/22196337/; https://pubmed.ncbi.nlm.nih.gov/25275789/; https://pubmed.ncbi.nlm.nih.gov/28614299/; https://www.mcknight.org/programs/the-mcknight-endowment-fund-for-neuroscience/scholar-awards/awardees/,"The registry preserves this identity, but independent source evidence is still needed. | This institution is a historical roster label, not a sourced current appointment. | Lab model organisms are not yet source-backed; article-species mentions do not establish a lab model.",,unknown,0,1,1,0,0,1,0,1,1,0
J. Nicholas Betley,rising-star,University of Pennsylvania,neuroscience,Klingenstein-Simons,3,0.3,3,2016;2017;2019;2020;2022;2023;2024,1,0,6,,2017,early (<=10y),unified_pubmed(full-name/affiliation-or-ORCID),last-author proxy,2025,first-paper proxy,2026-09-05T18:53:03+00:00,3,pi_092d010d67e65403928d60e49964f3f3,unified-papers,source-backed,,unreviewed roster label,,unknown,Learning and memory; Motor systems; Neural circuits and behavior; Sensory systems,Calcium imaging; Imaging and microscopy; MRI and neuroimaging; Optogenetics,,unknown,Mouse,Neural prioritization of hunger over inflammatory pain,AgRP neurons; competing survival needs; inflammatory pain; parabrachial nucleus,source-backed examples,complete,Independently verified full-author identity and Penn affiliation; selected a primary competing-needs circuit study.,,,0,https://europepmc.org/article/MED/29570993; https://europepmc.org/article/MED/34789878,"This institution is a historical roster label, not a sourced current appointment. | Lab model organisms are not yet source-backed; article-species mentions do not establish a lab model.",,unknown,0,0,1,0,0,1,0,0,0,1
Michael Halassa,non-HHMI (low-CNS),Massachusetts Institute of Technology; New York University,neuroscience,Pew Biomedical,3,0.3,3,2018;2019;2020;2022;2023;2024;2025,3,1,10,,2014,established,unified_pubmed(full-name/affiliation-or-ORCID),last-author proxy,2025,first-paper proxy,2026-09-05T03:45:23+00:00,3,pi_80ffdc3377c55034997aeb16acc42dd1,unified-papers,unreviewed,,unreviewed roster label,,unknown,Computation and cognition; Development; Learning and memory; Motor systems; Neural circuits and behavior; Sensory systems; Sleep and circadian rhythms,Electrophysiology; Optogenetics,,unknown,Mouse,Astrocytic gliotransmission in sleep pressure and cognition; State-dependent thalamic reticular subnetworks; Thalamic control of sensory selection in divided attention,adenosine A1 receptors; arousal; astrocytes; attentional performance; behavioral state; divided attention; feedforward inhibition; gliotransmission; prefrontal cortex; sleep pressure; sleep spindles; sleep-loss cognition; thalamic gain; thalamic reticular nucleus; visual thalamic reticular nucleus,source-backed examples,complete,Full-name PubMed candidates support astrocyte-sleep and thalamocortical attention contributions.,,,4,https://pubmed.ncbi.nlm.nih.gov/19186164/; https://pubmed.ncbi.nlm.nih.gov/25126786/; https://pubmed.ncbi.nlm.nih.gov/26503050/,"The registry preserves this identity, but independent source evidence is still needed. | This institution is a historical roster label, not a sourced current appointment. | Lab model organisms are not yet source-backed; article-species mentions do not establish a lab model. | 4 candidate papers remain unresolved and are not included in totals.",,unknown,1,1,0,0,0,1,0,0,0,0
Qili Liu,candidate (career TBD),"University of California, San Francisco; University of Texas Southwestern Medical Center; Washington University in St. Louis",neuroscience,"Klingenstein-Simons, Pew Biomedical",1,0.1,1,2016;2017;2018;2019;2020;2021;2022;2023;2025,0,0,1,,2005,established,unified_pubmed(full-name/affiliation-or-ORCID),last-author proxy,2025,first-paper proxy,2026-09-05T03:45:42+00:00,3,pi_244e4d04278b524980d758514e39fca4,unified-papers,unreviewed,,unreviewed roster label,,unknown,Neural circuits and behavior,,,unknown,Drosophila,Identified dopaminergic neurons promoting wakefulness through the dorsal fan-shaped body; Showed branch-specific dopamine-circuit plasticity encodes protein hunger; Mapped opposing GPCR programs that set Drosophila protein-intake setpoints,arousal circuit; branch-specific plasticity; dopaminergic neurons; DopR signaling; dorsal fan-shaped body; Drosophila dopamine circuit; Drosophila feeding; Drosophila wakefulness; nutrient-specific appetite; protein homeostasis; protein hunger; protein hunger neurons; protein intake setpoint; resting membrane potential; RFamide GPCRs,source-backed examples,complete,"Replaced unrelated initials-only oncology/plant candidates with full-name neuroscience primary papers from the identity-scoped candidate cache, including the UCSF last-author Cell 2024 protein-intake setpoint anchor.",,,0,https://pubmed.ncbi.nlm.nih.gov/23022067/; https://pubmed.ncbi.nlm.nih.gov/28473588/; https://pubmed.ncbi.nlm.nih.gov/39197448/,"The registry preserves this identity, but independent source evidence is still needed. | This institution is a historical roster label, not a sourced current appointment. | Lab model organisms are not yet source-backed; article-species mentions do not establish a lab model. | Excluded 18 different-given-name candidates; review aliases if any exclusion is unexpected.",,unknown,0,0,0,0,0,0,0,0,1,0
Nicholas Bellono,non-HHMI,Harvard (FAS),neuroscience,"Klingenstein-Simons, Searle Scholar",5,0.5,3,2016;2017;2018;2019;2021;2022;2024,0,2,6,,2020,rising (<=6y),unified_pubmed(full-name/affiliation-or-ORCID),last-author proxy,2025,first-paper proxy,2026-09-05T03:45:51+00:00,3,pi_a9cf103b9e35564cb5a47140c93dfd92,unified-papers,unreviewed,,unreviewed roster label,,unknown,Cellular and molecular neuroscience; Neural circuits and behavior; Sensory systems; Sleep and circadian rhythms,Imaging and microscopy,,unknown,,Showed enterochromaffin cells couple gut chemosensing to sensory neural pathways; Identified ion-channel mechanisms supporting skate electroreception; Defined receptor mechanisms for octopus taste-by-touch sensation,ampullae of Lorenzini; aquatic chemosensation; BK channels; CaV1.3; chemotactile receptors; electroreception; enterochromaffin cells; gut chemosensing; intestinal organoids; little skate; octopus arms; peripheral nervous system; sensory afferents; serotonin; taste by touch,source-backed examples,complete,Selected full-name primary papers on gut epithelial chemosensing and comparative molecular mechanisms for electro- and chemotactile sensation.,,,0,https://pubmed.ncbi.nlm.nih.gov/28264196/; https://pubmed.ncbi.nlm.nih.gov/28648659/; https://pubmed.ncbi.nlm.nih.gov/33125889/,"The registry preserves this identity, but independent source evidence is still needed. | This institution is a historical roster label, not a sourced current appointment. | Lab model organisms are not yet source-backed; article-species mentions do not establish a lab model.",,unknown,0,0,0,0,1,0,0,1,0,3
Tomasz Nowakowski,non-HHMI,"University of California, San Francisco",neuroscience,Klingenstein-Simons,3,0.3,3,2016;2017;2018;2019;2020;2022;2023,5,0,11,,2019,rising (<=6y),unified_pubmed(full-name/affiliation-or-ORCID),last-author proxy,2025,first-paper proxy,2026-09-05T03:45:53+00:00,3,pi_e0009a89045151909c6df71201388955,unified-papers,unreviewed,,unreviewed roster label,,unknown,Cellular and molecular neuroscience; Computation and cognition; Development; Glia and neuroimmunology; Learning and memory; Motor systems,Computational modeling; Optogenetics; Organoids and stem-cell models; Sequencing and transcriptomics,,unknown,Human; Mouse,Demonstrated low-coverage single-cell RNA sequencing for developing cerebral cortex; Resolved molecular features of human outer radial glia; Mapped spatiotemporal gene-expression trajectories in developing human cortex,cell-type classification; cortical areas; developing cerebral cortex; developmental trajectories; human cortical development; human telencephalon; microfluidic capture; neurogenesis; Notch targets; outer radial glia; radial glia maturation; single-cell gene expression; single-cell mRNA sequencing; STAT3 signaling; subventricular niche,source-backed examples,complete,Selected full-name primary papers on single-cell methods and developmental cell-state maps in human cortex.,,,1,https://pubmed.ncbi.nlm.nih.gov/25086649/; https://pubmed.ncbi.nlm.nih.gov/26406371/; https://pubmed.ncbi.nlm.nih.gov/29217575/,"The registry preserves this identity, but independent source evidence is still needed. | This institution is a historical roster label, not a sourced current appointment. | Lab model organisms are not yet source-backed; article-species mentions do not establish a lab model. | 1 candidate papers remain unresolved and are not included in totals.",,unknown,0,0,0,0,0,1,0,0,1,1
Maria Tosches,rising-star,Columbia University,neuroscience,McKnight Scholar,1,0.1,1,2016;2017;2018;2019;2020;2021;2023;2024;2025,0,0,4,,2021,rising (<=6y),unified_pubmed(full-name/affiliation-or-ORCID),last-author proxy,2025,first-paper proxy,2026-09-05T03:46:27+00:00,3,pi_99b009f1330f52ff804d9ba156877673,unified-papers,unreviewed,,unreviewed roster label,,unknown,Cellular and molecular neuroscience; Development; Neural circuits and behavior,Sequencing and transcriptomics,,unknown,,Mapped reptile pallial cell types to infer cortical and hippocampal evolution; Identified a reptilian claustrum involved in slow-wave sleep sharp waves; Built salamander cell-type evidence for vertebrate forebrain innovations,cell-type atlas; cortical evolution; dorsal ventricular ridge; forebrain connectivity; forebrain evolution; GABAergic neurons; hippocampal evolution; neocortex; reptile claustrum; reptile pallium; salamander telencephalon; sharp-wave ripples; single-cell transcriptomics; slow-wave sleep,source-backed examples,complete,Selected full-name primary papers using comparative single-cell and circuit approaches to study vertebrate brain evolution and sleep-related structures.,,,0,https://pubmed.ncbi.nlm.nih.gov/29724907/; https://pubmed.ncbi.nlm.nih.gov/32051589/; https://pubmed.ncbi.nlm.nih.gov/36048957/,"The registry preserves this identity, but independent source evidence is still needed. | This institution is a historical roster label, not a sourced current appointment. | Lab model organisms are not yet source-backed; article-species mentions do not establish a lab model.",,unknown,0,0,0,0,0,0,1,0,0,0
Priya Rajasethupathy,rising-star,Rockefeller University,neuroscience,"Klingenstein-Simons, NIH DP2, Searle Scholar",2,0.2,2,2016;2017;2018;2019;2020;2021;2022;2024,2,0,3,,2020,early (<=10y),unified_pubmed(full-name/affiliation-or-ORCID),last-author proxy,2025,ORCID employment (unverified),2026-09-05T03:46:32+00:00,3,pi_f18d9ce8464c5588aee657dfff588f10,unified-papers,unreviewed,,unreviewed roster label,,unknown,Learning and memory,Calcium imaging; Imaging and microscopy; Optogenetics; Organoids and stem-cell models,,unknown,Mouse,Identified anteromedial thalamus as a gate for long-term memory selection and stabilization; Mapped sequential thalamocortical transcriptional programs required for memory stabilization; Identified Homer1-dependent inhibitory tone as a developmental modifier of attention,anteromedial thalamus; ASH1L; attention; CAMTA1; cellular-resolution imaging; cortex; genetic mapping; hippocampus; Homer1; inhibitory tone; memory consolidation; memory stabilization; prefrontal cortex; TCF4; thalamocortical circuit,source-backed examples,complete,Selected full-name primary papers on thalamocortical circuit and molecular gates for memory stabilization and a developmental genetic modifier of attention.,,,0,https://pubmed.ncbi.nlm.nih.gov/37001501/; https://pubmed.ncbi.nlm.nih.gov/41299170/; https://pubmed.ncbi.nlm.nih.gov/41430469/,"ORCID employment is a career proxy, not a verified independent-lab start. | The registry preserves this identity, but independent source evidence is still needed. | This institution is a historical roster label, not a sourced current appointment. | Lab model organisms are not yet source-backed; article-species mentions do not establish a lab model. | Excluded 3 different-given-name candidates; review aliases if any exclusion is unexpected.",,unknown,0,0,0,0,0,0,0,1,0,1
Conor Liston,rising-star,Weill Cornell Medicine,neuroscience,Klingenstein-Simons,2,0.2,2,2016;2017;2018;2019;2020;2022;2023;2025,3,0,23,,2015,early (<=10y),unified_pubmed(full-name/affiliation-or-ORCID),last-author proxy,2025,first-paper proxy,2026-09-05T03:47:11+00:00,3,pi_33f314078c975f7bae6fbf2b70092a09,unified-papers,unreviewed,,unreviewed roster label,,unknown,Cellular and molecular neuroscience; Computation and cognition; Learning and memory; Neural circuits and behavior; Neurodegeneration and aging; Sleep and circadian rhythms,Calcium imaging; Computational modeling; Imaging and microscopy; MRI and neuroimaging; Optogenetics; Sequencing and transcriptomics,,unknown,Human; Mouse,Rapid precision functional mapping with multi-echo fMRI; TANS approach for personalized functional-network TMS targeting; Frontostriatal salience-network expansion in depression,anhedonia prediction; clinical scan time; depression; frontostriatal salience network; functional connectivity; functional neuroanatomy; multi-echo fMRI; network engagement; network topology; precision functional mapping; precision mapping; TANS; test-retest reliability; TMS targeting,source-backed examples,complete,"Selected full-name primary papers on precision functional mapping, individualized TMS targeting, and depression network topology.",,,1,https://pubmed.ncbi.nlm.nih.gov/33357444/; https://pubmed.ncbi.nlm.nih.gov/36113473/; https://pubmed.ncbi.nlm.nih.gov/39232159/,"The registry preserves this identity, but independent source evidence is still needed. | This institution is a historical roster label, not a sourced current appointment. | Lab model organisms are not yet source-backed; article-species mentions do not establish a lab model. | 1 candidate papers remain unresolved and are not included in totals.",,unknown,0,0,0,0,0,1,0,0,1,0
Elaine Hsiao,non-HHMI,"University of California, Los Angeles",neuroscience,Klingenstein-Simons,4,0.4,4,2016;2017;2019;2022;2024;2025,2,0,26,,2017,early (<=10y),unified_pubmed(full-name/affiliation-or-ORCID),last-author proxy,2025,first-paper proxy,2026-09-05T03:47:43+00:00,3,pi_922f1d00e1f955539186a3d55a450a75,unified-papers,unreviewed,,unreviewed roster label,,unknown,Cellular and molecular neuroscience; Computation and cognition; Development; Glia and neuroimmunology; Learning and memory; Neural circuits and behavior; Neurodegeneration and aging,Sequencing and transcriptomics,,unknown,Human; Mouse,Microbiota modulation of ASD-model behavior and physiology; Gut bacteria regulation of host serotonin biosynthesis; Gut microbiota mediation of ketogenic diet seizure protection,Akkermansia; ASD mouse model; Bacteroides fragilis; enterochromaffin cells; GI motility; gut microbiota; ketogenic diet; maternal immune activation; metabolome; Parabacteroides; seizures; serotonin; spore-forming bacteria,source-backed examples,complete,"Selected full-name primary papers on gut microbiota effects on neurodevelopmental behavior, serotonin, and seizure protection.",,,4,https://pubmed.ncbi.nlm.nih.gov/24315484/; https://pubmed.ncbi.nlm.nih.gov/25860609/; https://pubmed.ncbi.nlm.nih.gov/29804833/,"The registry preserves this identity, but independent source evidence is still needed. | This institution is a historical roster label, not a sourced current appointment. | Lab model organisms are not yet source-backed; article-species mentions do not establish a lab model. | 4 candidate papers remain unresolved and are not included in totals.",,unknown,0,0,1,0,1,1,0,1,0,0
John Tuthill,rising-star,University of Washington,neuroscience,"Klingenstein-Simons, McKnight Scholar, Pew Biomedical, Searle Scholar",3,0.3,2,2016;2017;2018;2019;2020;2021;2022;2023,2,2,10,,2018,early (<=10y),unified_pubmed(full-name/affiliation-or-ORCID),last-author proxy,2025,ORCID employment (unverified),2026-09-05T03:47:48+00:00,3,pi_ebf16d0599405ddb9a1d4a60f3fa6c91,unified-papers,unreviewed,,unreviewed roster label,,unknown,Cellular and molecular neuroscience; Computation and cognition; Learning and memory; Motor systems; Neural circuits and behavior; Sensory systems,Calcium imaging; Computational modeling; Connectomics; Electrophysiology; Imaging and microscopy; Optogenetics,,unknown,Drosophila; Mouse,Cell-class contributions of fly lamina neurons to motion vision; Functional organization of Drosophila leg proprioceptive coding; Anipose toolkit for markerless 3D pose estimation,3D pose estimation; animal behavior; Anipose; behavioral responses; DeepLabCut; Drosophila lamina; Drosophila proprioception; feedback neurons; genetic driver lines; leg kinematics; markerless tracking; motion vision; sensory neurons; topographic projections; two-photon calcium imaging,source-backed examples,complete,"Selected full-name primary papers on fly motion circuits, proprioceptive coding, and open-source 3D behavior quantification.",,,0,https://pubmed.ncbi.nlm.nih.gov/23849200/; https://pubmed.ncbi.nlm.nih.gov/30293823/; https://pubmed.ncbi.nlm.nih.gov/34592148/; https://www.mcknight.org/programs/the-mcknight-endowment-fund-for-neuroscience/scholar-awards/awardees/,"ORCID employment is a career proxy, not a verified independent-lab start. | The registry preserves this identity, but independent source evidence is still needed. | This institution is a historical roster label, not a sourced current appointment. | Lab model organisms are not yet source-backed; article-species mentions do not establish a lab model.",,unknown,0,0,0,0,0,0,0,0,2,1
Kristin K. Baldwin,rising-star,"Columbia University; University of California, San Diego",neuroscience,NIH DP2,2,0.2,2,2016;2017;2019;2020;2021;2022;2023;2025,1,0,1,,2015,early (<=10y),unified_pubmed(full-name/affiliation-or-ORCID),last-author proxy,2025,first-paper proxy,2026-09-05T19:41:37+00:00,3,pi_11909289e9ab5955b8db5ab31f7f93fe,unified-papers,source-backed,,unreviewed roster label,,unknown,Cellular and molecular neuroscience; Learning and memory; Neural circuits and behavior; Sensory systems,Organoids and stem-cell models; Sequencing and transcriptomics,,unknown,Mouse; Rat,Clonal sequencing of adult neuronal genomes by reprogramming; Transcription-factor codes for induced neuronal identities; Functional sensory circuits assembled from rat neurons in mouse brain,adult neuron genomes; blastocyst complementation; cell-autonomous neuronal signature; clonal amplification; developmental potency; food-seeking behavior; induced neurons; interspecies neural circuits; neuronal identity; olfactory sensory neurons; rat-mouse chimeras; reprogramming toolbox; single-neuron sequencing; somatic mutation; transcription-factor combinations,source-backed examples,complete,"Corrected identity to Kristin K. Baldwin after tracing original Baldwin KK discovery PMIDs 38670072 and 29743677 and corroborating with official Columbia/CSCI sources; selected three primary neuronal reprogramming, neuronal-genome, and interspecies-circuit contribution families. Keith Baldwin is not retained as an alias.",,,1,https://pubmed.ncbi.nlm.nih.gov/26948891/; https://pubmed.ncbi.nlm.nih.gov/29743677/; https://pubmed.ncbi.nlm.nih.gov/38670072/; https://www.genetics.cuimc.columbia.edu/profile/kristin-k-baldwin-phd; https://www.stemcell.columbia.edu/profile/kristin-k-baldwin-phd,"This institution is a historical roster label, not a sourced current appointment. | Lab model organisms are not yet source-backed; article-species mentions do not establish a lab model. | 1 candidate papers remain unresolved and are not included in totals.",,unknown,0,0,1,0,0,0,0,0,1,0
Mark Harnett,rising-star,Massachusetts Institute of Technology,neuroscience,"Klingenstein-Simons, McKnight Scholar",2,0.2,2,2016;2017;2019;2020;2022;2023;2024;2025,4,2,9,,2018,early (<=10y),unified_pubmed(full-name/affiliation-or-ORCID),last-author proxy,2025,first-paper proxy,2026-09-05T03:48:44+00:00,3,pi_54cd959540e75864a50ad876af522dc2,unified-papers,unreviewed,,unreviewed roster label,,unknown,Cellular and molecular neuroscience; Learning and memory; Neural circuits and behavior; Sensory systems,Calcium imaging; Electrophysiology; Imaging and microscopy; MRI and neuroimaging; Optogenetics,,unknown,Human; Mouse; Rat,Dendritic spine electrical amplification enhancing input cooperativity; Nonlinear dendritic integration during active sensory behavior; Enhanced electrical compartmentalization in human cortical dendrites,active sensing; barrel cortex; CA1 pyramidal neurons; dendrites; dendritic plateau potentials; dendritic spines; electrical compartmentalization; human cortical neurons; input cooperativity; input-output properties; layer 5 pyramidal neurons; sensory-motor integration; spine neck resistance; synaptic amplification; two-photon calcium imaging,source-backed examples,complete,Selected full-name papers on dendritic integration and compartmentalization in rodent and human cortical neurons.,,,0,https://pubmed.ncbi.nlm.nih.gov/23103868/; https://pubmed.ncbi.nlm.nih.gov/23143335/; https://pubmed.ncbi.nlm.nih.gov/30340039/; https://www.mcknight.org/programs/the-mcknight-endowment-fund-for-neuroscience/scholar-awards/awardees/,"The registry preserves this identity, but independent source evidence is still needed. | This institution is a historical roster label, not a sourced current appointment. | Lab model organisms are not yet source-backed; article-species mentions do not establish a lab model.",,unknown,0,0,1,0,0,1,0,0,0,0
Humsa Venkatesh,rising-star,Harvard Medical School; Stanford University,neuroscience,"NIH DP2, Searle Scholar",2,0.2,2,2016;2017;2018;2020;2021;2022;2023;2024,0,0,1,,2019,rising (<=6y),unified_pubmed(full-name/affiliation-or-ORCID),last-author proxy,2025,ORCID employment (unverified),2026-09-05T03:49:26+00:00,3,pi_82d1b1f9d4ff54f8af412638cc4b8bc7,unified-papers,unreviewed,,unreviewed roster label,,unknown,Cellular and molecular neuroscience; Glia and neuroimmunology,Electrophysiology; Optogenetics,,unknown,Mouse,Neuronal activity promotes glioma growth through neuroligin-3; Targeting neuroligin-3 dependency in high-grade glioma; Synaptic and electrical integration of glioma into neural circuits,ADAM10 sheddase; AMPA receptors; diffuse intrinsic pontine glioma; gap junction networks; glioblastoma; glioma depolarization; glioma proliferation; high-grade glioma; human electrocorticography; neuroligin-3 secretion; neuron-glioma synapses; neuronal activity; NLGN3 dependency; PI3K-mTOR; tumor microenvironment,source-backed examples,complete,Full-name PubMed candidates support neuron-glioma synaptic and microenvironmental mechanisms.,,,0,https://pubmed.ncbi.nlm.nih.gov/25913192/; https://pubmed.ncbi.nlm.nih.gov/28959975/; https://pubmed.ncbi.nlm.nih.gov/31534222/,"ORCID employment is a career proxy, not a verified independent-lab start. | The registry preserves this identity, but independent source evidence is still needed. | This institution is a historical roster label, not a sourced current appointment. | Lab model organisms are not yet source-backed; article-species mentions do not establish a lab model.",,unknown,0,0,0,1,0,0,0,0,0,1
Denise Cai,candidate (career TBD),Icahn School of Medicine at Mount Sinai,neuroscience,"Klingenstein-Simons, NIH DP2",1,0.1,1,2016;2017;2018;2019;2020;2021;2022;2023;2025,0,2,11,,2012,established,unified_pubmed(full-name/affiliation-or-ORCID),last-author proxy,2025,first-paper proxy,2026-09-05T03:49:56+00:00,3,pi_47b9e13d2aab56caa2beb0863a27f4b1,unified-papers,unreviewed,,unreviewed roster label,,unknown,Cellular and molecular neuroscience; Development; Learning and memory; Neural circuits and behavior; Sleep and circadian rhythms,Calcium imaging; Electrophysiology; Imaging and microscopy,,unknown,Mouse; Rat,REM sleep priming of associative networks for creativity; Shared CA1 ensembles linking memories encoded close in time; ezTrack open-source video analysis for animal behavior,aging; associative networks; contextual memories; creative problem solving; ezTrack; freezing behavior; hippocampal CA1; interactive Python; memory allocation; nap paradigm; open-source behavior analysis; REM sleep; Remote Associates Test; shared neural ensemble; video tracking,source-backed examples,complete,"Full-name PubMed candidates support memory-linking, sleep/cognition and behavior-analysis tool contributions; initials-only namesakes were excluded.",,,0,https://pubmed.ncbi.nlm.nih.gov/19506253/; https://pubmed.ncbi.nlm.nih.gov/27251287/; https://pubmed.ncbi.nlm.nih.gov/31882950/,"The registry preserves this identity, but independent source evidence is still needed. | This institution is a historical roster label, not a sourced current appointment. | Lab model organisms are not yet source-backed; article-species mentions do not establish a lab model. | Excluded 10 different-given-name candidates; review aliases if any exclusion is unexpected.",,unknown,0,0,0,0,0,0,0,0,1,0
Evan Macosko,non-HHMI,Harvard (FAS),neuroscience,"NIH DP2, Pew Biomedical",5,0.5,3,2016;2017;2018;2020;2022;2024;2025,1,0,4,,2019,rising (<=6y),unified_pubmed(full-name/affiliation-or-ORCID),last-author proxy,2025,first-paper proxy,2026-09-05T03:50:04+00:00,3,pi_4cd163a7b7ca510f9f0c930241021f27,unified-papers,unreviewed,,unreviewed roster label,,unknown,Cellular and molecular neuroscience; Computation and cognition; Glia and neuroimmunology; Learning and memory; Motor systems; Neurodegeneration and aging,Computational modeling; Electrophysiology; Imaging and microscopy; Sequencing and transcriptomics,,unknown,Human; Mouse,Drop-seq high-throughput single-cell transcriptomics; Slide-seq spatial transcriptomics at cellular resolution; Drop-seq atlas of adult mouse brain cell diversity,"44,808 retinal cells; 565 transcriptional groups; 690,000 adult mouse brain cells; cell barcoding; cell specializations; cerebellum and hippocampus; DNA-barcoded beads; Drop-seq; nanoliter droplets; nine brain regions; Slide-seq; spatial gene expression",source-backed examples,complete,"Selected distinct primary, source-backed contribution anchors from the assigned evidence with full-name authorship and collaborative attribution.",,,1,https://pubmed.ncbi.nlm.nih.gov/26000488/; https://pubmed.ncbi.nlm.nih.gov/30096299/; https://pubmed.ncbi.nlm.nih.gov/30923225/,"The registry preserves this identity, but independent source evidence is still needed. | This institution is a historical roster label, not a sourced current appointment. | Lab model organisms are not yet source-backed; article-species mentions do not establish a lab model. | 1 candidate papers remain unresolved and are not included in totals.",,unknown,0,0,0,2,0,1,0,2,0,0
Jeffrey Donlea,rising-star,"University of California, Los Angeles",neuroscience,Klingenstein-Simons,0,0.0,0,2016;2017;2018;2019;2020;2021;2022;2023;2024;2025,0,0,7,,2017,early (<=10y),unified_pubmed(full-name/affiliation-or-ORCID),last-author proxy,2025,first-paper proxy,2026-09-05T03:50:35+00:00,3,pi_d71ef578f0ac57d996d1a2b8c0cce6f7,unified-papers,unreviewed,,unreviewed roster label,,unknown,Cellular and molecular neuroscience; Learning and memory; Neurodegeneration and aging; Sensory systems; Sleep and circadian rhythms,,,unknown,Drosophila,Remote induction of sleep facilitating memory consolidation in flies; Neuronal machinery of Drosophila sleep homeostasis; Operation of a Drosophila homeostatic sleep switch,courtship conditioning; crossveinless-c; dFB neurons; dorsal fan-shaped body; Drosophila sleep; homeostatic sleep switch; memory consolidation; neuronal excitability; sleep deprivation; sleep homeostasis; sleep rebound,source-backed examples,complete,"Selected distinct primary, source-backed contribution anchors from the assigned evidence with full-name authorship and collaborative attribution.",,,0,https://pubmed.ncbi.nlm.nih.gov/21700877/; https://pubmed.ncbi.nlm.nih.gov/24559676/; https://pubmed.ncbi.nlm.nih.gov/27487216/,"The registry preserves this identity, but independent source evidence is still needed. | This institution is a historical roster label, not a sourced current appointment. | Lab model organisms are not yet source-backed; article-species mentions do not establish a lab model.",,unknown,0,0,0,0,0,0,0,0,0,0
Alan Brown,non-HHMI,Harvard Medical School,neuroscience,Pew Biomedical,6,0.6,5,2016;2017;2018;2019;2020,0,1,7,,2014,early (<=10y),unified_pubmed(full-name/affiliation-or-ORCID),last-author proxy,2025,ORCID employment (unverified),2026-09-05T03:50:51+00:00,3,pi_e030d664ea58598c908dd2d4550e641a,unified-papers,unreviewed,,unreviewed roster label,,unknown,Cellular and molecular neuroscience; Motor systems,Imaging and microscopy,,unknown,Human; Mouse; Zebrafish,BBSome trafficking-complex structure and activation mechanism; Radial-spoke and regulatory-complex structures for ciliary motility; Microtubule-bound axonemal dynein architecture,ARL6/BBS3 activation; axonemal dynein; BBSome complex; ciliary membrane trafficking; ciliary motility; ciliary waveform generation; cryo-EM structures; doublet microtubules; dynein docking complex; nexin-dynein regulatory complex; radial spokes,source-backed examples,complete,"Closed the noisy A Brown gap using full-name Alan Brown primary-paper metadata and official Harvard Medical School Brown Lab context for structural, biophysical and biochemical studies of cilia.",,,0,https://pubmed.ncbi.nlm.nih.gov/31939736/; https://pubmed.ncbi.nlm.nih.gov/33318703/; https://pubmed.ncbi.nlm.nih.gov/33473120/,"ORCID employment is a career proxy, not a verified independent-lab start. | The registry preserves this identity, but independent source evidence is still needed. | This institution is a historical roster label, not a sourced current appointment. | Lab model organisms are not yet source-backed; article-species mentions do not establish a lab model. | Excluded 3 different-given-name candidates; review aliases if any exclusion is unexpected.",,unknown,0,0,0,0,0,1,1,1,1,2
John Cunningham,early-career awardee,Columbia University,neuroscience (awardee),McKnight Scholar,0,0.0,0,2016;2017;2018;2019;2020;2021;2022;2023;2024;2025,2,1,7,,2014,established,unified_pubmed(full-name/affiliation-or-ORCID),last-author proxy,2025,first-paper proxy,2026-09-05T03:51:32+00:00,3,pi_c2b29c1bba9b54b685f3b80cfbbb4b2e,unified-papers,unreviewed,,unreviewed roster label,,unknown,Computation and cognition; Learning and memory; Motor systems; Sensory systems,Calcium imaging; Computational modeling; Imaging and microscopy; Sequencing and transcriptomics,,unknown,,Gaussian-process factor analysis for neural population trajectories; Orthogonal preparatory and movement subspaces in motor cortex; Neuroprosthetic decoder training as imitation learning,brain-computer interfaces; DAgger; decoder training; dimensionality reduction; Gaussian-process factor analysis; imitation learning; macaque reaching; motor cortex; movement activity; optimal control; population subspaces; preparatory activity; response correlations; single-trial neural trajectories,source-backed examples,complete,"Targeted evidence identifies John P. Cunningham in Columbia neuroscience/statistical-machine-learning contexts; selected primary papers on neural population analysis, motor-cortex computation, and neuroprosthetic decoder learning.",,,1,https://pubmed.ncbi.nlm.nih.gov/19357332/; https://pubmed.ncbi.nlm.nih.gov/27191387/; https://pubmed.ncbi.nlm.nih.gov/27807345/; https://www.mcknight.org/programs/the-mcknight-endowment-fund-for-neuroscience/scholar-awards/awardees/,"The registry preserves this identity, but independent source evidence is still needed. | This institution is a historical roster label, not a sourced current appointment. | Lab model organisms are not yet source-backed; article-species mentions do not establish a lab model. | 1 candidate papers remain unresolved and are not included in totals. | Excluded 1 different-given-name candidates; review aliases if any exclusion is unexpected.",,unknown,0,0,0,0,0,0,0,0,0,0
Roozbeh Kiani,early-career awardee,New York University,neuroscience (awardee),"McKnight Scholar, Pew Biomedical",1,0.1,1,2016;2017;2018;2019;2020;2022;2023;2024;2025,2,1,12,,2016,early (<=10y),unified_pubmed(full-name/affiliation-or-ORCID),last-author proxy,2025,first-paper proxy,2026-09-05T03:51:34+00:00,3,pi_49b65afd69e55f5f869f710455a71452,unified-papers,unreviewed,,unreviewed roster label,,unknown,Computation and cognition; Learning and memory; Motor systems; Neural circuits and behavior; Neurodegeneration and aging; Sensory systems,Computational modeling; Electrophysiology; Imaging and microscopy; MRI and neuroimaging,,unknown,Human; Nonhuman primates,Neural mechanisms of post-error decision-policy adjustment; Context-dependent representational geometry of perceptual decisions; Prolonged-timescale sensory evidence integration,decision bound; decision variables; evidence accumulation; evidence integration; face discrimination; human psychophysics; lateral intraparietal area; lateral intraparietal cortex; long gaps; motion discrimination; perceptual decision making; perceptual decisions; population manifolds; post-error slowing; probabilistic inference,source-backed examples,complete,"Selected full-name primary papers on decision policy, population geometry, and long-timescale evidence integration.",,,1,https://pubmed.ncbi.nlm.nih.gov/26804992/; https://pubmed.ncbi.nlm.nih.gov/30471996/; https://pubmed.ncbi.nlm.nih.gov/34171308/; https://www.mcknight.org/programs/the-mcknight-endowment-fund-for-neuroscience/scholar-awards/awardees/,"The registry preserves this identity, but independent source evidence is still needed. | This institution is a historical roster label, not a sourced current appointment. | Lab model organisms are not yet source-backed; article-species mentions do not establish a lab model. | 1 candidate papers remain unresolved and are not included in totals. | Excluded 1 different-given-name candidates; review aliases if any exclusion is unexpected.",,unknown,0,0,0,0,0,1,0,0,0,0
Abigail Person,early-career awardee,University of Colorado Denver,neuroscience (awardee),McKnight Scholar,0,0.0,0,2016;2017;2018;2019;2020;2021;2022;2023;2024;2025,2,1,10,,2013,established,unified_pubmed(full-name/affiliation-or-ORCID),last-author proxy,2025,first-paper proxy,2026-09-05T03:51:36+00:00,3,pi_35c2d4544f2a529fa7b7be82d210fc88,unified-papers,unreviewed,,unreviewed roster label,,unknown,Cellular and molecular neuroscience; Computation and cognition; Learning and memory; Motor systems; Neural circuits and behavior; Sensory systems,Computational modeling; Connectomics; Electrophysiology; Optogenetics,,unknown,Mouse,Cerebellar output control of reach endpoint precision; Cerebellar premotor output collaterals to cortex; Cerebellar associative learning for skilled reach adaptation,aftereffects; anterior interposed nucleus; cerebellar nuclei; closed-loop optogenetics; corollary discharge; endpoint precision; granule cells; mossy fiber perturbation; mossy fibers; nucleocortical projections; predictive control; Purkinje cells; reach adaptation; reach kinematics,source-backed examples,complete,"Selected full-name primary papers on cerebellar output, corollary discharge pathways, and reach adaptation.",,,1,https://pubmed.ncbi.nlm.nih.gov/25869188/; https://pubmed.ncbi.nlm.nih.gov/31174960/; https://pubmed.ncbi.nlm.nih.gov/37248339/; https://www.mcknight.org/programs/the-mcknight-endowment-fund-for-neuroscience/scholar-awards/awardees/,"The registry preserves this identity, but independent source evidence is still needed. | This institution is a historical roster label, not a sourced current appointment. | Lab model organisms are not yet source-backed; article-species mentions do not establish a lab model. | 1 candidate papers remain unresolved and are not included in totals.",,unknown,0,0,0,0,0,0,0,0,0,0
Wei Wei,early-career awardee,University of Chicago,neuroscience (awardee),McKnight Scholar,0,0.0,0,2016;2017;2018;2019;2020;2021;2022;2023;2024;2025,1,3,10,,,unknown,unified_pubmed(full-name/affiliation-or-ORCID),last-author proxy,2025,,2026-09-05T03:51:38+00:00,3,pi_a7111d4d7a0a5f79abefbd9c038991c5,unified-papers,unreviewed,,unreviewed roster label,,unknown,Cellular and molecular neuroscience; Learning and memory; Neural circuits and behavior; Sensory systems,Connectomics; Electrophysiology,,unknown,Mouse,Stimulus-dependent lateral inhibition for retinal direction selectivity; Dendritic compartmentalization for retinal direction selectivity; Retinal disinhibitory microcircuit preserving motion inhibition,dendritic sectors; direction-selective ganglion cells; disinhibitory microcircuit; DSGC output; lateral inhibition; mGluR2 signaling; mouse retina; noise resilience; noisy backgrounds; On-Off DSGCs; short-term synaptic plasticity; starburst amacrine cells,source-backed examples,complete,Targeted PubMed and University of Chicago profile evidence identifies Wei Wei as a UChicago retina/neurobiology investigator; selected primary retinal circuit papers and skipped the review PMID 29897862.,,,0,https://pubmed.ncbi.nlm.nih.gov/27929372/; https://pubmed.ncbi.nlm.nih.gov/28781167/; https://pubmed.ncbi.nlm.nih.gov/33269700/; https://www.mcknight.org/programs/the-mcknight-endowment-fund-for-neuroscience/scholar-awards/awardees/,"The registry preserves this identity, but independent source evidence is still needed. | This institution is a historical roster label, not a sourced current appointment. | Lab model organisms are not yet source-backed; article-species mentions do not establish a lab model.",,unknown,0,0,0,0,0,0,0,0,0,0
Martha Bagnall,early-career awardee,Washington University in St. Louis,neuroscience (awardee),"McKnight Scholar, Pew Biomedical",0,0.0,0,2016;2017;2018;2019;2020;2021;2022;2023;2024;2025,1,2,9,,,unknown,unified_pubmed(full-name/affiliation-or-ORCID),last-author proxy,2025,,2026-09-05T03:51:40+00:00,3,pi_c779a9a6d24153af9f39da008f8c1981,unified-papers,unreviewed,,unreviewed roster label,,unknown,Cellular and molecular neuroscience; Motor systems; Sensory systems,Imaging and microscopy; Optogenetics,,unknown,Zebrafish,Modular zebrafish axial spinal microcircuits; Glycinergic premotor projection neurons in cerebellar nuclei; Bidirectional gain control at vestibular nerve synapses,AMPA receptors; axial spinal cord; bidirectional plasticity; brainstem projections; cerebellar output; dorsal musculature; fastigial nuclei; glycinergic neurons; motor learning; motor pathways; NMDA receptors; postural correction; ventral musculature; vestibular nucleus; zebrafish locomotion,source-backed examples,complete,Selected full-name primary papers covering vestibular/cerebellar motor circuits and zebrafish spinal microcircuits.,,,0,https://pubmed.ncbi.nlm.nih.gov/19675244/; https://pubmed.ncbi.nlm.nih.gov/21092864/; https://pubmed.ncbi.nlm.nih.gov/24408436/; https://www.mcknight.org/programs/the-mcknight-endowment-fund-for-neuroscience/scholar-awards/awardees/,"The registry preserves this identity, but independent source evidence is still needed. | This institution is a historical roster label, not a sourced current appointment. | Lab model organisms are not yet source-backed; article-species mentions do not establish a lab model.",,unknown,0,0,0,0,0,0,0,0,0,0
Stephen Brohawn,early-career awardee,"University of California, Berkeley",neuroscience (awardee),"Klingenstein-Simons, McKnight Scholar, NIH DP2",1,0.1,1,2016;2017;2018;2019;2021;2022;2023;2024;2025,1,1,8,,2018,early (<=10y),unified_pubmed(full-name/affiliation-or-ORCID),last-author proxy,2025,first-paper proxy,2026-09-05T03:51:41+00:00,3,pi_be10b9aeb5e157309540bccc39016e25,unified-papers,unreviewed,,unreviewed roster label,,unknown,Cellular and molecular neuroscience,Electrophysiology; Imaging and microscopy; Optogenetics,,unknown,Human; Mouse,Human TRAAK K2P channel structure; Force-from-lipid mechanosensitivity in TRAAK and TREK1; Multimodal holographic optogenetic control of neural ensembles,all-optical interface; cortical neurons; crystal structure; force-from-lipid; K2P potassium channel; lipid sensitivity; mechanosensitive channel; mechanosensitive potassium channels; membrane tension; multiphoton holography; neural ensemble control; soma-targeted opsins; TRAAK; TREK1,source-backed examples,complete,Selected full-name primary papers on TRAAK/K2P structural mechanisms and a cortical optogenetic control technology.,,,0,https://pubmed.ncbi.nlm.nih.gov/22282805/; https://pubmed.ncbi.nlm.nih.gov/24550493/; https://pubmed.ncbi.nlm.nih.gov/29713079/; https://www.mcknight.org/programs/the-mcknight-endowment-fund-for-neuroscience/scholar-awards/awardees/,"The registry preserves this identity, but independent source evidence is still needed. | This institution is a historical roster label, not a sourced current appointment. | Lab model organisms are not yet source-backed; article-species mentions do not establish a lab model.",,unknown,0,0,0,0,1,0,0,0,0,0
Katherine Nagel,early-career awardee,New York University,neuroscience (awardee),McKnight Scholar,0,0.0,0,2016;2017;2018;2019;2020;2021;2022;2023;2024;2025,0,2,10,,2018,early (<=10y),unified_pubmed(full-name/affiliation-or-ORCID),last-author proxy,2025,first-paper proxy,2026-09-05T03:51:43+00:00,3,pi_b3eefb6bff1f514eb23ea50c6d5b853b,unified-papers,unreviewed,,unreviewed roster label,,unknown,Computation and cognition; Learning and memory; Motor systems; Neural circuits and behavior; Sensory systems,Computational modeling; Electrophysiology,,unknown,Drosophila,Biophysical parsing of olfactory receptor neuron dynamics; Elementary olfactory navigation transformations in walking flies; Fan-shaped body circuit for wind-guided olfactory navigation,adaptive feedback; behavioral model; Drosophila fan-shaped body; Drosophila olfactory receptor neurons; goal-directed navigation; h∆C neurons; natural stimuli; odor gating; odor transduction; odor-offset search; olfactory navigation; spike generation; upwind run; walking Drosophila; wind direction,source-backed examples,complete,"Selected full-name primary papers linking olfactory coding dynamics, navigational transformations, and wind-odor circuit integration.",,,0,https://pubmed.ncbi.nlm.nih.gov/21217763/; https://pubmed.ncbi.nlm.nih.gov/30129438/; https://pubmed.ncbi.nlm.nih.gov/35941114/; https://www.mcknight.org/programs/the-mcknight-endowment-fund-for-neuroscience/scholar-awards/awardees/,"The registry preserves this identity, but independent source evidence is still needed. | This institution is a historical roster label, not a sourced current appointment. | Lab model organisms are not yet source-backed; article-species mentions do not establish a lab model.",,unknown,0,0,0,0,0,0,0,0,0,0
Matthew Pecot,early-career awardee,Harvard Medical School,neuroscience (awardee),McKnight Scholar,0,0.0,0,2016;2017;2018;2019;2020;2021;2022;2023;2024;2025,1,1,2,,2018,early (<=10y),unified_pubmed(full-name/affiliation-or-ORCID),last-author proxy,2025,first-paper proxy,2026-09-05T03:51:45+00:00,3,pi_bf681af263365d14aeedf5aef59dff1a,unified-papers,unreviewed,,unreviewed roster label,,unknown,Cellular and molecular neuroscience; Development; Sensory systems,,,unknown,Drosophila,STaR cell-type-specific synapse labeling; Dpr-DIP ligand-receptor pairs in synaptic partners; Synaptic specificity through relative partner preference,cell-surface proteins; DIP proteins; Dpr proteins; Dpr-DIP binding; Drosophila lamina; Drosophila medulla; Drosophila visual system; ectopic synapses; Ig superfamily; layer-specific connectivity; live CNS imaging; postsynaptic labeling; presynaptic labeling; STaR; synaptic partner selection,source-backed examples,complete,Selected full-name primary papers on Drosophila synaptic specificity mechanisms and a synapse-labeling tool.,,,1,https://pubmed.ncbi.nlm.nih.gov/24462095/; https://pubmed.ncbi.nlm.nih.gov/26687360/; https://pubmed.ncbi.nlm.nih.gov/31300277/; https://www.mcknight.org/programs/the-mcknight-endowment-fund-for-neuroscience/scholar-awards/awardees/,"The registry preserves this identity, but independent source evidence is still needed. | This institution is a historical roster label, not a sourced current appointment. | Lab model organisms are not yet source-backed; article-species mentions do not establish a lab model. | 1 candidate papers remain unresolved and are not included in totals.",,unknown,0,0,0,0,0,0,0,0,0,0
Eiman Azim,early-career awardee,Salk Institute for Biological Studies,neuroscience (awardee),"McKnight Scholar, NIH DP2, Pew Biomedical, Searle Scholar",1,0.1,1,2016;2017;2018;2019;2020;2022;2023;2024;2025,0,0,3,,2018,early (<=10y),unified_pubmed(full-name/affiliation-or-ORCID),last-author proxy,2025,first-paper proxy,2026-09-05T03:51:47+00:00,3,pi_923aaf00f8355fd5aaa092d5e3395cc4,unified-papers,unreviewed,,unreviewed roster label,,unknown,Motor systems; Sensory systems,Imaging and microscopy; Optogenetics,,unknown,Mouse,V2a propriospinal internal-copy circuit for skilled reaching; Spinal presynaptic inhibition for smooth movement; Anipose markerless 3D pose-estimation toolkit,3D pose estimation; Anipose; cerebellar feedback; DeepLabCut; Gad2 interneurons; goal-directed reaching; markerless tracking; motor copy; motor oscillation; movement quantification; presynaptic inhibition; propriospinal neurons; sensory feedback gain; skilled reaching; V2a interneurons,source-backed examples,complete,Selected full-name motor-circuit and movement-analysis primary papers with clear authorship and distinct contributions.,,,0,https://pubmed.ncbi.nlm.nih.gov/24487617/; https://pubmed.ncbi.nlm.nih.gov/24784215/; https://pubmed.ncbi.nlm.nih.gov/34592148/,"The registry preserves this identity, but independent source evidence is still needed. | This institution is a historical roster label, not a sourced current appointment. | Lab model organisms are not yet source-backed; article-species mentions do not establish a lab model.",,unknown,0,0,0,0,0,1,0,0,0,0
Rudy Behnia,early-career awardee,Columbia University,neuroscience (awardee),"McKnight Scholar, Pew Biomedical",0,0.0,0,2016;2017;2018;2019;2020;2021;2022;2023;2024;2025,1,0,6,,2018,early (<=10y),unified_pubmed(full-name/affiliation-or-ORCID),last-author proxy,2025,first-paper proxy,2026-09-05T03:51:48+00:00,3,pi_d35961e8e75058e48324a613c4185e1d,unified-papers,unreviewed,,unreviewed roster label,,unknown,Neural circuits and behavior; Sensory systems,Connectomics,,unknown,Drosophila,Optical lateral-amygdala activation instructing fear learning; ON and OFF pathway computations for Drosophila motion detection; Temporal and spatial patterning of optic-lobe neural diversity,associative fear learning; auditory cue; channelrhodopsin; Drosophila motion detection; Drosophila optic lobe; Hassenstein-Reichardt correlator; lateral amygdala; medulla neurons; Mi1; pyramidal neurons; retinotopy; spatial compartments; temporal neuroblast cascade; Tm1; Tm2; Tm3,source-backed examples,complete,"Selected full-name primary papers in optogenetic fear learning, Drosophila visual motion processing, and optic-lobe neurodevelopment.",,,0,https://pubmed.ncbi.nlm.nih.gov/20615999/; https://pubmed.ncbi.nlm.nih.gov/25043016/; https://pubmed.ncbi.nlm.nih.gov/28077877/; https://www.mcknight.org/programs/the-mcknight-endowment-fund-for-neuroscience/scholar-awards/awardees/,"The registry preserves this identity, but independent source evidence is still needed. | This institution is a historical roster label, not a sourced current appointment. | Lab model organisms are not yet source-backed; article-species mentions do not establish a lab model.",,unknown,0,0,0,0,0,0,0,0,0,0
Felice Dunn,early-career awardee,"University of California, San Francisco",neuroscience (awardee),McKnight Scholar,0,0.0,0,2016;2017;2018;2019;2020;2021;2022;2023;2024;2025,0,0,4,,2015,early (<=10y),unified_pubmed(full-name/affiliation-or-ORCID),last-author proxy,2025,first-paper proxy,2026-09-05T03:51:50+00:00,3,pi_3201895498555bc395755ad9106aa66b,unified-papers,unreviewed,,unreviewed roster label,,unknown,Cellular and molecular neuroscience; Learning and memory; Neurodegeneration and aging; Sensory systems,,,unknown,Mouse,Intrinsically photosensitive retinal ganglion cells for circadian entrainment; Low-light gain control in mammalian rod pathways; Cone vision adaptation switches between receptor and post-receptor sites,AII amacrine cells; circadian clock; cone bipolar cells; cone photoreceptors; cone vision; ganglion cells; ipRGCs; light adaptation; melanopsin photoreception; primate ganglion cells; retinal gain control; rod bipolar cells; rod vision; rod-cone independent light response; suprachiasmatic nucleus,source-backed examples,complete,"Selected full-name retinal primary papers covering circadian photoreception, rod-pathway gain, and cone/post-receptor adaptation.",,,0,https://pubmed.ncbi.nlm.nih.gov/11834835/; https://pubmed.ncbi.nlm.nih.gov/16611812/; https://pubmed.ncbi.nlm.nih.gov/17851533/; https://www.mcknight.org/programs/the-mcknight-endowment-fund-for-neuroscience/scholar-awards/awardees/,"The registry preserves this identity, but independent source evidence is still needed. | This institution is a historical roster label, not a sourced current appointment. | Lab model organisms are not yet source-backed; article-species mentions do not establish a lab model.",,unknown,0,0,0,0,0,0,0,0,0,0
Mingshan Xue,early-career awardee,Baylor College of Medicine,neuroscience (awardee),McKnight Scholar,0,0.0,0,2016;2017;2018;2019;2020;2021;2022;2023;2024;2025,0,3,4,,2018,early (<=10y),unified_pubmed(full-name/affiliation-or-ORCID),last-author proxy,2025,first-paper proxy,2026-09-05T03:51:51+00:00,3,pi_c3c5f67a33e85582b5eb3546e77abead,unified-papers,unreviewed,,unreviewed roster label,,unknown,Cellular and molecular neuroscience; Computation and cognition; Neural circuits and behavior; Sleep and circadian rhythms,Electrophysiology; Optogenetics,,unknown,Mouse,Connectivity logic among cortical interneuron classes; Equalized excitation-inhibition ratios across visual cortical neurons; STXBP1 encephalopathy modeled through inhibitory dysfunction,cortical hyperexcitability; excitation-inhibition balance; GABAergic synapses; inhibition of inhibition; layer 2/3 pyramidal cells; Munc18-1; neurodevelopmental disorder; parvalbumin interneurons; somatostatin interneurons; STXBP1; synaptic strength matching; VIP interneurons; visual cortex,source-backed examples,complete,"Selected full-name primary papers on inhibitory cortical circuits, excitation-inhibition matching, and disease-linked inhibitory dysfunction.",,,0,https://pubmed.ncbi.nlm.nih.gov/23817549/; https://pubmed.ncbi.nlm.nih.gov/25043046/; https://pubmed.ncbi.nlm.nih.gov/32073399/; https://www.mcknight.org/programs/the-mcknight-endowment-fund-for-neuroscience/scholar-awards/awardees/,"The registry preserves this identity, but independent source evidence is still needed. | This institution is a historical roster label, not a sourced current appointment. | Lab model organisms are not yet source-backed; article-species mentions do not establish a lab model.",,unknown,0,0,0,0,0,0,0,0,0,0
J. Bradley Zuchero,early-career awardee,Stanford University,neuroscience (awardee),McKnight Scholar,2,0.2,2,2016;2017;2018;2019;2021;2022;2023;2025,0,0,5,,,unknown,unified_pubmed(full-name/affiliation-or-ORCID),last-author proxy,2025,,2026-09-05T18:53:27+00:00,3,pi_2154e0c16b0d55fc8a7b3ff3ea1e13dc,unified-papers,source-backed,,unreviewed roster label,,unknown,Development; Glia and neuroimmunology; Neural circuits and behavior; Sensory systems,Imaging and microscopy; Optogenetics,,unknown,Mouse; Rat,Neuronal activity-driven oligodendrogenesis and adaptive myelination; Actin disassembly as a driver of CNS myelin wrapping; EBV EBNA1 and GlialCAM molecular mimicry in multiple sclerosis,actin disassembly; adaptive myelination; B cells; CNS myelin wrapping; EBNA1; gelsolin; GlialCAM; molecular mimicry; motor function; multiple sclerosis; myelin basic protein; neuronal activity; oligodendrocytes; oligodendrogenesis; premotor cortex,source-backed examples,complete,Selected full-name matched myelin biology and disease-mechanism papers with distinct mechanistic scope.,,,0,https://pubmed.ncbi.nlm.nih.gov/24727982/; https://pubmed.ncbi.nlm.nih.gov/26166300/; https://pubmed.ncbi.nlm.nih.gov/35073561/; https://www.mcknight.org/programs/the-mcknight-endowment-fund-for-neuroscience/scholar-awards/awardees/; https://zucherolab.stanford.edu/people/,"This institution is a historical roster label, not a sourced current appointment. | Lab model organisms are not yet source-backed; article-species mentions do not establish a lab model.",,unknown,0,0,0,0,1,0,0,0,1,0
Jayeeta Basu,early-career awardee,New York University,neuroscience (awardee),"Klingenstein-Simons, McKnight Scholar",1,0.1,1,2016;2017;2018;2019;2020;2021;2022;2023;2024,1,0,7,,2017,early (<=10y),unified_pubmed(full-name/affiliation-or-ORCID),last-author proxy,2025,first-paper proxy,2026-09-05T03:51:54+00:00,3,pi_feae23f8b7265f2e91888a14d47a9bb9,unified-papers,unreviewed,,unreviewed roster label,,unknown,Computation and cognition; Learning and memory; Neural circuits and behavior; Neurodegeneration and aging,Computational modeling; Electrophysiology; Imaging and microscopy; Optogenetics,,unknown,Mouse,Entorhinal long-range inhibition gates hippocampal memory encoding; Cortico-hippocampal learning rule silencing CCK inhibition; Minimal Munc13 domain for synaptic vesicle priming,alpha-helical domain; CA1 pyramidal cells; CCK interneurons; contextual memory; disinhibition; entorhinal cortex; heterosynaptic plasticity; hippocampal CA1; hippocampal neurons; long-range inhibition; Munc13-1; neurotransmitter release; perforant path; Schaffer collateral; synaptic vesicle priming,source-backed examples,complete,Selected full-name primary papers on hippocampal inhibition/plasticity and synaptic vesicle priming mechanisms.,,,0,https://pubmed.ncbi.nlm.nih.gov/16228007/; https://pubmed.ncbi.nlm.nih.gov/24050406/; https://pubmed.ncbi.nlm.nih.gov/26744409/; https://www.mcknight.org/programs/the-mcknight-endowment-fund-for-neuroscience/scholar-awards/awardees/,"The registry preserves this identity, but independent source evidence is still needed. | This institution is a historical roster label, not a sourced current appointment. | Lab model organisms are not yet source-backed; article-species mentions do not establish a lab model.",,unknown,0,0,0,0,0,0,0,0,0,1
Juan Du,early-career awardee,Van Andel Research Institute,neuroscience (awardee),"Klingenstein-Simons, McKnight Scholar, Pew Biomedical",1,0.1,1,2016;2017;2019;2020;2021;2022;2023;2024;2025,0,1,4,,2018,early (<=10y),unified_pubmed(full-name/affiliation-or-ORCID),last-author proxy,2025,first-paper proxy,2026-09-05T03:51:56+00:00,3,pi_544a8dc699b956edab4091be37c5bab9,unified-papers,unreviewed,,unreviewed roster label,,unknown,Cellular and molecular neuroscience; Neurodegeneration and aging,Imaging and microscopy,,unknown,Human; Zebrafish,TRPM2 channel architecture and ADPR-calcium activation; Human TRPM2 ligand recognition through three binding sites; Cryo-EM mechanisms of glycine receptor gating,ADP-ribose; ADPR binding; calcium activation; calcium binding; channel gating; cryo-electron microscopy; cryo-EM; Cys-loop receptors; glycine receptor; human TRPM2; ivermectin; ligand recognition; NUDT9-H domain; strychnine; TRPM2,source-backed examples,complete,Targeted candidates and official lab context identify Juan Du in Van Andel/ion-channel structural biology; selected primary cryo-EM papers on TRPM2 and ligand-gated channel mechanisms.,,,0,https://pubmed.ncbi.nlm.nih.gov/26344198/; https://pubmed.ncbi.nlm.nih.gov/30250252/; https://pubmed.ncbi.nlm.nih.gov/31513012/; https://www.mcknight.org/programs/the-mcknight-endowment-fund-for-neuroscience/scholar-awards/awardees/,"The registry preserves this identity, but independent source evidence is still needed. | This institution is a historical roster label, not a sourced current appointment. | Lab model organisms are not yet source-backed; article-species mentions do not establish a lab model.",,unknown,0,0,1,0,0,0,0,0,0,0
Rachel Roberts-Galbraith,early-career awardee,University of Georgia,neuroscience (awardee),McKnight Scholar,0,0.0,0,2016;2017;2018;2019;2020;2021;2022;2023;2024;2025,0,0,7,,2020,rising (<=6y),unified_pubmed(full-name/affiliation-or-ORCID),last-author proxy,2025,first-paper proxy,2026-09-05T03:51:58+00:00,3,pi_55bb5ff65d075f029064481fda183b52,unified-papers,unreviewed,,unreviewed roster label,,unknown,Cellular and molecular neuroscience; Glia and neuroimmunology; Neural circuits and behavior,Organoids and stem-cell models,,unknown,,Follistatin and Notum control planarian head regeneration; Functional genomics screen for planarian whole-brain regeneration; Phosphoregulated Cdc15 scaffolding in cytokinesis,Activin signaling; anterior polarity; Cdc15; contractile ring; F-BAR protein; Follistatin; functional genomics; injury-responsive glia; neural cell fates; Notum; phosphoregulation; planarian CNS; planarian regeneration; Schizosaccharomyces pombe; whole-brain regeneration,source-backed examples,complete,Selected full-name primary papers on planarian regeneration plus a closely related cytokinesis mechanism from the verified publication record.,,,0,https://pubmed.ncbi.nlm.nih.gov/20603077/; https://pubmed.ncbi.nlm.nih.gov/23297191/; https://pubmed.ncbi.nlm.nih.gov/27612384/; https://www.mcknight.org/programs/the-mcknight-endowment-fund-for-neuroscience/scholar-awards/awardees/,"The registry preserves this identity, but independent source evidence is still needed. | This institution is a historical roster label, not a sourced current appointment. | Lab model organisms are not yet source-backed; article-species mentions do not establish a lab model.",,unknown,0,0,0,0,0,0,0,0,0,0
Shigeki Watanabe,early-career awardee,Johns Hopkins University,neuroscience (awardee),"Klingenstein-Simons, McKnight Scholar",0,0.0,0,2016;2017;2018;2019;2020;2021;2022;2023;2024;2025,4,1,11,,2016,early (<=10y),unified_pubmed(full-name/affiliation-or-ORCID),last-author proxy,2025,first-paper proxy,2026-09-05T03:51:59+00:00,3,pi_46d60617f2c45a94b890245d5a2c84ae,unified-papers,unreviewed,,unreviewed roster label,,unknown,Cellular and molecular neuroscience; Glia and neuroimmunology; Learning and memory; Sensory systems,Connectomics; Imaging and microscopy; Optogenetics,,unknown,Mouse,Ultrafast endocytosis at hippocampal synapses; Dynamin priming at synaptic endocytic sites,actin polymerization; dynamin; Dynamin 1xA; flash-and-freeze electron microscopy; hippocampal neurons; molecular condensates; synaptic vesicle recycling; Syndapin 1; ultrafast endocytosis,source-backed examples,complete,Selected the two full-name Shigeki Watanabe synaptic endocytosis primary papers; initials-only Watanabe records were not used without identity evidence.,,,1,https://pubmed.ncbi.nlm.nih.gov/24305055/; https://pubmed.ncbi.nlm.nih.gov/35809574/; https://www.mcknight.org/programs/the-mcknight-endowment-fund-for-neuroscience/scholar-awards/awardees/,"The registry preserves this identity, but independent source evidence is still needed. | This institution is a historical roster label, not a sourced current appointment. | Lab model organisms are not yet source-backed; article-species mentions do not establish a lab model. | 1 candidate papers remain unresolved and are not included in totals.",,unknown,0,0,0,0,0,0,0,0,0,0
Nuo Li,early-career awardee,Baylor College of Medicine,neuroscience (awardee),"McKnight Scholar, Pew Biomedical",3,0.3,3,2016;2017;2019;2020;2022;2023;2025,2,1,6,,2014,established,unified_pubmed(full-name/affiliation-or-ORCID),last-author proxy,2025,first-paper proxy,2026-09-05T03:52:01+00:00,3,pi_62824776ba2e5c209a6ae5d1c4d3a9d3,unified-papers,unreviewed,,unreviewed roster label,,unknown,Computation and cognition; Learning and memory; Motor systems; Neural circuits and behavior; Sensory systems,Computational modeling; Imaging and microscopy; MRI and neuroimaging; Optogenetics,,unknown,Mouse,Serial sensory-to-motor cortical flow during tactile decisions; Thalamus-driven frontal cortical populations for decision-making,anterior lateral motor cortex; barrel cortex; decision variables; frontal cortex; functional populations; mouse ALM; mouse tactile decision-making; optogenetic inhibition; short-term memory; thalamic inputs,source-backed examples,complete,"Selected full-name, neuroscience-relevant papers spanning cortical decision circuits and thalamocortical organization; initials-only namesake candidates were excluded.",,,0,https://pubmed.ncbi.nlm.nih.gov/24361077/; https://pubmed.ncbi.nlm.nih.gov/36171427/,"The registry preserves this identity, but independent source evidence is still needed. | This institution is a historical roster label, not a sourced current appointment. | Lab model organisms are not yet source-backed; article-species mentions do not establish a lab model. | Excluded 13 different-given-name candidates; review aliases if any exclusion is unexpected.",,unknown,0,0,1,0,0,1,0,0,1,0
Lauren O'Connell,early-career awardee,Stanford University,neuroscience (awardee),"McKnight Scholar, Pew Biomedical",0,0.0,0,2016;2017;2018;2019;2020;2021;2022;2023;2024;2025,0,3,36,,2018,early (<=10y),unified_pubmed(full-name/affiliation-or-ORCID),last-author proxy,2025,first-paper proxy,2026-09-05T03:52:04+00:00,3,pi_b21957e83f00557ca2528fe525584ca1,unified-papers,unreviewed,,unreviewed roster label,,unknown,Computation and cognition; Learning and memory; Motor systems; Neural circuits and behavior; Sensory systems,Imaging and microscopy; Sequencing and transcriptomics,,unknown,C. elegans,Evolutionary conservation of vertebrate social decision networks; Isotocin regulation of paternal care in monogamous cichlids; Conserved neural transcriptomic signatures of monogamy,brain evolution; comparative neuroendocrinology; decision-making regions; isotocin; monogamous cichlid; neural transcriptomics; neurochemical gene expression; pair bonding; parental care; paternal care; preoptic area; social behavior; social monogamy; vertebrate social behavior; vertebrate species pairs,source-backed examples,complete,"Selected full-name papers with distinct evidence for conserved social circuits, parental-care neuroendocrinology, and convergent monogamy transcriptomics.",,,0,https://pubmed.ncbi.nlm.nih.gov/22498693/; https://pubmed.ncbi.nlm.nih.gov/22654056/; https://pubmed.ncbi.nlm.nih.gov/30617061/,"The registry preserves this identity, but independent source evidence is still needed. | This institution is a historical roster label, not a sourced current appointment. | Lab model organisms are not yet source-backed; article-species mentions do not establish a lab model.",,unknown,0,0,0,0,0,0,0,0,0,0
Zhaozhu Qiu,early-career awardee,Johns Hopkins University,neuroscience (awardee),"Klingenstein-Simons, McKnight Scholar",1,0.1,1,2016;2017;2018;2020;2021;2022;2023;2024;2025,2,2,17,,2018,early (<=10y),unified_pubmed(full-name/affiliation-or-ORCID),last-author proxy,2025,first-paper proxy,2026-09-05T03:52:06+00:00,3,pi_254599fae1d95bc49eb965c11515e037,unified-papers,unreviewed,,unreviewed roster label,,unknown,Cellular and molecular neuroscience; Computation and cognition; Glia and neuroimmunology; Learning and memory,Electrophysiology; Imaging and microscopy,,unknown,Human; Mouse; Rat; Zebrafish,Piezo1 shear-stress mechanotransduction in vascular development; SWELL1 as an essential component of volume-regulated anion channels; LRRC8/VRAC transport of cGAMP for antiviral signaling,antiviral immunity; cell volume regulation; cGAMP transfer; endothelial cells; genome-wide RNAi screen; LRRC8A; LRRC8E; mouse embryos; Piezo1; shear stress; STING interferon response; SWELL1; vascular development; volume-regulated anion channel,source-backed examples,complete,"Selected full-name mechanotransduction and channel papers that represent distinct vascular, somatosensory, and VRAC signaling contributions.",,,0,https://pubmed.ncbi.nlm.nih.gov/24725410/; https://pubmed.ncbi.nlm.nih.gov/24958852/; https://pubmed.ncbi.nlm.nih.gov/32277911/,"The registry preserves this identity, but independent source evidence is still needed. | This institution is a historical roster label, not a sourced current appointment. | Lab model organisms are not yet source-backed; article-species mentions do not establish a lab model.",,unknown,0,0,0,1,0,0,0,0,0,0
Daniel Wacker,early-career awardee,Icahn School of Medicine at Mount Sinai,neuroscience (awardee),McKnight Scholar,1,0.1,1,2016;2017;2018;2019;2020;2021;2022;2023;2025,0,0,6,,2020,rising (<=6y),unified_pubmed(full-name/affiliation-or-ORCID),last-author proxy,2025,first-paper proxy,2026-09-05T03:52:08+00:00,3,pi_c913697611e25a288e7f568503fc2cb8,unified-papers,unreviewed,,unreviewed roster label,,unknown,Cellular and molecular neuroscience,Imaging and microscopy,,unknown,Human; Mouse,Structural pharmacology of 5-HT1A-targeted 5-methoxytryptamines; Molecular basis of human TAAR1 activation; Structural drug-discovery framework for neuronal NBCn2 transporters,5-HT1A receptor; 5-MeO-DMT analogues; asenapine activity; cryo-EM; G protein complex; human TAAR1; monoaminergic neurotransmission; NBCn2; neuronal excitability; neuropsychiatric therapeutics; psychedelic pharmacology; SLC4A10; species pharmacology; structure-based drug discovery,source-backed examples,complete,Selected full-name structural pharmacology papers with distinct receptor/transporter targets and translational tool relevance.,,,0,https://pubmed.ncbi.nlm.nih.gov/38168118/; https://pubmed.ncbi.nlm.nih.gov/38720072/; https://pubmed.ncbi.nlm.nih.gov/42637710/,"The registry preserves this identity, but independent source evidence is still needed. | This institution is a historical roster label, not a sourced current appointment. | Lab model organisms are not yet source-backed; article-species mentions do not establish a lab model.",,unknown,0,0,0,0,0,0,0,0,1,0
Lucas Cheadle,early-career awardee,Cold Spring Harbor Laboratory,neuroscience (awardee),"Klingenstein-Simons, McKnight Scholar",0,0.0,0,2016;2017;2018;2019;2020;2021;2022;2023;2024;2025,1,0,8,,2021,rising (<=6y),unified_pubmed(full-name/affiliation-or-ORCID),last-author proxy,2025,first-paper proxy,2026-09-05T03:52:09+00:00,3,pi_4edc0381bb90590e8e442e9d18a154cf,unified-papers,unreviewed,,unreviewed roster label,,unknown,Cellular and molecular neuroscience; Development; Glia and neuroimmunology; Learning and memory; Neural circuits and behavior; Sensory systems,Sequencing and transcriptomics,,unknown,Mouse; Rat,Farp1 signaling linking postsynaptic cytoskeleton and synapse organization; ADAM10-fractalkine signaling for microglial synapse elimination; OPC engulfment of synapses during visual circuit remodeling,ADAM10; Farp1; fractalkine signaling; microglia; oligodendrocyte precursor cells; postsynaptic cytoskeleton; Rac1; sensory experience; sensory lesioning; synapse development; synapse elimination; synapse engulfment; SynCAM 1; thalamocortical presynapse elimination; visual cortex,source-backed examples,complete,"Selected full-name contributions across synapse development, neuron-microglia signaling, and OPC-mediated circuit remodeling.",,,0,https://pubmed.ncbi.nlm.nih.gov/23209303/; https://pubmed.ncbi.nlm.nih.gov/31209379/; https://pubmed.ncbi.nlm.nih.gov/36171430/; https://www.mcknight.org/programs/the-mcknight-endowment-fund-for-neuroscience/scholar-awards/awardees/,"The registry preserves this identity, but independent source evidence is still needed. | This institution is a historical roster label, not a sourced current appointment. | Lab model organisms are not yet source-backed; article-species mentions do not establish a lab model.",,unknown,0,0,0,0,0,0,0,0,0,0
Josie Clowney,early-career awardee,University of Michigan,neuroscience (awardee),McKnight Scholar,0,0.0,0,2016;2017;2018;2019;2020;2021;2022;2023;2024;2025,0,0,0,,,unknown,unified_pubmed(full-name/affiliation-or-ORCID),last-author proxy,2025,,2026-09-05T03:52:11+00:00,3,pi_f42efcc5e25b5b96adf68acacb1c05bb,unified-papers,unreviewed,,unreviewed roster label,,unknown,,,,unknown,,,,source review needed,needs-review,"The Josie Clowney label is a duplicate legacy name form of the Michigan researcher published as E. Josephine Clowney, whose existing canonical registry entry is pi_96112c7034485b1d9f121793fff97099. Contribution curation belongs on that existing profile rather than assigning a second independent scientific career to this row. The duplicate remains explicit pending registry consolidation.",,,0,https://www.mcknight.org/programs/the-mcknight-endowment-fund-for-neuroscience/scholar-awards/awardees/,"The registry preserves this identity, but independent source evidence is still needed. | This institution is a historical roster label, not a sourced current appointment. | Lab model organisms are not yet source-backed; article-species mentions do not establish a lab model. | Contribution evidence needs follow-up: The Josie Clowney label is a duplicate legacy name form of the Michigan researcher published as E. Josephine Clowney, whose existing canonical registry entry is pi_96112c7034485b1d9f121793fff97099. Contribution curation belongs on that existing profile rather than assigning a second independent scientific career to this row. The duplicate remains explicit pending registry consolidation. | Excluded 8 different-given-name candidates; review aliases if any exclusion is unexpected.",,unknown,0,0,0,0,0,0,0,0,0,0
Shaul Druckmann,early-career awardee,Stanford University,neuroscience (awardee),McKnight Scholar,0,0.0,0,2016;2017;2018;2019;2020;2021;2022;2023;2024;2025,2,0,6,,2019,rising (<=6y),unified_pubmed(full-name/affiliation-or-ORCID),last-author proxy,2025,first-paper proxy,2026-09-05T03:52:13+00:00,3,pi_44b437c8fe81554aa1efbadf412e4b50,unified-papers,unreviewed,,unreviewed roster label,,unknown,Computation and cognition; Learning and memory; Motor systems; Neural circuits and behavior,Calcium imaging; Computational modeling; Electrophysiology; Imaging and microscopy,,unknown,Mouse,Robust premotor cortical dynamics for motor planning; Single-trial premotor dynamics predicting behavioral variability; Forward modeling differences between calcium imaging and electrophysiology,behavioral variability; calcium imaging; electrophysiology; forward modeling; motor planning; mouse ALM; optogenetic perturbation; perceptual decision-making; persistent activity; population decoding; population dynamics; premotor cortex; single-trial analysis; spike inference,source-backed examples,complete,"Selected full-name papers covering robust motor-planning dynamics, behavior-predictive population analyses, and measurement-model caveats.",,,0,https://pubmed.ncbi.nlm.nih.gov/27074502/; https://pubmed.ncbi.nlm.nih.gov/30644387/; https://pubmed.ncbi.nlm.nih.gov/32931495/; https://www.mcknight.org/programs/the-mcknight-endowment-fund-for-neuroscience/scholar-awards/awardees/,"The registry preserves this identity, but independent source evidence is still needed. | This institution is a historical roster label, not a sourced current appointment. | Lab model organisms are not yet source-backed; article-species mentions do not establish a lab model.",,unknown,0,0,0,0,0,0,0,0,0,0
Laura Lewis,early-career awardee,Boston University,neuroscience (awardee),"McKnight Scholar, Pew Biomedical, Searle Scholar",2,0.2,2,2016;2017;2018;2020;2022;2023;2024;2025,1,1,10,,2019,rising (<=6y),unified_pubmed(full-name/affiliation-or-ORCID),last-author proxy,2025,first-paper proxy,2026-09-05T03:52:15+00:00,3,pi_97ae17552b8f59b6a74122c1c331ad93,unified-papers,unreviewed,,unreviewed roster label,,unknown,Computation and cognition; Neural circuits and behavior; Sensory systems; Sleep and circadian rhythms,Computational modeling; Electrophysiology; Imaging and microscopy; MRI and neuroimaging,,unknown,Human,"Coupled neural, hemodynamic, and CSF oscillations during human sleep",accelerated neuroimaging; cerebrospinal fluid flow; hemodynamics; human sleep; neural slow waves,source-backed examples,complete,"Selected the only full-name, field-consistent candidate; initials-only medical namesakes were excluded.",,,2,https://pubmed.ncbi.nlm.nih.gov/31672896/; https://www.mcknight.org/programs/the-mcknight-endowment-fund-for-neuroscience/scholar-awards/awardees/,"The registry preserves this identity, but independent source evidence is still needed. | This institution is a historical roster label, not a sourced current appointment. | Lab model organisms are not yet source-backed; article-species mentions do not establish a lab model. | 2 candidate papers remain unresolved and are not included in totals.",,unknown,0,0,0,1,0,1,0,0,0,0
Ashok Litwin-Kumar,early-career awardee,Columbia University,neuroscience (awardee),McKnight Scholar,0,0.0,0,2016;2017;2018;2019;2020;2021;2022;2023;2024;2025,2,3,8,,2021,rising (<=6y),unified_pubmed(full-name/affiliation-or-ORCID),last-author proxy,2025,first-paper proxy,2026-09-05T03:52:17+00:00,3,pi_2a7af5801137501dbe9f2ebdd3a8d3f6,unified-papers,unreviewed,,unreviewed roster label,,unknown,Cellular and molecular neuroscience; Computation and cognition; Learning and memory; Motor systems; Neural circuits and behavior,Computational modeling; Connectomics,,unknown,Drosophila; Mouse,Balanced attractor architectures for spontaneous and evoked neural variability; Models reconciling heterogeneous dopamine signals with coherent learning; Optimal routing theory for cerebellum-like structures,associative learning; attractor dynamics; balanced networks; cerebellum-like structures; computational model; cortical architecture; dopamine heterogeneity; Drosophila mushroom body; granule cells; pontine relay; random expansion; reward prediction error; spiking models; structured compression; trial-to-trial variability,source-backed examples,complete,"Selected full-name computational neuroscience papers with distinct contributions to recurrent-network theory, learning models, and cerebellum-like architecture.",,,0,https://pubmed.ncbi.nlm.nih.gov/24904394/; https://pubmed.ncbi.nlm.nih.gov/34375329/; https://pubmed.ncbi.nlm.nih.gov/37604889/; https://www.mcknight.org/programs/the-mcknight-endowment-fund-for-neuroscience/scholar-awards/awardees/,"The registry preserves this identity, but independent source evidence is still needed. | This institution is a historical roster label, not a sourced current appointment. | Lab model organisms are not yet source-backed; article-species mentions do not establish a lab model.",,unknown,0,0,0,0,0,0,0,0,0,0
David Schneider,early-career awardee,New York University,neuroscience (awardee),McKnight Scholar,0,0.0,0,2016;2017;2018;2019;2020;2021;2022;2023;2024;2025,0,0,6,,2016,early (<=10y),unified_pubmed(full-name/affiliation-or-ORCID),last-author proxy,2025,first-paper proxy,2026-09-05T03:52:18+00:00,3,pi_3a1aa51cf8b95cb389628a3613ef9e5c,unified-papers,unreviewed,,unreviewed roster label,,unknown,Learning and memory; Motor systems; Neural circuits and behavior; Sensory systems,Imaging and microscopy,,unknown,Mouse,Synaptic circuit basis for motor corollary discharge in auditory cortex,auditory cortex; behaving mice; corollary discharge; parvalbumin interneurons; secondary motor cortex,source-backed examples,complete,Selected the full-name neuroscience paper matching David M. Schneider; unrelated exact-name or middle-initial namesakes were excluded.,,,0,https://pubmed.ncbi.nlm.nih.gov/25162524/; https://www.mcknight.org/programs/the-mcknight-endowment-fund-for-neuroscience/scholar-awards/awardees/,"The registry preserves this identity, but independent source evidence is still needed. | This institution is a historical roster label, not a sourced current appointment. | Lab model organisms are not yet source-backed; article-species mentions do not establish a lab model. | Excluded 1 different-given-name candidates; review aliases if any exclusion is unexpected.",,unknown,0,0,0,0,0,0,0,0,0,0
Swathi Yadlapalli,early-career awardee,University of Michigan,neuroscience (awardee),McKnight Scholar,0,0.0,0,2016;2017;2018;2019;2020;2021;2022;2023;2024;2025,0,0,5,,2021,rising (<=6y),unified_pubmed(full-name/affiliation-or-ORCID),last-author proxy,2025,first-paper proxy,2026-09-05T03:52:20+00:00,3,pi_9067071d48ec509bba9ad3d7cdb9bdb6,unified-papers,unreviewed,,unreviewed roster label,,unknown,Cellular and molecular neuroscience; Learning and memory; Sleep and circadian rhythms,Computational modeling; Imaging and microscopy,,unknown,Drosophila,Chromosome-specific nonrandom chromatid segregation in stem cells; Clock neurons as a temperature gateway for Drosophila sleep timing; Subnuclear organization of clock genes for circadian rhythms,asymmetric division; circadian clock neurons; circadian clock proteins; CO-FISH; DN1p neurons; Drosophila clock neurons; Drosophila germline stem cells; Drosophila sleep; Lamin B receptor; nuclear envelope; period gene localization; sister chromatids; temperature cycles; thermosensory inputs; X and Y chromosomes,source-backed examples,complete,"Selected full-name primary papers spanning stem-cell chromosome segregation, temperature input to sleep timing, and subnuclear clock-gene organization.",,,0,https://pubmed.ncbi.nlm.nih.gov/23644460/; https://pubmed.ncbi.nlm.nih.gov/29466329/; https://pubmed.ncbi.nlm.nih.gov/34234015/; https://www.mcknight.org/programs/the-mcknight-endowment-fund-for-neuroscience/scholar-awards/awardees/,"The registry preserves this identity, but independent source evidence is still needed. | This institution is a historical roster label, not a sourced current appointment. | Lab model organisms are not yet source-backed; article-species mentions do not establish a lab model.",,unknown,0,0,0,0,0,0,0,0,0,0
Christine Constantinople,early-career awardee,New York University,neuroscience (awardee),"Klingenstein-Simons, McKnight Scholar, NIH DP2",0,0.0,0,2016;2017;2018;2019;2020;2021;2022;2023;2024;2025,2,1,5,,2021,rising (<=6y),unified_pubmed(full-name/affiliation-or-ORCID),last-author proxy,2025,first-paper proxy,2026-09-05T03:52:22+00:00,3,pi_10e613f54b025127a7597759c2e7ae56,unified-papers,unreviewed,,unreviewed roster label,,unknown,Computation and cognition; Learning and memory; Neural circuits and behavior,,,unknown,Rat,Wakefulness-dependent switching of local cortical network dynamics; Direct thalamic activation of deep cortical layers; Prospect-theory-like risk decisions in rats with learning dynamics,barrel cortex; decision under risk; deep cortical layers; intracellular recording; layer 5B; neuromodulation; noradrenergic pathways; probability weighting; prospect theory; rats; reinforcement learning; sensory responses; thalamocortical projections; wakefulness,source-backed examples,complete,"Selected full-name papers representing cortical state, thalamocortical routing, and decision behavior rather than repeating one task family.",,,0,https://pubmed.ncbi.nlm.nih.gov/21435553/; https://pubmed.ncbi.nlm.nih.gov/23812718/; https://pubmed.ncbi.nlm.nih.gov/31155352/; https://www.mcknight.org/programs/the-mcknight-endowment-fund-for-neuroscience/scholar-awards/awardees/,"The registry preserves this identity, but independent source evidence is still needed. | This institution is a historical roster label, not a sourced current appointment. | Lab model organisms are not yet source-backed; article-species mentions do not establish a lab model.",,unknown,0,0,0,0,0,0,0,0,0,0
Bradley Dickerson,early-career awardee,Princeton University,neuroscience (awardee),"McKnight Scholar, Searle Scholar",0,0.0,0,2016;2017;2018;2019;2020;2021;2022;2023;2024;2025,0,0,1,,2022,rising (<=6y),unified_pubmed(full-name/affiliation-or-ORCID),last-author proxy,2025,first-paper proxy,2026-09-05T03:52:23+00:00,3,pi_536019597b1f51bda19a057b74f0ed38,unified-papers,unreviewed,,unreviewed roster label,,unknown,,,,unknown,Drosophila,Wing mechanosensory feedback for moth flight posture; Active control and tuning of the fly haltere gyroscope; Neural connectivity atlas for fly flight control,campaniform sensilla; connectivity atlas; Drosophila circuits; Drosophila flight; flight posture; fly flight control; gyroscopic feedback; halteres; insect biomechanics; moth flight; sensory feature maps; visual modulation; wing mechanosensory feedback; wing steering,source-backed examples,complete,Targeted full-name sources and Princeton lab pages establish Bradley H. Dickerson as an insect-flight researcher; Alzheimer-clinician B. C. Dickerson namesake papers remain excluded.,,,0,https://pubmed.ncbi.nlm.nih.gov/24737754/; https://pubmed.ncbi.nlm.nih.gov/31607538/; https://pubmed.ncbi.nlm.nih.gov/39053466/; https://pubmed.ncbi.nlm.nih.gov/41564880/; https://www.mcknight.org/programs/the-mcknight-endowment-fund-for-neuroscience/scholar-awards/awardees/,"The registry preserves this identity, but independent source evidence is still needed. | This institution is a historical roster label, not a sourced current appointment. | Lab model organisms are not yet source-backed; article-species mentions do not establish a lab model.",,unknown,0,0,0,0,0,0,0,0,0,0
Markita Landry,early-career awardee,"University of California, Berkeley",neuroscience (awardee),McKnight Scholar,0,0.0,0,2016;2017;2018;2019;2020;2021;2022;2023;2024;2025,0,0,6,,2016,early (<=10y),unified_pubmed(full-name/affiliation-or-ORCID),last-author proxy,2025,first-paper proxy,2026-09-05T03:52:25+00:00,3,pi_399d9458a42757699878b2de0f85ecca,unified-papers,unreviewed,,unreviewed roster label,,unknown,,Imaging and microscopy,,unknown,,Carbon-nanotube corona sensors for neurotransmitter detection; Plant nanobionics for augmented photosynthesis and chemical sensing; Nanomaterial delivery of non-integrating genetic cargo in mature plants,carbon nanotube sensors; chloroplasts; corona phase molecular recognition; dopamine detection; high aspect ratio nanomaterials; mature leaves; near-infrared fluorescence; near-infrared sensing; neurotransmitters; nitric oxide; non-integrating expression; plant genetic material delivery; plant nanobionics; single-walled carbon nanotubes; species-independent delivery,source-backed examples,complete,Selected full-name nanotechnology papers with distinct sensing and plant-delivery/tool contributions; all claims are framed collaboratively.,,,0,https://pubmed.ncbi.nlm.nih.gov/24354436/; https://pubmed.ncbi.nlm.nih.gov/24633343/; https://pubmed.ncbi.nlm.nih.gov/30804481/; https://www.mcknight.org/programs/the-mcknight-endowment-fund-for-neuroscience/scholar-awards/awardees/,"The registry preserves this identity, but independent source evidence is still needed. | This institution is a historical roster label, not a sourced current appointment. | Lab model organisms are not yet source-backed; article-species mentions do not establish a lab model.",,unknown,0,0,0,0,0,0,0,0,0,0
Lauren Orefice,early-career awardee,Massachusetts General Hospital,neuroscience (awardee),"Klingenstein-Simons, McKnight Scholar, Pew Biomedical, Searle Scholar",1,0.1,1,2016;2017;2018;2020;2021;2022;2023;2024;2025,0,0,1,,2019,rising (<=6y),unified_pubmed(full-name/affiliation-or-ORCID),last-author proxy,2025,first-paper proxy,2026-09-05T03:52:26+00:00,3,pi_f1fc638d05065e9d884aee689644d6de,unified-papers,unreviewed,,unreviewed roster label,,unknown,Neural circuits and behavior; Sensory systems,,,unknown,Mouse,Peripheral mechanosensory contributions to tactile-related ASD phenotypes; Cellular and synaptic architecture of the mechanosensory dorsal horn; DeepEthogram supervised behavior classification from raw video,autism spectrum disorder models; behavior classification; DeepEthogram; ethogram; Gabrb3; interneuron subtypes; LTMR-recipient zone; machine learning; mechanosensory dorsal horn; Mecp2; peripheral somatosensory neurons; raw video pixels; spinal circuits; tactile hypersensitivity; tactile perception,source-backed examples,complete,"Selected full-name work on touch-related ASD phenotypes, dorsal-horn architecture, and supervised behavior-classification tools while combining related ASD follow-up evidence.",,,0,https://pubmed.ncbi.nlm.nih.gov/27293187/; https://pubmed.ncbi.nlm.nih.gov/28041852/; https://pubmed.ncbi.nlm.nih.gov/31398341/; https://pubmed.ncbi.nlm.nih.gov/34473051/; https://www.mcknight.org/programs/the-mcknight-endowment-fund-for-neuroscience/scholar-awards/awardees/,"The registry preserves this identity, but independent source evidence is still needed. | This institution is a historical roster label, not a sourced current appointment. | Lab model organisms are not yet source-backed; article-species mentions do not establish a lab model.",,unknown,0,0,0,1,0,0,0,0,0,0
Kanaka Rajan,early-career awardee,Icahn School of Medicine at Mount Sinai,neuroscience (awardee),McKnight Scholar,0,0.0,0,2016;2017;2018;2019;2020;2021;2022;2023;2024;2025,0,0,2,,2019,rising (<=6y),unified_pubmed(full-name/affiliation-or-ORCID),last-author proxy,2025,first-paper proxy,2026-09-05T03:52:28+00:00,3,pi_6fc2b42d1a805f25a45f1951c324025a,unified-papers,unreviewed,,unreviewed roster label,,unknown,Computation and cognition,Computational modeling,,unknown,,CURBD inference of brain-wide inter-region interactions; InputDSA for comparing recurrent and input-driven dynamics; POCO population-conditioned neural forecasting,brain-wide recordings; calcium imaging; cross-session modeling; CURBD; data-constrained models; dynamic mode decomposition; dynamical similarity analysis; input-driven dynamics; InputDSA; inter-region currents; neural forecasting; POCO; population conditioning; recurrent neural networks; RNN comparison,source-backed examples,complete,Skipped the review article and selected full-name original computational methods/tools for multi-region dynamics and neural forecasting/comparison.,,,0,https://pubmed.ncbi.nlm.nih.gov/42111903/; https://pubmed.ncbi.nlm.nih.gov/42567158/; https://pubmed.ncbi.nlm.nih.gov/42583370/,"The registry preserves this identity, but independent source evidence is still needed. | This institution is a historical roster label, not a sourced current appointment. | Lab model organisms are not yet source-backed; article-species mentions do not establish a lab model.",,unknown,0,0,0,0,0,0,0,0,0,0
Weiwei Wang,early-career awardee,University of Texas Southwestern Medical Center,neuroscience (awardee),McKnight Scholar,0,0.0,0,2016;2017;2018;2019;2020;2021;2022;2023;2024;2025,1,0,4,,2018,early (<=10y),unified_pubmed(full-name/affiliation-or-ORCID),last-author proxy,2025,first-paper proxy,2026-09-05T03:52:30+00:00,3,pi_c4216960fc405392a1993d5b216b919c,unified-papers,unreviewed,,unreviewed roster label,,unknown,Cellular and molecular neuroscience,Electrophysiology; Imaging and microscopy,,unknown,Human,Adult human glycine receptor subunit composition and structures; Asymmetric gating of a human heteropentameric glycine receptor; Glycine-binding requirements and kinetics for human α1β GlyR gating,allosteric sites; asymmetric gating; cryo-EM; Cys-loop receptors; gating kinetics; glycine activation; GlyR α2β; human glycine receptor; human α1β GlyR; inhibitory neurotransmission; neurotransmitter receptors; open state structures; subunit stoichiometry,source-backed examples,complete,Targeted PubMed records and UT Southwestern lab pages establish Weiwei Wang as a UT Southwestern biophysics/ion-channel researcher; biomaterials namesake papers were excluded.,,,0,https://pubmed.ncbi.nlm.nih.gov/34473954/; https://pubmed.ncbi.nlm.nih.gov/37821459/; https://pubmed.ncbi.nlm.nih.gov/39146932/; https://www.mcknight.org/programs/the-mcknight-endowment-fund-for-neuroscience/scholar-awards/awardees/,"The registry preserves this identity, but independent source evidence is still needed. | This institution is a historical roster label, not a sourced current appointment. | Lab model organisms are not yet source-backed; article-species mentions do not establish a lab model. | Excluded 5 different-given-name candidates; review aliases if any exclusion is unexpected.",,unknown,0,0,0,0,0,0,0,0,0,0
Ishmail Abdus-Saboor,early-career awardee,Columbia University,neuroscience (awardee),"McKnight Scholar, NIH DP2, Pew Biomedical",1,0.1,1,2016;2017;2018;2019;2020;2021;2022;2024;2025,0,1,4,,2022,rising (<=6y),unified_pubmed(full-name/affiliation-or-ORCID),last-author proxy,2025,first-paper proxy,2026-09-05T03:52:31+00:00,3,pi_77d1b129794e50b68cede0fd6ea83050,unified-papers,unreviewed,,unreviewed roster label,,unknown,Neural circuits and behavior; Sensory systems,Optogenetics; Sequencing and transcriptomics,,unknown,Mouse; Rat,Mouse pain scale from sub-second behavioral mapping; PAWS automated millisecond-scale pain measurement; Mrgprb4-lineage touch neurons for reward and sexual receptivity,automated pain measurement; deep learning; dopamine release; high-speed videography; machine vision; mouse pain scale; Mrgprb4-lineage neurons; nociception; paw tracking; PAWS; pleasurable touch; sexual receptivity; social touch; statistical modeling; withdrawal behavior,source-backed examples,complete,"Selected full-name sources covering quantitative pain assays, automated pain measurement, and social-touch circuitry.",,,0,https://pubmed.ncbi.nlm.nih.gov/31390574/; https://pubmed.ncbi.nlm.nih.gov/32758355/; https://pubmed.ncbi.nlm.nih.gov/36693373/; https://www.mcknight.org/programs/the-mcknight-endowment-fund-for-neuroscience/scholar-awards/awardees/,"The registry preserves this identity, but independent source evidence is still needed. | This institution is a historical roster label, not a sourced current appointment. | Lab model organisms are not yet source-backed; article-species mentions do not establish a lab model.",,unknown,0,0,0,0,0,0,0,1,0,0
Yasmine El-Shamayleh,early-career awardee,Columbia University,neuroscience (awardee),"Klingenstein-Simons, McKnight Scholar",0,0.0,0,2016;2017;2018;2019;2020;2021;2022;2023;2024;2025,0,0,0,,,unknown,unified_pubmed(full-name/affiliation-or-ORCID),last-author proxy,2025,,2026-09-05T03:52:33+00:00,3,pi_41b0873a0e905771adececb00774613a,unified-papers,unreviewed,,unreviewed roster label,,unknown,,,,unknown,,Selective optogenetic control of monkey Purkinje cells; Focal optogenetic suppression of macaque MT during perceptual decisions; Contour-curvature code for size-invariant object representation in V4,AAV-L7-ChR2; cerebellum; contour curvature; decision confidence; direction discrimination; macaque area MT; macaque V4; object recognition; optogenetic suppression; population perturbation; primate optogenetics; Purkinje cells; rhesus macaque; size invariance; visual cortex,source-backed examples,complete,Selected full-name primate vision and optogenetics papers with distinct tool and circuit/function contributions.,,,0,https://pubmed.ncbi.nlm.nih.gov/27194333/; https://pubmed.ncbi.nlm.nih.gov/28648497/; https://pubmed.ncbi.nlm.nih.gov/30051817/; https://www.mcknight.org/programs/the-mcknight-endowment-fund-for-neuroscience/scholar-awards/awardees/,"The registry preserves this identity, but independent source evidence is still needed. | This institution is a historical roster label, not a sourced current appointment. | Lab model organisms are not yet source-backed; article-species mentions do not establish a lab model.",,unknown,0,0,0,0,0,0,0,0,0,0
Vikram Gadagkar,early-career awardee,Columbia University,neuroscience (awardee),"Klingenstein-Simons, McKnight Scholar, NIH DP2, Searle Scholar",1,0.1,1,2016;2017;2018;2019;2020;2021;2022;2023;2024,0,0,1,,2022,rising (<=6y),unified_pubmed(full-name/affiliation-or-ORCID),last-author proxy,2025,first-paper proxy,2026-09-05T03:52:33+00:00,3,pi_de2fa92256655bc9b461097261933c56,unified-papers,unreviewed,,unreviewed roster label,,unknown,Learning and memory; Motor systems; Neural circuits and behavior,,,unknown,,Dopamine performance-error signals in singing birds; Dopamine-mediated reinforcement during natural vocal learning; Retuning of dopaminergic error signals to courtship social feedback,Area X; auditory feedback; basal ganglia; courtship song; dopamine neurons; dopamine photometry; dopamine retuning; juvenile zebra finches; performance error; reinforcement learning; social feedback; vocal learning; zebra finch; zebra finch song,source-backed examples,complete,"Selected full-name zebra-finch dopamine papers that separately address performance error, developmental reinforcement, and social-state retuning.",,,0,https://pubmed.ncbi.nlm.nih.gov/27940871/; https://pubmed.ncbi.nlm.nih.gov/37758948/; https://pubmed.ncbi.nlm.nih.gov/40074908/; https://www.mcknight.org/programs/the-mcknight-endowment-fund-for-neuroscience/scholar-awards/awardees/,"The registry preserves this identity, but independent source evidence is still needed. | This institution is a historical roster label, not a sourced current appointment. | Lab model organisms are not yet source-backed; article-species mentions do not establish a lab model.",,unknown,0,0,0,0,0,0,0,0,0,1
Hidehiko Inagaki,early-career awardee,Max Planck Florida Institute for Neuroscience,neuroscience (awardee),"Klingenstein-Simons, McKnight Scholar, NIH DP2, Searle Scholar",1,0.1,1,2016;2017;2018;2019;2020;2021;2022;2023;2024,0,0,0,,2023,rising (<=6y),unified_pubmed(full-name/affiliation-or-ORCID),last-author proxy,2025,first-paper proxy,2026-09-05T03:52:35+00:00,3,pi_13da8a9fb58659758c70ede2a040d493,unified-papers,unreviewed,,unreviewed roster label,,unknown,Motor systems,,,unknown,Mouse,TANGO mapping of dopamine modulation of sugar sensing; Frontal thalamocortical loop maintaining persistent activity; Discrete attractor dynamics for short-term motor memory,ALM; discrete attractor dynamics; dopamine signaling; Drosophila; frontal cortex; frontal thalamocortical loop; gustatory neurons; hunger state; motor planning; motor preparation; mouse thalamus; optogenetic perturbation; persistent activity; short-term memory; TANGO mapping,source-backed examples,complete,Selected full-name papers across Drosophila neuromodulation/tool work and mouse persistent-activity circuit dynamics.,,,0,https://pubmed.ncbi.nlm.nih.gov/22304923/; https://pubmed.ncbi.nlm.nih.gov/28467817/; https://pubmed.ncbi.nlm.nih.gov/30728503/; https://www.mcknight.org/programs/the-mcknight-endowment-fund-for-neuroscience/scholar-awards/awardees/,"The registry preserves this identity, but independent source evidence is still needed. | This institution is a historical roster label, not a sourced current appointment. | Lab model organisms are not yet source-backed; article-species mentions do not establish a lab model.",,unknown,0,0,0,0,0,0,0,0,0,1
Peri Kurshan,early-career awardee,Albert Einstein College of Medicine,neuroscience (awardee),McKnight Scholar,0,0.0,0,2016;2017;2018;2019;2020;2021;2022;2023;2024;2025,1,0,4,,2020,rising (<=6y),unified_pubmed(full-name/affiliation-or-ORCID),last-author proxy,2025,first-paper proxy,2026-09-05T03:52:36+00:00,3,pi_955fd3e9676358e0a74e762101fa8b76,unified-papers,unreviewed,,unreviewed roster label,,unknown,Cellular and molecular neuroscience; Computation and cognition; Development,Imaging and microscopy,,unknown,C. elegans,Imac kinesin required for synaptic bouton formation; Alpha2delta-3 synaptic morphogenesis independent of calcium-channel function; Clarinet active-zone protein for vesicle clustering and release,active zone; alpha2delta-3; C. elegans; Ca2+ channels; CLA-1; Clarinet; Drosophila; Drosophila embryos; Kinesin-3; presynaptic architecture; presynaptic maturation; synaptic boutons; synaptic morphogenesis; synaptic vesicle clustering; synaptic vesicle transport,source-backed examples,complete,Selected full-name synapse-development and active-zone papers; the visual psychophysics candidate was not used for this synapse-focused curation.,,,0,https://pubmed.ncbi.nlm.nih.gov/17643120/; https://pubmed.ncbi.nlm.nih.gov/19820706/; https://pubmed.ncbi.nlm.nih.gov/29160205/; https://www.mcknight.org/programs/the-mcknight-endowment-fund-for-neuroscience/scholar-awards/awardees/,"The registry preserves this identity, but independent source evidence is still needed. | This institution is a historical roster label, not a sourced current appointment. | Lab model organisms are not yet source-backed; article-species mentions do not establish a lab model.",,unknown,0,0,0,0,0,0,0,0,0,0
Scott Linderman,early-career awardee,Stanford University,neuroscience (awardee),McKnight Scholar,0,0.0,0,2016;2017;2018;2019;2020;2021;2022;2023;2024;2025,0,0,6,,2020,rising (<=6y),unified_pubmed(full-name/affiliation-or-ORCID),last-author proxy,2025,first-paper proxy,2026-09-05T03:52:38+00:00,3,pi_18f3e52aa8735c42815cf3f4dcea716b,unified-papers,unreviewed,,unreviewed roster label,,unknown,Computation and cognition; Neural circuits and behavior,Computational modeling,,unknown,,MoSeq-based striatal organization of 3D action sequences; Dopamine reinforcement of spontaneous behavioral modules; Keypoint-MoSeq for unsupervised parsing of pose dynamics,3D behavior; action selection; animal behavior; behavioral modules; behavioral syllables; closed-loop optogenetics; direct and indirect pathways; dopamine; dorsolateral striatum; generative model; Keypoint-MoSeq; MoSeq; pose tracking; spontaneous behavior; striatum,source-backed examples,complete,"Selected full-name contributions linking statistical modeling to naturalistic behavior, dopamine reinforcement, and reusable pose-to-syllable tools.",,,0,https://pubmed.ncbi.nlm.nih.gov/29779950/; https://pubmed.ncbi.nlm.nih.gov/36653449/; https://pubmed.ncbi.nlm.nih.gov/38997595/; https://www.mcknight.org/programs/the-mcknight-endowment-fund-for-neuroscience/scholar-awards/awardees/,"The registry preserves this identity, but independent source evidence is still needed. | This institution is a historical roster label, not a sourced current appointment. | Lab model organisms are not yet source-backed; article-species mentions do not establish a lab model.",,unknown,0,0,0,0,0,0,0,0,0,0
Swetha Murthy,early-career awardee,Oregon Health & Science University,neuroscience (awardee),"McKnight Scholar, NIH DP2",0,0.0,0,2016;2017;2018;2019;2020;2021;2022;2023;2024;2025,0,0,3,,2022,rising (<=6y),unified_pubmed(full-name/affiliation-or-ORCID),last-author proxy,2025,first-paper proxy,2026-09-05T03:52:39+00:00,3,pi_bc8e67d1589750f3b528623d38e7e2c8,unified-papers,unreviewed,,unreviewed roster label,,unknown,Cellular and molecular neuroscience; Glia and neuroimmunology,,,unknown,Mouse; Zebrafish,Cryo-EM structure of the mechanically activated Piezo1 channel; Piezo2 mediation of acute and sensitized mechanical pain; OSCA/TMEM63 as conserved mechanically activated ion channels,allodynia; Arabidopsis; cryo-EM; eukaryotic mechanotransduction; gating architecture; ion pore; mechanical pain; mechanically activated channels; mechanically activated ion channel; nociceptors; OSCA; Piezo1; Piezo2; somatosensory neurons; TMEM63,source-backed examples,complete,"Selected full-name mechanosensory ion-channel papers covering structure, pain physiology, and conserved channel-family discovery.",,,0,https://pubmed.ncbi.nlm.nih.gov/29261642/; https://pubmed.ncbi.nlm.nih.gov/30305457/; https://pubmed.ncbi.nlm.nih.gov/30382938/; https://www.mcknight.org/programs/the-mcknight-endowment-fund-for-neuroscience/scholar-awards/awardees/,"The registry preserves this identity, but independent source evidence is still needed. | This institution is a historical roster label, not a sourced current appointment. | Lab model organisms are not yet source-backed; article-species mentions do not establish a lab model.",,unknown,0,0,0,0,0,0,0,0,0,0
Karthik Shekhar,early-career awardee,"University of California, Berkeley",neuroscience (awardee),McKnight Scholar,0,0.0,0,2016;2017;2018;2019;2020;2021;2022;2023;2024;2025,0,0,0,,2023,rising (<=6y),unified_pubmed(full-name/affiliation-or-ORCID),last-author proxy,2025,first-paper proxy,2026-09-05T03:52:41+00:00,3,pi_6082ffa37357571486550cefd698ccf8,unified-papers,unreviewed,,unreviewed roster label,,unknown,,,,unknown,,Comparative atlas of vertebrate retinal cell-class and type evolution; Comparative transcriptomics of vertebrate photoreceptor evolution; Evolutionary framework for retinal amacrine-cell diversity,amacrine cells; cell-type evolution; cones; midget RGCs; orthologous cell types; photoreceptors; retinal ganglion cells; retinal interneurons; rods; single-cell transcriptomics; single-nucleus transcriptomics; vertebrate evolution; vertebrate retina; visual ecology,source-backed examples,complete,Selected full-name retina/cell-atlas papers with distinct evolutionary and developmental transcriptomic contributions.,,,0,https://pubmed.ncbi.nlm.nih.gov/38092908/; https://pubmed.ncbi.nlm.nih.gov/40250432/; https://pubmed.ncbi.nlm.nih.gov/42600003/; https://www.mcknight.org/programs/the-mcknight-endowment-fund-for-neuroscience/scholar-awards/awardees/,"The registry preserves this identity, but independent source evidence is still needed. | This institution is a historical roster label, not a sourced current appointment. | Lab model organisms are not yet source-backed; article-species mentions do not establish a lab model.",,unknown,0,0,0,0,0,0,0,0,0,0
Annegret Falkner,early-career awardee,Princeton University,neuroscience (awardee),"Klingenstein-Simons, McKnight Scholar, NIH DP2",1,0.1,1,2016;2017;2018;2019;2020;2021;2023;2024;2025,1,0,5,,2021,rising (<=6y),unified_pubmed(full-name/affiliation-or-ORCID),last-author proxy,2025,first-paper proxy,2026-09-05T03:52:42+00:00,3,pi_e0374519459f5469b8f8164800703474,unified-papers,unreviewed,,unreviewed roster label,,unknown,Computation and cognition; Neural circuits and behavior,Optogenetics,,unknown,Mouse,VMHvl control of aggression-seeking behavior; Behavioral and dopamine signatures of stress resilience; SLEAP multi-animal pose tracking for social behavior,aggression seeking; behavioral strategies; closed-loop optogenetics; deep learning; dopamine projections; hypothalamus; male mice; multi-animal pose tracking; optogenetics; real-time tracking; SLEAP; social behavior; social defeat; stress resilience; VMHvl,source-backed examples,complete,"Selected full-name papers spanning aggression circuits, stress resilience, and multi-animal pose-tracking tools.",,,0,https://pubmed.ncbi.nlm.nih.gov/26950005/; https://pubmed.ncbi.nlm.nih.gov/35379947/; https://pubmed.ncbi.nlm.nih.gov/36261520/; https://www.mcknight.org/programs/the-mcknight-endowment-fund-for-neuroscience/scholar-awards/awardees/,"The registry preserves this identity, but independent source evidence is still needed. | This institution is a historical roster label, not a sourced current appointment. | Lab model organisms are not yet source-backed; article-species mentions do not establish a lab model.",,unknown,0,0,0,0,0,0,1,0,0,0
Andrea Gomez,early-career awardee,"University of California, Berkeley",neuroscience (awardee),McKnight Scholar,0,0.0,0,2016;2017;2018;2019;2020;2021;2022;2023;2024;2025,0,0,0,,2015,early (<=10y),unified_pubmed(full-name/affiliation-or-ORCID),last-author proxy,2025,first-paper proxy,2026-09-05T03:52:44+00:00,3,pi_e0eb7b503d915b248c61c4a76b2c6a00,unified-papers,unreviewed,,unreviewed roster label,,unknown,,,,unknown,,Lrp4 receptor complex for Agrin-MuSK neuromuscular synapse signaling,acetylcholine receptor clustering; Agrin; Lrp4; MuSK; neuromuscular synapse,source-backed examples,complete,"Selected the only full-name neuromuscular/neurobiology candidate; initials-only cardiology, inflammation, and clinical namesakes were excluded.",,,1,https://pubmed.ncbi.nlm.nih.gov/18848351/; https://www.mcknight.org/programs/the-mcknight-endowment-fund-for-neuroscience/scholar-awards/awardees/,"The registry preserves this identity, but independent source evidence is still needed. | This institution is a historical roster label, not a sourced current appointment. | Lab model organisms are not yet source-backed; article-species mentions do not establish a lab model. | 1 candidate papers remain unresolved and are not included in totals.",,unknown,0,0,0,0,0,0,0,0,0,0
Sinisa Hrvatin,early-career awardee,Whitehead Institute for Biomedical Research,neuroscience (awardee),"McKnight Scholar, NIH DP2, Pew Biomedical, Searle Scholar",0,0.0,0,2016;2017;2018;2019;2020;2021;2022;2023;2024;2025,0,0,1,,2024,rising (<=6y),unified_pubmed(full-name/affiliation-or-ORCID),last-author proxy,2025,first-paper proxy,2026-09-05T03:52:46+00:00,3,pi_32e4f21983b6514e905c0e6eb97caf8d,unified-papers,unreviewed,,unreviewed roster label,,unknown,,,,unknown,Mouse,Single-cell map of experience-dependent transcriptomic states in visual cortex; Hypothalamic neurons regulating mouse torpor; DeCoN resource for neocortical pyramidal-neuron fate transcription,activity-dependent transcription; Adcyap1 neurons; cell types; DeCoN; hypothalamus; long noncoding RNAs; metabolic state; mouse torpor; mouse visual cortex; neocortex; preoptic area; pyramidal neuron fate; single-cell RNA sequencing; stimulus-responsive genes; transcriptional dynamics,source-backed examples,complete,"Selected full-name sources emphasizing neuroscience-relevant cell atlases, transcriptional dynamics, and torpor circuitry.",,,0,https://pubmed.ncbi.nlm.nih.gov/25556833/; https://pubmed.ncbi.nlm.nih.gov/29230054/; https://pubmed.ncbi.nlm.nih.gov/32528180/; https://www.mcknight.org/programs/the-mcknight-endowment-fund-for-neuroscience/scholar-awards/awardees/,"The registry preserves this identity, but independent source evidence is still needed. | This institution is a historical roster label, not a sourced current appointment. | Lab model organisms are not yet source-backed; article-species mentions do not establish a lab model.",,unknown,0,0,0,0,0,0,0,0,0,0
Xin Jin,early-career awardee,Scripps Research,neuroscience (awardee),"Klingenstein-Simons, McKnight Scholar, Pew Biomedical",1,0.1,1,2016;2017;2018;2019;2020;2021;2022;2023;2025,0,0,4,,2023,rising (<=6y),unified_pubmed(full-name/affiliation-or-ORCID),last-author proxy,2025,first-paper proxy,2026-09-05T03:52:47+00:00,3,pi_bbe175c00caa5032a572dc351ae66fdc,unified-papers,unreviewed,,unreviewed roster label,,unknown,Cellular and molecular neuroscience; Development,Sequencing and transcriptomics,,unknown,Mouse,Genetic dissection of striatal patch and matrix connectivity; Dynamic nigrostriatal dopamine biases action selection; Hierarchical organization of learned action sequences,action selection; basal ganglia; basal ganglia pathways; closed-loop optogenetics; direct pathway; dorsal striatum; exo-patch neurons; goal-directed behavior; indirect pathway; input-output mapping; learned action sequences; nigrostriatal dopamine; optogenetics; striatal patch matrix; viral tracing,source-backed examples,complete,Selected full-name basal-ganglia circuit and action-sequence papers; unrelated oncology/environmental namesakes were excluded.,,,0,https://pubmed.ncbi.nlm.nih.gov/27568516/; https://pubmed.ncbi.nlm.nih.gov/28285820/; https://pubmed.ncbi.nlm.nih.gov/29958111/; https://www.mcknight.org/programs/the-mcknight-endowment-fund-for-neuroscience/scholar-awards/awardees/,"The registry preserves this identity, but independent source evidence is still needed. | This institution is a historical roster label, not a sourced current appointment. | Lab model organisms are not yet source-backed; article-species mentions do not establish a lab model.",,unknown,0,0,0,0,0,0,0,0,1,0
Ann Kennedy,early-career awardee,Northwestern University,neuroscience (awardee),"McKnight Scholar, Pew Biomedical",2,0.2,2,2016;2017;2018;2019;2020;2021;2024;2025,0,1,6,,2008,established,unified_pubmed(full-name/affiliation-or-ORCID),last-author proxy,2025,first-paper proxy,2026-09-05T03:52:49+00:00,3,pi_85af161a5b685d82a24906776eeec1d0,unified-papers,unreviewed,,unreviewed roster label,,unknown,Computation and cognition; Learning and memory; Motor systems; Neural circuits and behavior,Calcium imaging; Computational modeling; Imaging and microscopy,,unknown,Mouse; Nonhuman primates,MARS automated analysis of mouse social behavior; Hypothalamic encoding of persistent defensive state; Approximate hypothalamic line attractor for aggressive state,aggression; behavior classification; defensive state; dynamical systems modeling; hypothalamus; line attractor; machine learning; MARS; mouse behavior; mouse social behavior; persistent neural activity; pose estimation; predator response; ventromedial hypothalamus; VMHvl,source-backed examples,complete,Targeted full-name neuroscience papers plus official profiles establish Ann Kennedy as a computational/theoretical neuroscientist; radiation-oncology and initials-only namesakes were excluded.,,,0,https://pubmed.ncbi.nlm.nih.gov/32939094/; https://pubmed.ncbi.nlm.nih.gov/34846301/; https://pubmed.ncbi.nlm.nih.gov/36608653/; https://www.mcknight.org/programs/the-mcknight-endowment-fund-for-neuroscience/scholar-awards/awardees/,"The registry preserves this identity, but independent source evidence is still needed. | This institution is a historical roster label, not a sourced current appointment. | Lab model organisms are not yet source-backed; article-species mentions do not establish a lab model.",,unknown,0,0,0,0,0,0,1,1,0,0
Sung Soo Kim,early-career awardee,"University of California, Santa Barbara",neuroscience (awardee),"Klingenstein-Simons, McKnight Scholar, Searle Scholar",1,0.1,1,2016;2017;2018;2019;2020;2021;2022;2023;2025,0,0,1,,,unknown,unified_pubmed(full-name/affiliation-or-ORCID),last-author proxy,2025,,2026-09-05T03:52:51+00:00,3,pi_0b4b960f326f5d6d826650e191a6114f,unified-papers,unreviewed,,unreviewed roster label,,unknown,Cellular and molecular neuroscience; Learning and memory; Neural circuits and behavior; Sensory systems,Connectomics; Imaging and microscopy,,unknown,Drosophila,Independent optical excitation of distinct neural populations; Ring-attractor dynamics for Drosophila heading representation; Connectomic reconstruction of visual features for navigation,anterior visual pathway; Chrimson; Chronos; connectomic reconstruction; Drosophila central brain; Drosophila navigation; EPG neurons; heading direction; neural populations; optical excitation; optogenetic perturbation; ring attractor; two-color optogenetics; two-photon calcium imaging; visual features,source-backed examples,complete,Targeted full-name neuroscience records and the UCSB lab page establish Sung Soo Kim as a Drosophila navigation/circuit researcher; gastric-surgery Sung Kim namesakes and the 2021 opinion article were not used as primary contributions.,,,0,https://pubmed.ncbi.nlm.nih.gov/24509633/; https://pubmed.ncbi.nlm.nih.gov/28473639/; https://pubmed.ncbi.nlm.nih.gov/39358517/; https://www.mcknight.org/programs/the-mcknight-endowment-fund-for-neuroscience/scholar-awards/awardees/,"The registry preserves this identity, but independent source evidence is still needed. | This institution is a historical roster label, not a sourced current appointment. | Lab model organisms are not yet source-backed; article-species mentions do not establish a lab model. | Excluded 1 different-given-name candidates; review aliases if any exclusion is unexpected.",,unknown,0,0,0,0,0,0,0,0,1,0
Bianca Jones Marlin,early-career awardee,Columbia University,neuroscience (awardee),"McKnight Scholar, Pew Biomedical",0,0.0,0,2016;2017;2018;2019;2020;2021;2022;2023;2024;2025,0,0,1,,2023,rising (<=6y),unified_pubmed(full-name/affiliation-or-ORCID),last-author proxy,2025,first-paper proxy,2026-09-05T03:52:52+00:00,3,pi_ae9f0904cb9c50718b3ad7bfdb0947fd,unified-papers,unreviewed,,unreviewed roster label,,unknown,Neural circuits and behavior; Sensory systems,,,unknown,,Oxytocin balances auditory cortical inhibition for maternal behavior; Distributed oxytocin-receptor network for parental social cognition; PVN oxytocin neurons in social transmission of maternal care,alloparenting; auditory cortex; CA2 hippocampus; cortical inhibition; hypothalamic signaling; maternal behavior; maternal circuits; maternal retrieval; oxytocin; oxytocin receptor; pup calls; PVN oxytocin neurons; social cognition; social transmission; synaptic inhibition,source-backed examples,complete,"Selected three full-name, neuroscience primary papers centered on oxytocin modulation of maternal and social behavior; excluded review or less central follow-up records.",,,0,https://pubmed.ncbi.nlm.nih.gov/25874674/; https://pubmed.ncbi.nlm.nih.gov/26911697/; https://pubmed.ncbi.nlm.nih.gov/34381215/; https://www.mcknight.org/programs/the-mcknight-endowment-fund-for-neuroscience/scholar-awards/awardees/,"The registry preserves this identity, but independent source evidence is still needed. | This institution is a historical roster label, not a sourced current appointment. | Lab model organisms are not yet source-backed; article-species mentions do not establish a lab model.",,unknown,0,0,0,0,0,0,0,0,0,0
Nancy Padilla-Coreano,early-career awardee,University of Florida,neuroscience (awardee),"Klingenstein-Simons, McKnight Scholar",0,0.0,0,2016;2017;2018;2019;2020;2021;2022;2023;2024;2025,1,0,6,,2022,rising (<=6y),unified_pubmed(full-name/affiliation-or-ORCID),last-author proxy,2025,first-paper proxy,2026-09-05T03:52:53+00:00,3,pi_074b209188f65d568f1be407b8ec4789,unified-papers,unreviewed,,unreviewed roster label,,unknown,Learning and memory; Neural circuits and behavior,Computational modeling; Optogenetics,,unknown,Mouse; Rat,Ventral hippocampal-prefrontal input in anxiety-related behavior; Theta-frequency hippocampal-prefrontal transmission regulates avoidance; Cortical ensembles and hypothalamic outputs in social competition,AlphaTracker; anxiety; avoidance behavior; basolateral amygdala; hippocampal-prefrontal synchrony; lateral hypothalamus; medial prefrontal cortex; neural transmission; optogenetic stimulation; population dynamics; social dominance; theta oscillations; theta synchrony; ventral hippocampus,source-backed examples,complete,"Selected three full-name primary papers spanning anxiety circuitry, theta-frequency transmission, and social-rank computation.",,,0,https://pubmed.ncbi.nlm.nih.gov/26853301/; https://pubmed.ncbi.nlm.nih.gov/31521441/; https://pubmed.ncbi.nlm.nih.gov/35296862/; https://www.mcknight.org/programs/the-mcknight-endowment-fund-for-neuroscience/scholar-awards/awardees/,"The registry preserves this identity, but independent source evidence is still needed. | This institution is a historical roster label, not a sourced current appointment. | Lab model organisms are not yet source-backed; article-species mentions do not establish a lab model.",,unknown,0,0,0,0,0,0,0,0,0,0
Mubarak Hussain Syed,early-career awardee,University of New Mexico,neuroscience (awardee),McKnight Scholar,0,0.0,0,2016;2017;2018;2019;2020;2021;2022;2023;2024;2025,0,0,5,,2023,rising (<=6y),unified_pubmed(full-name/affiliation-or-ORCID),last-author proxy,2025,first-paper proxy,2026-09-05T04:36:52+00:00,3,pi_7e08c4e949b5526880cc436abc051a22,unified-papers,unreviewed,,unreviewed roster label,,unknown,Development; Neural circuits and behavior; Sensory systems; Sleep and circadian rhythms,Organoids and stem-cell models,,unknown,Drosophila,Ecdysone control of Drosophila neuroblast temporal identity; Fan-shaped-body integration of odor and wind for navigation,Drosophila navigation; Drosophila neuroblasts; ecdysone; fan-shaped body; glial diversity; h delta C neurons; neuronal diversity; odor cues; temporal gene expression; wind direction,source-backed examples,complete,"Only two full-name, field-consistent primary papers were used; initials-only candidates from unrelated biomedical areas were excluded.",,,0,https://pubmed.ncbi.nlm.nih.gov/28394252/; https://pubmed.ncbi.nlm.nih.gov/35941114/; https://www.mcknight.org/programs/the-mcknight-endowment-fund-for-neuroscience/scholar-awards/awardees/,"The registry preserves this identity, but independent source evidence is still needed. | This institution is a historical roster label, not a sourced current appointment. | Lab model organisms are not yet source-backed; article-species mentions do not establish a lab model.",,unknown,0,0,0,0,0,0,0,0,0,0
Longzhi Tan,early-career awardee,Stanford University,neuroscience (awardee),McKnight Scholar,1,0.1,1,2016;2017;2018;2020;2021;2022;2023;2024;2025,0,0,2,,2019,rising (<=6y),unified_pubmed(full-name/affiliation-or-ORCID),last-author proxy,2025,first-paper proxy,2026-09-05T03:52:57+00:00,3,pi_c107e025f95f5e9b8c0c3fb6eee53ccd,unified-papers,unreviewed,,unreviewed roster label,,unknown,Cellular and molecular neuroscience,Sequencing and transcriptomics,,unknown,Mouse,LIANTI single-cell whole-genome amplification; Dip-C maps three-dimensional genomes in single diploid cells; Single-neuron 3D genome organization in sensory and developing brain cells,3D genome; 3D genome structure; chromatin contacts; Dip-C; haplotype imputation; LIANTI; micro-CNV detection; olfactory sensory neurons; postnatal brain development; replication origins; rod photoreceptors; single neurons; single-cell genomics; whole-genome amplification,source-backed examples,complete,"Updated after reading the full full-name cache: selected LIANTI, Dip-C, and single-cell sensory/brain 3D-genome primary papers; old initials-only namesakes remain excluded.",,,0,https://pubmed.ncbi.nlm.nih.gov/28408603/; https://pubmed.ncbi.nlm.nih.gov/30166492/; https://pubmed.ncbi.nlm.nih.gov/30936528/; https://pubmed.ncbi.nlm.nih.gov/33484631/; https://www.mcknight.org/programs/the-mcknight-endowment-fund-for-neuroscience/scholar-awards/awardees/,"The registry preserves this identity, but independent source evidence is still needed. | This institution is a historical roster label, not a sourced current appointment. | Lab model organisms are not yet source-backed; article-species mentions do not establish a lab model.",,unknown,0,0,0,1,0,0,0,0,0,0
Arkarup Banerjee,early-career awardee,Cold Spring Harbor Laboratory,neuroscience (awardee),"Klingenstein-Simons, McKnight Scholar, Searle Scholar",0,0.0,0,2016;2017;2018;2019;2020;2021;2022;2023;2024;2025,0,0,1,,2024,rising (<=6y),unified_pubmed(full-name/affiliation-or-ORCID),last-author proxy,2025,first-paper proxy,2026-09-05T03:52:58+00:00,3,pi_6ff1239c066b5ec7b994d479784593ad,unified-papers,unreviewed,,unreviewed roster label,,unknown,Neural circuits and behavior,,,unknown,Mouse,Interglomerular gain control in the mouse olfactory bulb; Motor-cortical control of singing-mouse vocal interaction; Hierarchical motor-circuit dynamics for flexible vocal production,DAT-positive cells; gain control; interglomerular circuit; mitral tufted cells; olfactory bulb; orofacial motor cortex; periaqueductal gray; sensorimotor transformation; singing mouse; song pacing; temporal scaling; vocal interaction; vocal production; vocal repertoire,source-backed examples,complete,"Updated after the full-name cache recovered genuine neuroscience papers; selected olfactory-bulb circuit and singing-mouse vocal-control primary studies, excluding old initials-only namesakes.",,,0,https://pubmed.ncbi.nlm.nih.gov/26139373/; https://pubmed.ncbi.nlm.nih.gov/30819963/; https://pubmed.ncbi.nlm.nih.gov/38291282/; https://pubmed.ncbi.nlm.nih.gov/41253155/; https://www.mcknight.org/programs/the-mcknight-endowment-fund-for-neuroscience/scholar-awards/awardees/,"The registry preserves this identity, but independent source evidence is still needed. | This institution is a historical roster label, not a sourced current appointment. | Lab model organisms are not yet source-backed; article-species mentions do not establish a lab model. | Excluded 1 different-given-name candidates; review aliases if any exclusion is unexpected.",,unknown,0,0,0,0,0,0,0,0,0,0
Josefina del Marmol,early-career awardee,Harvard Medical School,neuroscience (awardee),"McKnight Scholar, Pew Biomedical",1,0.1,1,2016;2017;2018;2019;2020;2021;2022;2023;2025,0,0,0,,,unknown,unified_pubmed(full-name/affiliation-or-ORCID),last-author proxy,2025,,2026-09-05T03:53:00+00:00,3,pi_5c40dbc8d1c1506eba150f15b8a2628b,unified-papers,unreviewed,,unreviewed roster label,,unknown,,Imaging and microscopy,,unknown,,TRAAK K2P channel structure for nervous-system mechanosensitivity; Low-threshold mechanosensitivity in voltage-gated potassium channels; Structural logic of insect odorant-receptor ion channels,channel gating; cryo-EM; dorsal root ganglia; insect olfactory receptors; K2P channel; Kv channels; mechanosensation; mechanosensitivity; membrane tension; mosquito odor sensing; neuronal excitability; odorant recognition; Orco; potassium channel; TRAAK,source-backed examples,complete,Selected three full-name primary contribution families; closely related insect odorant-receptor structures were combined rather than over-split.,,,0,https://pubmed.ncbi.nlm.nih.gov/22282805/; https://pubmed.ncbi.nlm.nih.gov/22675122/; https://pubmed.ncbi.nlm.nih.gov/30111839/; https://pubmed.ncbi.nlm.nih.gov/34349260/; https://pubmed.ncbi.nlm.nih.gov/38870275/; https://www.mcknight.org/programs/the-mcknight-endowment-fund-for-neuroscience/scholar-awards/awardees/,"The registry preserves this identity, but independent source evidence is still needed. | This institution is a historical roster label, not a sourced current appointment. | Lab model organisms are not yet source-backed; article-species mentions do not establish a lab model.",,unknown,0,0,0,0,0,0,0,0,1,0
Chantell Evans,early-career awardee,Duke University,neuroscience (awardee),McKnight Scholar,0,0.0,0,2016;2017;2018;2019;2020;2021;2022;2023;2024;2025,0,0,2,,2022,rising (<=6y),unified_pubmed(full-name/affiliation-or-ORCID),last-author proxy,2025,first-paper proxy,2026-09-05T03:53:01+00:00,3,pi_9d70490accde545c86f558cd9897638b,unified-papers,unreviewed,,unreviewed roster label,,unknown,Learning and memory,Imaging and microscopy,,unknown,Rat,Rate-limiting degradation in Optineurin-mediated neuronal mitophagy; ALS- and FTD-linked TBK1 mutations disrupt mitophagy differently; LRRK2-RAB imbalance disrupts axonal autophagosome transport,ALS; ARF6; autophagosomes; axonal transport; damaged mitochondria; frontotemporal dementia; hippocampal neurons; LRRK2; lysosomal acidification; neuronal mitophagy; Optineurin; OPTN phosphorylation; Parkin-dependent mitophagy; PPM1H; TBK1,source-backed examples,complete,"Updated after full-name cache review: selected primary neuronal mitophagy, ALS/FTD-linked TBK1, and axonal autophagosome-transport papers; review-only and initials-only namesakes were excluded.",,,0,https://pubmed.ncbi.nlm.nih.gov/31934852/; https://pubmed.ncbi.nlm.nih.gov/34099552/; https://pubmed.ncbi.nlm.nih.gov/37133994/; https://www.mcknight.org/programs/the-mcknight-endowment-fund-for-neuroscience/scholar-awards/awardees/,"The registry preserves this identity, but independent source evidence is still needed. | This institution is a historical roster label, not a sourced current appointment. | Lab model organisms are not yet source-backed; article-species mentions do not establish a lab model.",,unknown,0,0,0,0,0,0,0,0,0,0
Yvette Fisher,early-career awardee,"University of California, Berkeley",neuroscience (awardee),"Klingenstein-Simons, McKnight Scholar",0,0.0,0,2016;2017;2018;2019;2020;2021;2022;2023;2024;2025,0,0,1,,2022,rising (<=6y),unified_pubmed(full-name/affiliation-or-ORCID),last-author proxy,2025,first-paper proxy,2026-09-05T03:53:03+00:00,3,pi_d31c43b8a997525ebd8fc6188fee68cb,unified-papers,unreviewed,,unreviewed roster label,,unknown,,,,unknown,Drosophila,Drosophila circuits for motion feature extraction; Experience-dependent remapping of visual input to a heading compass; SPARC toolkit for proportional genetic targeting in Drosophila cells,associative plasticity; cell targeting; Drosophila compass; Drosophila genetics; Drosophila vision; heading direction; input channels; motion detection; orientation selectivity; recombinase competition; ring neurons; SPARC; sparse labeling; T4 T5 neurons; visual inhibition,source-backed examples,complete,Selected full-name Drosophila visual/navigation and genetic-tool papers; older Huntington disease coauthorship was not used because stronger field-defining sensory-circuit evidence was available.,,,0,https://pubmed.ncbi.nlm.nih.gov/23849199/; https://pubmed.ncbi.nlm.nih.gov/26456048/; https://pubmed.ncbi.nlm.nih.gov/31748749/; https://pubmed.ncbi.nlm.nih.gov/32690967/; https://www.mcknight.org/programs/the-mcknight-endowment-fund-for-neuroscience/scholar-awards/awardees/,"The registry preserves this identity, but independent source evidence is still needed. | This institution is a historical roster label, not a sourced current appointment. | Lab model organisms are not yet source-backed; article-species mentions do not establish a lab model.",,unknown,0,0,0,0,0,0,0,0,0,0
Christine Grienberger,early-career awardee,Brandeis University,neuroscience (awardee),"McKnight Scholar, NIH DP2, Pew Biomedical",0,0.0,0,2016;2017;2018;2019;2020;2021;2022;2023;2024;2025,0,0,0,,,unknown,unified_pubmed(full-name/affiliation-or-ORCID),last-author proxy,2025,,2026-09-05T03:53:04+00:00,3,pi_745ff874758b56fc9989570f9e4e5f2f,unified-papers,unreviewed,,unreviewed roster label,,unknown,,,,unknown,,NMDA-dependent multidendrite calcium spikes in CA1 bursting; Conjunctive entorhinal and CA3 input drives CA1 feature selectivity; Behavioral-timescale plasticity shapes CA1 learning representations,behavioral time scale synaptic plasticity; CA1 place cells; CA1 place fields; CA1 pyramidal neurons; CA3 input; calcium spikes; complex spike bursts; dendritic plateau potentials; entorhinal cortex; entorhinal cortex layer 3; feature selectivity; hippocampal maps; in vivo imaging; NMDA receptors; reward learning,source-backed examples,complete,"Selected full-name primary papers on CA1 dendritic events, place-field selectivity, and learning-related plasticity.",,,0,https://pubmed.ncbi.nlm.nih.gov/24560703/; https://pubmed.ncbi.nlm.nih.gov/26167906/; https://pubmed.ncbi.nlm.nih.gov/28883072/; https://pubmed.ncbi.nlm.nih.gov/36323779/; https://www.mcknight.org/programs/the-mcknight-endowment-fund-for-neuroscience/scholar-awards/awardees/,"The registry preserves this identity, but independent source evidence is still needed. | This institution is a historical roster label, not a sourced current appointment. | Lab model organisms are not yet source-backed; article-species mentions do not establish a lab model.",,unknown,0,0,0,0,0,0,0,0,0,0
Theanne Griffith,early-career awardee,"University of California, Davis",neuroscience (awardee),McKnight Scholar,0,0.0,0,2016;2017;2018;2019;2020;2021;2022;2023;2024;2025,0,0,2,,2022,rising (<=6y),unified_pubmed(full-name/affiliation-or-ORCID),last-author proxy,2025,first-paper proxy,2026-09-05T03:53:05+00:00,3,pi_b15602f8e7ed510197eaa3ed8b29e794,unified-papers,unreviewed,,unreviewed roster label,,unknown,Cellular and molecular neuroscience; Sensory systems,,,unknown,,Merkel-cell adrenergic synapses for gentle-touch encoding; Sodium-channel control of menthol-sensitive sensory-neuron excitability; Distinct voltage-gated sodium-channel roles in mammalian proprioception,adrenergic synapse; beta2 receptors; cold sensation; gentle touch; mechanosensory afferents; menthol-sensitive neurons; Merkel cells; motor behavior; muscle stretch; NaV1.1; NaV1.6; proprioception; TRPM8; Vglut3-lineage DRG,source-backed examples,complete,"Updated using full-name primary somatosensory papers from the expanded cache; selected Merkel-cell touch, menthol-sensitive cold-neuron excitability, and proprioceptive sodium-channel findings.",,,0,https://pubmed.ncbi.nlm.nih.gov/30415995/; https://pubmed.ncbi.nlm.nih.gov/31300524/; https://pubmed.ncbi.nlm.nih.gov/36278870/; https://pubmed.ncbi.nlm.nih.gov/39772670/; https://www.mcknight.org/programs/the-mcknight-endowment-fund-for-neuroscience/scholar-awards/awardees/,"The registry preserves this identity, but independent source evidence is still needed. | This institution is a historical roster label, not a sourced current appointment. | Lab model organisms are not yet source-backed; article-species mentions do not establish a lab model.",,unknown,0,0,0,0,0,0,0,0,0,0
Matthew Lovett-Barron,early-career awardee,"University of California, San Diego",neuroscience (awardee),"McKnight Scholar, NIH DP2, Pew Biomedical, Searle Scholar",0,0.0,0,2016;2017;2018;2019;2020;2021;2022;2023;2024;2025,0,0,0,,2021,rising (<=6y),unified_pubmed(full-name/affiliation-or-ORCID),last-author proxy,2025,first-paper proxy,2026-09-05T03:53:06+00:00,3,pi_21ab5db0f3cf5121b9028253ac1de7e1,unified-papers,unreviewed,,unreviewed roster label,,unknown,,,,unknown,,Dendritic inhibition gates CA1 output and fear-context learning; Adult-born granule cells in context encoding and discrimination; MultiMAP screening of conserved neuromodulatory alertness systems,adult-born granule cells; alertness; brain-wide imaging; CA1 hippocampus; context encoding; dendritic inhibition; dentate gyrus; fear learning; input-output transformation; interneurons; MultiMAP; neuromodulation; pattern separation; two-photon imaging; zebrafish and mice,source-backed examples,complete,"Selected three full-name primary contributions spanning hippocampal inhibitory computation, adult-born neuron coding, and brain-state mapping.",,,0,https://pubmed.ncbi.nlm.nih.gov/22246433/; https://pubmed.ncbi.nlm.nih.gov/24558155/; https://pubmed.ncbi.nlm.nih.gov/26971949/; https://pubmed.ncbi.nlm.nih.gov/29103613/; https://www.mcknight.org/programs/the-mcknight-endowment-fund-for-neuroscience/scholar-awards/awardees/,"The registry preserves this identity, but independent source evidence is still needed. | This institution is a historical roster label, not a sourced current appointment. | Lab model organisms are not yet source-backed; article-species mentions do not establish a lab model.",,unknown,0,0,0,0,0,0,0,0,0,0
Lucas Pinto,early-career awardee,Northwestern University,neuroscience (awardee),McKnight Scholar,0,0.0,0,2016;2017;2018;2019;2020;2021;2022;2023;2024;2025,0,0,0,,2005,established,unified_pubmed(full-name/affiliation-or-ORCID),last-author proxy,2025,first-paper proxy,2026-09-05T03:53:07+00:00,3,pi_a19d0932a5a7547b90db303049725831,unified-papers,unreviewed,,unreviewed roster label,,unknown,,,,unknown,,Basal forebrain cholinergic neurons rapidly modulate visual perception; Cell-type-specific prefrontal activity during goal-directed behavior; Task-dependent necessity and dynamics of cortical regions,basal forebrain; calcium imaging; cholinergic neurons; cortical dynamics; evidence accumulation; goal-directed behavior; inactivation; interneurons; optogenetics; prefrontal cortex; pyramidal neurons; recurrent networks; V1; visual perception; wide-field imaging,source-backed examples,complete,"Selected full-name primary papers on cholinergic sensory modulation, prefrontal cell-type coding, and task-dependent cortical dynamics.",,,0,https://pubmed.ncbi.nlm.nih.gov/24162654/; https://pubmed.ncbi.nlm.nih.gov/26143660/; https://pubmed.ncbi.nlm.nih.gov/31564591/; https://www.mcknight.org/programs/the-mcknight-endowment-fund-for-neuroscience/scholar-awards/awardees/,"The registry preserves this identity, but independent source evidence is still needed. | This institution is a historical roster label, not a sourced current appointment. | Lab model organisms are not yet source-backed; article-species mentions do not establish a lab model.",,unknown,0,0,0,0,0,0,0,0,0,0
Sergey Stavisky,early-career awardee,"University of California, Davis",neuroscience (awardee),"McKnight Scholar, NIH DP2, Searle Scholar",0,0.0,0,2016;2017;2018;2019;2020;2021;2022;2023;2024;2025,0,0,0,,2024,rising (<=6y),unified_pubmed(full-name/affiliation-or-ORCID),last-author proxy,2025,first-paper proxy,2026-09-05T03:53:09+00:00,3,pi_ff7bc469584b5c6885d16fdc8e045e13,unified-papers,unreviewed,,unreviewed roster label,,unknown,,,,unknown,,LFADS inference of single-trial neural population dynamics; Estimating neural population dynamics without spike sorting; Rapidly calibrating intracortical speech neuroprosthesis,ALS; attempted speech; brain-computer interface; deep learning; intracortical arrays; LFADS; motor cortex; multiunit threshold crossings; neural population activity; Neuropixels; population manifolds; single-trial dynamics; speech neuroprosthesis; spike sorting,source-backed examples,complete,Selected full-name primary method and translational neuroengineering papers with distinct contributions.,,,0,https://pubmed.ncbi.nlm.nih.gov/30224673/; https://pubmed.ncbi.nlm.nih.gov/31171448/; https://pubmed.ncbi.nlm.nih.gov/39141853/; https://www.mcknight.org/programs/the-mcknight-endowment-fund-for-neuroscience/scholar-awards/awardees/,"The registry preserves this identity, but independent source evidence is still needed. | This institution is a historical roster label, not a sourced current appointment. | Lab model organisms are not yet source-backed; article-species mentions do not establish a lab model.",,unknown,0,0,0,0,0,0,0,0,0,0
Alex Williams,early-career awardee,New York University,neuroscience (awardee),McKnight Scholar,0,0.0,0,2016;2017;2018;2019;2020;2021;2022;2023;2024;2025,0,1,1,,2006,established,unified_pubmed(full-name/affiliation-or-ORCID),last-author proxy,2025,first-paper proxy,2026-09-05T03:53:10+00:00,3,pi_128f100c7e92523d951f853847539ad3,unified-papers,unreviewed,,unreviewed roster label,,unknown,Computation and cognition,Computational modeling,,unknown,Mouse,Tensor component analysis for demixed neural dynamics; Unsupervised sequence discovery and interpretable time-warping tools; Recurrent-network model of navigation and context remapping,context inference; entorhinal cortex; large-scale recordings; learning; low-dimensional dynamics; navigation; neural populations; recurrent neural networks; remapping; seqNMF; single-trial neural data; temporal sequences; tensor component analysis; time warping; unsupervised methods,source-backed examples,complete,Updated after full-name cache review and one targeted external check: selected genuine Alex H. Williams neural-data methods plus eLife/EuropePMC-verified navigation/context-remapping RNN work; plant and older initials-only namesakes were excluded.,,,0,https://elifesciences.org/articles/86943; https://pubmed.ncbi.nlm.nih.gov/29887338/; https://pubmed.ncbi.nlm.nih.gov/30719973/; https://pubmed.ncbi.nlm.nih.gov/31786013/; https://www.mcknight.org/programs/the-mcknight-endowment-fund-for-neuroscience/scholar-awards/awardees/,"The registry preserves this identity, but independent source evidence is still needed. | This institution is a historical roster label, not a sourced current appointment. | Lab model organisms are not yet source-backed; article-species mentions do not establish a lab model. | Excluded 6 different-given-name candidates; review aliases if any exclusion is unexpected.",,unknown,0,0,0,0,0,0,0,0,0,0
Monica Dus,early-career awardee,University of Michigan,neuroscience (awardee),"Klingenstein-Simons, NIH DP2",0,0.0,0,2016;2017;2018;2019;2020;2021;2022;2023;2024;2025,0,2,12,,2019,rising (<=6y),unified_pubmed(full-name/affiliation-or-ORCID),last-author proxy,2025,first-paper proxy,2026-09-05T03:53:12+00:00,3,pi_94b3f1f18a09516084e87aeec1750927,unified-papers,unreviewed,,unreviewed roster label,,unknown,Cellular and molecular neuroscience; Learning and memory; Neural circuits and behavior; Neurodegeneration and aging; Sensory systems,,,unknown,Drosophila,Dietary sugar weakens satiation through central sweet-taste processing; Nutrigenomic chromatin control of taste-neuron plasticity; m6A methylation promotes insulin mRNA translation,chromatin accessibility; Drosophila; Drosophila feeding; energy homeostasis; gustatory neurons; high-sugar diet; insulin mRNA; m6A RNA methylation; nutrigenomics; O-GlcNAc transferase; PAM dopaminergic neurons; satiation; sweet taste; translation,source-backed examples,complete,"Selected full-name primary papers connecting dietary state, sensory plasticity, and metabolic RNA regulation.",,,0,https://pubmed.ncbi.nlm.nih.gov/32539934/; https://pubmed.ncbi.nlm.nih.gov/36951889/; https://pubmed.ncbi.nlm.nih.gov/37488356/,"The registry preserves this identity, but independent source evidence is still needed. | This institution is a historical roster label, not a sourced current appointment. | Lab model organisms are not yet source-backed; article-species mentions do not establish a lab model.",,unknown,0,0,0,0,0,0,0,0,0,0
Evan Feinberg,early-career awardee,"University of California, San Francisco",neuroscience (awardee),Klingenstein-Simons,1,0.1,1,2016;2017;2018;2019;2020;2021;2022;2024;2025,0,0,2,,2012,established,unified_pubmed(full-name/affiliation-or-ORCID),last-author proxy,2025,first-paper proxy,2026-09-05T03:53:13+00:00,3,pi_c521d31085a8556397a4c50549a01b5d,unified-papers,unreviewed,,unreviewed roster label,,unknown,Motor systems,Optogenetics; Sequencing and transcriptomics,,unknown,Mouse,SID-1-mediated double-stranded RNA transport; GRASP labeling of synaptic partners in living nervous systems; RMG hub-and-spoke circuit for C. elegans social behavior,C. elegans; cellular uptake; connectivity mapping; double-stranded RNA; GRASP; hub-and-spoke circuit; pheromone attraction; RMG neuron; SID-1; social behavior; split GFP; synaptic partners; systemic RNAi,source-backed examples,complete,Selected full-name Evan H. Feinberg neuroscience-relevant papers; Evan N. Feinberg chemistry/machine-learning records were treated as a likely namesake and excluded.,,,0,https://pubmed.ncbi.nlm.nih.gov/12970568/; https://pubmed.ncbi.nlm.nih.gov/18255029/; https://pubmed.ncbi.nlm.nih.gov/19349961/,"The registry preserves this identity, but independent source evidence is still needed. | This institution is a historical roster label, not a sourced current appointment. | Lab model organisms are not yet source-backed; article-species mentions do not establish a lab model. | Excluded 3 different-given-name candidates; review aliases if any exclusion is unexpected.",,unknown,0,0,0,0,0,0,0,1,0,0
Biyu He,early-career awardee,New York University,neuroscience (awardee),Klingenstein-Simons,0,0.0,0,2016;2017;2018;2019;2020;2021;2022;2023;2024;2025,0,5,26,,2016,early (<=10y),unified_pubmed(full-name/affiliation-or-ORCID),last-author proxy,2025,first-paper proxy,2026-09-05T03:53:15+00:00,3,pi_9b2dbe3777df56289ab4af858df30f25,unified-papers,unreviewed,,unreviewed roster label,,unknown,Computation and cognition; Learning and memory; Neural circuits and behavior; Sensory systems,Electrophysiology; Imaging and microscopy; MRI and neuroimaging,,unknown,Human,Frontoparietal network connectivity breakdown in spatial neglect; Electrocorticographic correlates of intrinsic BOLD networks; Scale-free temporal structure and behavioral relevance of brain activity,attention; BOLD fMRI; cross-frequency coupling; default network; electrocorticography; frontoparietal networks; functional connectivity; gamma power; nested frequencies; resting-state networks; scale-free dynamics; slow cortical potentials; spatial neglect; stroke; task performance,source-backed examples,complete,"Selected full-name primary papers on human network dysfunction, electrophysiological foundations of resting networks, and scale-free activity.",,,0,https://pubmed.ncbi.nlm.nih.gov/17359924/; https://pubmed.ncbi.nlm.nih.gov/18843113/; https://pubmed.ncbi.nlm.nih.gov/20471349/,"The registry preserves this identity, but independent source evidence is still needed. | This institution is a historical roster label, not a sourced current appointment. | Lab model organisms are not yet source-backed; article-species mentions do not establish a lab model.",,unknown,0,0,0,0,0,0,0,0,0,0
Andrew Kruse,early-career awardee,Harvard Medical School,neuroscience (awardee),Klingenstein-Simons,7,0.7,6,2022;2023;2024;2025,0,2,25,,2016,early (<=10y),unified_pubmed(full-name/affiliation-or-ORCID),last-author proxy,2025,first-paper proxy,2026-09-05T03:53:17+00:00,3,pi_7e110f79cd375625af34749282e9a952,unified-papers,unreviewed,,unreviewed roster label,,unknown,Cellular and molecular neuroscience; Neurodegeneration and aging,Imaging and microscopy; Sequencing and transcriptomics,,unknown,Human; Mouse; Rat,"Human sigma-1 receptor architecture and ligand recognition; Sigma-2 receptor identity, structures, and ligand discovery; Yeast-display platform for conformationally selective nanobodies",bioactive ligands; conformational selectivity; crystal structure; endoplasmic reticulum; GPCRs; ligand recognition; nanobodies; neuropathic pain; sigma-1 receptor; sigma-2 receptor; structural biology; structure-based docking; TMEM97; yeast surface display,source-backed examples,complete,"Selected full-name primary papers on receptor structures, ligand discovery, and enabling nanobody technology.",,,0,https://pubmed.ncbi.nlm.nih.gov/27042935/; https://pubmed.ncbi.nlm.nih.gov/28559337/; https://pubmed.ncbi.nlm.nih.gov/29434346/; https://pubmed.ncbi.nlm.nih.gov/34880501/,"The registry preserves this identity, but independent source evidence is still needed. | This institution is a historical roster label, not a sourced current appointment. | Lab model organisms are not yet source-backed; article-species mentions do not establish a lab model.",,unknown,1,1,1,2,1,1,0,0,0,0
Evan W. Miller,early-career awardee,"University of California, Berkeley",neuroscience (awardee),Klingenstein-Simons,0,0.0,0,2016;2017;2018;2019;2020;2021;2022;2023;2024;2025,0,0,3,,,unknown,unified_pubmed(full-name/affiliation-or-ORCID),last-author proxy,2025,,2026-09-05T03:53:19+00:00,3,pi_8a3a232b12d45f42800dbcda52f2bf3a,unified-papers,unreviewed,,unreviewed roster label,,unknown,Learning and memory,Imaging and microscopy,,unknown,Rat,Aquaporin-3-mediated hydrogen peroxide uptake in cell signaling; VoltageFluor PeT molecular wires for optical voltage sensing; Far-red chemical-genetic voltage imaging in defined neurons,Aquaporin-3; brain slice; defined neurons; far-red voltage imaging; fluorescent indicator; HaloTag; hydrogen peroxide; isoBeRST-Halo; molecular wires; NADPH oxidase; neuronal activity; optical voltage sensing; photoinduced electron transfer; redox signaling; VoltageFluor,source-backed examples,complete,Updated after full-name cache review and one targeted external PMC/EuropePMC check: preserved the AQP3 contribution and added VoltageFluor and far-red hybrid voltage-imaging tool examples; initials-only public-health and clinical namesakes remain excluded.,,,0,https://pubmed.ncbi.nlm.nih.gov/20724658/; https://pubmed.ncbi.nlm.nih.gov/22308458/; https://pubmed.ncbi.nlm.nih.gov/25584688/; https://www.ncbi.nlm.nih.gov/pmc/articles/PMC8637932/,"The registry preserves this identity, but independent source evidence is still needed. | This institution is a historical roster label, not a sourced current appointment. | Lab model organisms are not yet source-backed; article-species mentions do not establish a lab model. | Excluded 1 different-given-name candidates; review aliases if any exclusion is unexpected.",,unknown,0,0,0,0,0,0,0,0,0,0
Tiffany Schmidt,early-career awardee,Northwestern University,neuroscience (awardee),Klingenstein-Simons,1,0.1,1,2016;2017;2018;2019;2021;2022;2023;2024;2025,1,3,15,,2016,early (<=10y),unified_pubmed(full-name/affiliation-or-ORCID),last-author proxy,2025,first-paper proxy,2026-09-05T03:53:20+00:00,3,pi_0574addb521a58ac8dd8fd8cbaa34fa0,unified-papers,unreviewed,,unreviewed roster label,,unknown,Cellular and molecular neuroscience; Computation and cognition; Neural circuits and behavior; Sensory systems; Sleep and circadian rhythms,Electrophysiology; Imaging and microscopy,,unknown,Mouse; Rat,Developmental and subtype physiology of intrinsically photosensitive retinal ganglion cells; Melanopsin signaling in alpha retinal ganglion cells for contrast detection; Divergent projections of M1 ipRGC subtypes,Brn3b; contrast detection; intrinsic light response; ipRGCs; M1 ipRGCs; M1 M2 cells; M4 ipRGCs; melanopsin; ON alpha RGCs; pupillary light reflex; retinal development; retinal projections; suprachiasmatic nucleus; visual circuits,source-backed examples,complete,"Updated after full-name cache review: selected original physiological and circuit-mapping studies of ipRGC development, subtype function, melanopsin contrast signaling, and projections; old initials-only microbiology namesakes were excluded.",,,0,https://pubmed.ncbi.nlm.nih.gov/18480363/; https://pubmed.ncbi.nlm.nih.gov/19144848/; https://pubmed.ncbi.nlm.nih.gov/24853938/; https://pubmed.ncbi.nlm.nih.gov/29888785/; https://pubmed.ncbi.nlm.nih.gov/30017393/,"The registry preserves this identity, but independent source evidence is still needed. | This institution is a historical roster label, not a sourced current appointment. | Lab model organisms are not yet source-backed; article-species mentions do not establish a lab model.",,unknown,0,0,0,0,1,0,0,0,0,0
Susanne Ahmari,early-career awardee,University of Pittsburgh,neuroscience (awardee),Klingenstein-Simons,0,0.0,0,2016;2017;2018;2019;2020;2021;2022;2023;2024;2025,0,0,20,,2015,early (<=10y),unified_pubmed(full-name/affiliation-or-ORCID),last-author proxy,2025,first-paper proxy,2026-09-05T03:53:22+00:00,3,pi_b26d826547255c029047f709cc337e30,unified-papers,unreviewed,,unreviewed roster label,,unknown,Cellular and molecular neuroscience; Computation and cognition; Learning and memory; Motor systems; Neural circuits and behavior; Sensory systems,Calcium imaging; Imaging and microscopy; MRI and neuroimaging; Optogenetics; Sequencing and transcriptomics,,unknown,Mouse,Repeated cortico-striatal stimulation produces persistent OCD-like behavior; Hippocampal-prefrontal input during spatial working-memory encoding; Dorsoventral dentate gyrus control of learning and anxiety,anxiety; contextual fear; cortico-striatal circuit; cue encoding; dentate gyrus; dorsoventral axis; fluoxetine; gamma synchrony; granule cells; hippocampal-prefrontal pathway; OCD-like grooming; optogenetics; prefrontal units; spatial working memory; ventromedial striatum,source-backed examples,complete,"Selected full-name primary papers on OCD-related circuitry, hippocampal-prefrontal working memory, and anxiety/fear-circuit specialization.",,,1,https://pubmed.ncbi.nlm.nih.gov/23473324/; https://pubmed.ncbi.nlm.nih.gov/23744948/; https://pubmed.ncbi.nlm.nih.gov/26053122/,"The registry preserves this identity, but independent source evidence is still needed. | This institution is a historical roster label, not a sourced current appointment. | Lab model organisms are not yet source-backed; article-species mentions do not establish a lab model. | 1 candidate papers remain unresolved and are not included in totals.",,unknown,0,0,0,0,0,0,0,0,0,0
Matthew Banghart,early-career awardee,"University of California, San Diego",neuroscience (awardee),Klingenstein-Simons,0,0.0,0,2016;2017;2018;2019;2020;2021;2022;2023;2024;2025,1,0,4,,2021,rising (<=6y),unified_pubmed(full-name/affiliation-or-ORCID),last-author proxy,2025,first-paper proxy,2026-09-05T03:53:24+00:00,3,pi_5c1b8983c5515ed1b67f262710fe3954,unified-papers,unreviewed,,unreviewed roster label,,unknown,Neural circuits and behavior,,,unknown,Mouse; Rat,SPARK channels for optical control of neuronal firing; Photochemical control of endogenous ion channels; Photoactivatable opioids for precise neuropeptide delivery,azobenzene; cell excitability; endogenous K channels; GPCR signaling; locus coeruleus; neural tissue; neuronal firing; opioids; photoactivatable neuropeptides; photopharmacology; photoswitchable affinity labels; photoswitchable gate; potassium channels; SPARK channels; volume transmission,source-backed examples,complete,Selected full-name primary tool papers on photochemical and optochemical control of neuronal signaling.,,,0,https://pubmed.ncbi.nlm.nih.gov/15558062/; https://pubmed.ncbi.nlm.nih.gov/18311146/; https://pubmed.ncbi.nlm.nih.gov/22284180/,"The registry preserves this identity, but independent source evidence is still needed. | This institution is a historical roster label, not a sourced current appointment. | Lab model organisms are not yet source-backed; article-species mentions do not establish a lab model.",,unknown,0,0,0,0,0,0,0,0,0,0
Benjamin de Bivort,early-career awardee,Harvard University,neuroscience (awardee),Klingenstein-Simons,1,0.1,1,2016;2017;2019;2020;2021;2022;2023;2024;2025,0,3,15,,,unknown,unified_pubmed(full-name/affiliation-or-ORCID),last-author proxy,2025,,2026-09-05T03:53:26+00:00,3,pi_a1fa1a5122335b2f98e8b37119a15989,unified-papers,unreviewed,,unreviewed roster label,,unknown,Cellular and molecular neuroscience; Computation and cognition; Learning and memory; Motor systems; Neural circuits and behavior; Sensory systems; Sleep and circadian rhythms,Calcium imaging; Imaging and microscopy,,unknown,C. elegans; Drosophila,Leg tracking and automated behavioral classification in Drosophila; MARGO high-throughput real-time object tracking for ethology; Proprioception-dependent recovery of locomotion after fly leg injury,animal behavior; automated classification; closed-loop stimuli; Drosophila behavior; Drosophila locomotion; gait plasticity; high-throughput ethology; injury recovery; leg amputation; leg tracking; MARGO; proprioception; real-time tracking; trackball; two-photon-compatible,source-backed examples,complete,"Selected full-name primary papers on high-resolution behavior measurement, high-throughput ethology, and neurobehavioral mechanisms.",,,1,https://pubmed.ncbi.nlm.nih.gov/23715269/; https://pubmed.ncbi.nlm.nih.gov/26994176/; https://pubmed.ncbi.nlm.nih.gov/31765421/,"The registry preserves this identity, but independent source evidence is still needed. | This institution is a historical roster label, not a sourced current appointment. | Lab model organisms are not yet source-backed; article-species mentions do not establish a lab model. | 1 candidate papers remain unresolved and are not included in totals.",,unknown,0,0,1,0,0,0,0,0,0,0
Richard Daneman,early-career awardee,"University of California, San Diego",neuroscience (awardee),Klingenstein-Simons,0,0.0,0,2016;2017;2018;2019;2020;2021;2022;2023;2024;2025,0,0,1,,2014,established,unified_pubmed(full-name/affiliation-or-ORCID),last-author proxy,2025,first-paper proxy,2026-09-05T03:53:28+00:00,3,pi_4f9a93288b7b556c86112966482630f0,unified-papers,unreviewed,,unreviewed roster label,,unknown,,,,unknown,,Immunopanning purification of rodent brain endothelial cells; Prospective purification and culture of CNS pericytes; Microglia are dispensable for healthy BBB maintenance while PLX5622 alters endothelial metabolism,blood-brain barrier; brain endothelial cells; CD31; CNS cell isolation; CNS pericytes; CSF1R inhibition; endothelial cholesterol metabolism; immunopanning; microglia; optic nerve; PDGFR beta; PLX5622; vascular cell culture,source-backed examples,complete,Selected full-name blood-brain barrier and CNS vascular-cell sources; protocol papers were used only for high-level method/resource descriptions.,,,0,https://pubmed.ncbi.nlm.nih.gov/24371317/; https://pubmed.ncbi.nlm.nih.gov/24890207/; https://pubmed.ncbi.nlm.nih.gov/24890216/; https://pubmed.ncbi.nlm.nih.gov/39142282/,"The registry preserves this identity, but independent source evidence is still needed. | This institution is a historical roster label, not a sourced current appointment. | Lab model organisms are not yet source-backed; article-species mentions do not establish a lab model.",,unknown,0,0,0,0,0,0,0,0,0,0
Gul Dolen,early-career awardee,Johns Hopkins University,neuroscience (awardee),Klingenstein-Simons,2,0.2,2,2016;2017;2018;2020;2021;2022;2024;2025,1,0,2,,2015,early (<=10y),unified_pubmed(full-name/affiliation-or-ORCID),last-author proxy,2025,first-paper proxy,2026-09-05T03:53:29+00:00,3,pi_f0a0976defa65f4495ab2dee9247ab8c,unified-papers,unreviewed,,unreviewed roster label,,unknown,Cellular and molecular neuroscience; Learning and memory; Neural circuits and behavior,Sequencing and transcriptomics,,unknown,Mouse,mGluR5 reduction corrects fragile X phenotypes in mice; Oxytocin-serotonin coordination in nucleus accumbens social reward; Drug-induced reopening of the social reward learning critical period,autism-related phenotypes; critical period; developmental disorders; Fmr1 mutant mice; fragile X syndrome; MDMA; mGluR5; nucleus accumbens; oxytocin; oxytocin-dependent LTD; psychedelics; serotonin; social reward; social reward learning; synaptic plasticity,source-backed examples,complete,"Selected full-name primary papers on fragile X rescue, social reward mechanisms, and critical-period reopening.",,,0,https://pubmed.ncbi.nlm.nih.gov/18093519/; https://pubmed.ncbi.nlm.nih.gov/24025838/; https://pubmed.ncbi.nlm.nih.gov/30944474/; https://pubmed.ncbi.nlm.nih.gov/37316665/,"The registry preserves this identity, but independent source evidence is still needed. | This institution is a historical roster label, not a sourced current appointment. | Lab model organisms are not yet source-backed; article-species mentions do not establish a lab model.",,unknown,0,0,0,1,0,0,0,1,0,0
Harrison W. Gabel,early-career awardee,Washington University in St. Louis,neuroscience (awardee),Klingenstein-Simons,0,0.0,0,2016;2017;2018;2019;2020;2021;2022;2023;2024;2025,1,0,11,,,unknown,unified_pubmed(full-name/affiliation-or-ORCID),last-author proxy,2025,,2026-09-05T03:53:31+00:00,3,pi_427d8c6b08495709827c4cf977f0d070,unified-papers,unreviewed,,unreviewed roster label,,unknown,Cellular and molecular neuroscience; Motor systems; Neural circuits and behavior; Sensory systems,Organoids and stem-cell models; Sequencing and transcriptomics,,unknown,Mouse; Rat,MeCP2-dependent repression of long neuronal genes in Rett syndrome; Npas4 cell-type-specific programs balance neural circuits; Genome-wide functional analysis of RNA interference factors in C. elegans,activity-dependent transcription; C. elegans; excitatory-inhibitory balance; genome-wide screen; inhibitory neurons; long genes; MeCP2; methylated CA; neuronal transcription; Npas4; Rett syndrome; RNA interference; RNAi machinery; synaptic input; transgene silencing,source-backed examples,complete,"Selected full-name primary papers on MeCP2/Rett transcription, activity-dependent transcription, and RNAi/genomic resources.",,,0,https://pubmed.ncbi.nlm.nih.gov/15790806/; https://pubmed.ncbi.nlm.nih.gov/24855953/; https://pubmed.ncbi.nlm.nih.gov/25762136/,"The registry preserves this identity, but independent source evidence is still needed. | This institution is a historical roster label, not a sourced current appointment. | Lab model organisms are not yet source-backed; article-species mentions do not establish a lab model.",,unknown,0,0,0,0,0,0,0,0,0,0
Catherine Hartley,early-career awardee,New York University,neuroscience (awardee),Klingenstein-Simons,0,0.0,0,2016;2017;2018;2019;2020;2021;2022;2023;2024;2025,1,3,28,,2016,early (<=10y),unified_pubmed(full-name/affiliation-or-ORCID),last-author proxy,2025,first-paper proxy,2026-09-05T03:53:32+00:00,3,pi_74677ecf30b453ac8331d07fbce7e058,unified-papers,unreviewed,,unreviewed roster label,,unknown,Computation and cognition; Learning and memory; Neural circuits and behavior,Computational modeling; Imaging and microscopy; MRI and neuroimaging,,unknown,Human,Attenuated fear-extinction learning during adolescence; FAAH variation enhances fronto-amygdala fear regulation; Developmental emergence of model-based reinforcement learning,adolescence; anandamide; anxiety treatment; children adolescents adults; cross-species translation; decision making; development; FAAH; fear extinction; fronto-amygdala connectivity; goal-directed behavior; model-based reinforcement learning; mouse and human; prefrontal plasticity,source-backed examples,complete,Selected Catherine A. Hartley developmental affective-learning papers; the Catherine S. Hartley COVID-19 pathology record was excluded as a different field/name context.,,,2,https://pubmed.ncbi.nlm.nih.gov/22988092/; https://pubmed.ncbi.nlm.nih.gov/25731744/; https://pubmed.ncbi.nlm.nih.gov/27084852/,"The registry preserves this identity, but independent source evidence is still needed. | This institution is a historical roster label, not a sourced current appointment. | Lab model organisms are not yet source-backed; article-species mentions do not establish a lab model. | 2 candidate papers remain unresolved and are not included in totals.",,unknown,0,0,0,0,0,0,0,0,0,0
Michael Hoppa,early-career awardee,Dartmouth College,neuroscience (awardee),Klingenstein-Simons,0,0.0,0,2016;2017;2018;2019;2020;2021;2022;2023;2024;2025,0,0,8,,2017,early (<=10y),unified_pubmed(full-name/affiliation-or-ORCID),last-author proxy,2025,first-paper proxy,2026-09-05T03:53:35+00:00,3,pi_fae0c8c1900b59d183dda9d2ddb855f0,unified-papers,unreviewed,,unreviewed roster label,,unknown,Cellular and molecular neuroscience; Learning and memory,Imaging and microscopy; Optogenetics,,unknown,Mouse; Rat,Alpha2delta control of presynaptic calcium channels and release probability; Adaptive presynaptic action-potential waveform plasticity; Improved iGluSnFR3 indicators for synaptic glutamate imaging,active zone; alpha2delta; calcium entry; genetically encoded voltage indicators; glutamate indicators; iGluSnFR3; Kv channels; mouse cortex; postsynaptic localization; presynaptic action potential; presynaptic calcium channels; release probability; synaptic efficacy; synaptic transmission; synaptic vesicle release,source-backed examples,complete,"Selected full-name primary papers on presynaptic calcium-channel regulation, action-potential plasticity, and synaptic glutamate indicators.",,,0,https://pubmed.ncbi.nlm.nih.gov/22678293/; https://pubmed.ncbi.nlm.nih.gov/25447742/; https://pubmed.ncbi.nlm.nih.gov/37142767/,"The registry preserves this identity, but independent source evidence is still needed. | This institution is a historical roster label, not a sourced current appointment. | Lab model organisms are not yet source-backed; article-species mentions do not establish a lab model.",,unknown,0,0,0,0,0,0,0,0,0,0
Christine Merlin,early-career awardee,Texas A&M University,neuroscience (awardee),Klingenstein-Simons,0,0.0,0,2016;2017;2018;2019;2020;2021;2022;2023;2024;2025,0,0,10,,2016,early (<=10y),unified_pubmed(full-name/affiliation-or-ORCID),last-author proxy,2025,first-paper proxy,2026-09-05T03:53:36+00:00,3,pi_27829aa6e73952e1b852175ff1812502,unified-papers,unreviewed,,unreviewed roster label,,unknown,Cellular and molecular neuroscience; Neural circuits and behavior; Sensory systems; Sleep and circadian rhythms,Sequencing and transcriptomics,,unknown,Drosophila; Mouse,Antennal circadian clocks coordinate monarch sun-compass orientation; Monarch genome resource for migration and clock biology; Reverse genetics and cryptochrome tests in monarch orientation biology,antennal clocks; chemoreceptors; circadian clock genes; circadian orientation; CRISPR Cas9; cryptochrome; long-distance migration; magnetosensing; migration; monarch butterfly; monarch genome; oriented flight; sun compass; zinc-finger nucleases,source-backed examples,complete,"Selected full-name monarch-butterfly primary papers on navigation clocks, genomic resources, reverse genetics, and magnetosensing.",,,0,https://pubmed.ncbi.nlm.nih.gov/19779201/; https://pubmed.ncbi.nlm.nih.gov/22118469/; https://pubmed.ncbi.nlm.nih.gov/23009861/; https://pubmed.ncbi.nlm.nih.gov/26837953/; https://pubmed.ncbi.nlm.nih.gov/33536422/,"The registry preserves this identity, but independent source evidence is still needed. | This institution is a historical roster label, not a sourced current appointment. | Lab model organisms are not yet source-backed; article-species mentions do not establish a lab model.",,unknown,0,0,0,0,0,0,0,0,0,0
Kate Meyer,early-career awardee,University of North Carolina at Chapel Hill,neuroscience (awardee),"Klingenstein-Simons, Searle Scholar",0,0.0,0,2016;2017;2018;2019;2020;2021;2022;2023;2024;2025,0,0,0,,2015,early (<=10y),unified_pubmed(full-name/affiliation-or-ORCID),last-author proxy,2025,first-paper proxy,2026-09-05T03:53:38+00:00,3,pi_cc856812221e53e8b4c9eef652e6e704,unified-papers,unreviewed,,unreviewed roster label,,unknown,,,,unknown,,MeRIP-Seq maps mammalian mRNA m6A landscapes; 5-prime UTR m6A promotes cap-independent translation; Fto regulation of dopaminergic midbrain circuitry,3 UTRs; 5 UTR m6A; brain development; cap-independent translation; cocaine response; D2 receptors; dopamine neurons; eIF3; Fto; heat shock; m6A; m6A demethylation; MeRIP-Seq; mRNA methylation; stress response,source-backed examples,complete,Selected the three full-name RNA-modification and neural-relevant primary papers; initials-only immunology/epidemiology records were excluded.,,,0,https://pubmed.ncbi.nlm.nih.gov/22608085/; https://pubmed.ncbi.nlm.nih.gov/23817550/; https://pubmed.ncbi.nlm.nih.gov/26593424/,"The registry preserves this identity, but independent source evidence is still needed. | This institution is a historical roster label, not a sourced current appointment. | Lab model organisms are not yet source-backed; article-species mentions do not establish a lab model. | Excluded 4 different-given-name candidates; review aliases if any exclusion is unexpected.",,unknown,0,0,0,0,0,0,0,0,0,0
Wei Xu,early-career awardee,University of Texas Southwestern Medical Center,neuroscience (awardee),Klingenstein-Simons,0,0.0,0,2016;2017;2018;2019;2020;2021;2022;2023;2024;2025,0,0,4,,2021,rising (<=6y),unified_pubmed(full-name/affiliation-or-ORCID),last-author proxy,2025,first-paper proxy,2026-09-05T03:53:39+00:00,3,pi_d0fb6ac3d134580b904e17256b56a2d1,unified-papers,unreviewed,,unreviewed roster label,,unknown,Cellular and molecular neuroscience; Glia and neuroimmunology; Learning and memory; Motor systems; Neural circuits and behavior,Electrophysiology; Imaging and microscopy,,unknown,Mouse,mPFC-nucleus reuniens circuit for memory specificity; Synaptotagmin-dependent coding schemes in memory circuits; Anterograde neural-circuit mapping,anatomical connectivity; anterograde transneuronal tracing; contextual fear memory; downstream neuronal labeling; fear memory generalization; hippocampal CA1; hippocampal routing; medial prefrontal cortex; neural-circuit mapping; nucleus reuniens; prefrontal cortex; synaptotagmin-1 knockdown; synchronous transmission,source-backed examples,complete,The batch cache mixed unrelated full-name Wei Xu records; UT Southwestern and PubMed sources were separately checked for the neuroscience Wei Xu before selecting three source-backed examples.,,,0,https://pubmed.ncbi.nlm.nih.gov/22405208/; https://pubmed.ncbi.nlm.nih.gov/23493706/; https://pubmed.ncbi.nlm.nih.gov/34824475/,"The registry preserves this identity, but independent source evidence is still needed. | This institution is a historical roster label, not a sourced current appointment. | Lab model organisms are not yet source-backed; article-species mentions do not establish a lab model. | Excluded 1 different-given-name candidates; review aliases if any exclusion is unexpected.",,unknown,0,0,0,0,0,0,0,0,0,0
Andres Bendesky,early-career awardee,Columbia University,neuroscience (awardee),"Klingenstein-Simons, Searle Scholar",1,0.1,1,2016;2017;2018;2019;2020;2021;2022;2023;2025,0,0,9,,2020,rising (<=6y),unified_pubmed(full-name/affiliation-or-ORCID),last-author proxy,2025,first-paper proxy,2026-09-05T03:53:41+00:00,3,pi_0cf0a580b8645d3699dcbbd755ac4d96,unified-papers,unreviewed,,unreviewed roster label,,unknown,Neural circuits and behavior; Sensory systems,,,unknown,Mouse,Betta domestication genome and trait architecture; Adrenal cell type contributing to parental care; CRISPR and transgenesis methods for betta fish,20α-hydroxyprogesterone; AKR1C18 adrenal cells; betta CRISPR knockout; Betta splendens genome; color selection; CRISPR knockin; dmrt1 sex determination; fin morphology; functional genetics; oldfield mouse; ornamental domestication; parental behavior; Peromyscus genetics; pigmentation loci; Tol2 transgenesis,source-backed examples,complete,"Selected three full-name, Columbia-affiliated or field-consistent primary papers spanning betta genetics, behavioral evolution and genetic tools.",,,0,https://pubmed.ncbi.nlm.nih.gov/35263139/; https://pubmed.ncbi.nlm.nih.gov/37545763/; https://pubmed.ncbi.nlm.nih.gov/38750354/,"The registry preserves this identity, but independent source evidence is still needed. | This institution is a historical roster label, not a sourced current appointment. | Lab model organisms are not yet source-backed; article-species mentions do not establish a lab model.",,unknown,0,0,0,0,0,0,0,0,1,0
Xin Duan,early-career awardee,"University of California, San Francisco",neuroscience (awardee),Klingenstein-Simons,1,0.1,1,2016;2017;2018;2019;2020;2021;2022;2023;2025,2,0,5,,2009,established,unified_pubmed(full-name/affiliation-or-ORCID),last-author proxy,2025,first-paper proxy,2026-09-05T03:53:43+00:00,3,pi_c283083ef69854668670b8c77eb08656,unified-papers,unreviewed,,unreviewed roster label,,unknown,Cellular and molecular neuroscience; Motor systems; Neurodegeneration and aging; Sensory systems,Sequencing and transcriptomics,,unknown,Human; Mouse,DISC1 regulation of adult-born hippocampal neuron integration; Subtype-specific retinal ganglion cell regeneration,adult hippocampal neurogenesis; alpha retinal ganglion cells; dentate granule cells; DISC1; IGF-1; mTOR signaling; NDEL1; neuronal integration; optic axotomy; osteopontin,source-backed examples,complete,"Selected two full-name, field-consistent neuroscience papers; other supplied records were unrelated or initials-only namesakes and were excluded.",,,1,https://pubmed.ncbi.nlm.nih.gov/17825401/; https://pubmed.ncbi.nlm.nih.gov/25754821/,"The registry preserves this identity, but independent source evidence is still needed. | This institution is a historical roster label, not a sourced current appointment. | Lab model organisms are not yet source-backed; article-species mentions do not establish a lab model. | 1 candidate papers remain unresolved and are not included in totals.",,unknown,0,0,0,0,0,0,0,0,1,0
Junjie Guo,early-career awardee,University of Texas Southwestern Medical Center,neuroscience (awardee),Klingenstein-Simons,0,0.0,0,2016;2017;2018;2019;2020;2021;2022;2023;2024;2025,0,0,0,,2019,rising (<=6y),unified_pubmed(full-name/affiliation-or-ORCID),last-author proxy,2025,first-paper proxy,2026-09-05T03:53:44+00:00,3,pi_b34363a9e97950a982bab6e9eace9081,unified-papers,unreviewed,,unreviewed roster label,,unknown,,,,unknown,,Expanded mammalian circular RNA annotation; TET1-linked active DNA demethylation in adult brain; Gadd45b coupling neural activity to adult neurogenesis,5-hydroxymethylcytosine; active DNA demethylation; activity-induced demethylation; adult hippocampus; APOBEC1; BDNF promoter; circular RNAs; dentate gyrus; ENCODE datasets; Gadd45b; human circRNAs; mouse circRNAs; neural progenitors; RNA-seq pipeline; TET1,source-backed examples,complete,Selected three full-name primary sources in RNA biology and neural epigenetics; initials-only namesake candidates were excluded.,,,0,https://pubmed.ncbi.nlm.nih.gov/19119186/; https://pubmed.ncbi.nlm.nih.gov/21496894/; https://pubmed.ncbi.nlm.nih.gov/25070500/,"The registry preserves this identity, but independent source evidence is still needed. | This institution is a historical roster label, not a sourced current appointment. | Lab model organisms are not yet source-backed; article-species mentions do not establish a lab model. | Excluded 2 different-given-name candidates; review aliases if any exclusion is unexpected.",,unknown,0,0,0,0,0,0,0,0,0,0
Aashish Manglik,early-career awardee,"University of California, San Francisco",neuroscience (awardee),Klingenstein-Simons,6,0.6,5,2016;2017;2018;2021;2024,0,0,4,,2019,rising (<=6y),unified_pubmed(full-name/affiliation-or-ORCID),last-author proxy,2025,first-paper proxy,2026-09-05T03:53:46+00:00,3,pi_bef740ef33a053fd865fc335f25dca79,unified-papers,unreviewed,,unreviewed roster label,,unknown,,Imaging and microscopy,,unknown,Human; Mouse,Structural mechanism of hepcidin inhibition of ferroportin; Membrane sterol mechanism for Smoothened activation; Structural basis of human OR51E2 odorant recognition,active GPCR structure; cholesterol; cryo-EM; fatty acid selectivity; ferroportin; Hedgehog signaling; hepcidin binding; intracellular nanobody; iron efflux; metal-binding sites; odorant receptor structure; olfactory GPCR; OR51E2; propionate binding; Smoothened,source-backed examples,complete,"Selected three full-name structural biology primary papers with clear mechanistic findings relevant to GPCRs, chemosensation and transport.",,,0,https://pubmed.ncbi.nlm.nih.gov/31263273/; https://pubmed.ncbi.nlm.nih.gov/32814342/; https://pubmed.ncbi.nlm.nih.gov/36922591/,"The registry preserves this identity, but independent source evidence is still needed. | This institution is a historical roster label, not a sourced current appointment. | Lab model organisms are not yet source-backed; article-species mentions do not establish a lab model.",,unknown,0,0,0,1,2,0,1,1,0,1
Joseph Parker,early-career awardee,California Institute of Technology,neuroscience (awardee),Klingenstein-Simons,2,0.2,2,2016;2017;2018;2019;2020;2022;2023;2025,0,1,7,,2019,rising (<=6y),unified_pubmed(full-name/affiliation-or-ORCID),last-author proxy,2025,first-paper proxy,2026-09-05T03:53:48+00:00,3,pi_c406b53c71e85aab88b4ed41035ad77d,unified-papers,unreviewed,,unreviewed roster label,,unknown,Cellular and molecular neuroscience; Neural circuits and behavior; Sensory systems,Sequencing and transcriptomics,,unknown,Drosophila,Cell-type assembly of rove beetle chemical defense; Deep-time convergence of army-ant rove beetle symbionts; EGFR ligand control of Drosophila compartment size,army ant symbionts; benzoquinones; cell enlargement; chemical defense; compartment size control; convergent evolution; cooperating cell types; Drosophila segments; myrmecoid body form; organ novelty; posterior compartment; rove beetle gland; rove beetles; social parasitism; Spitz EGFR signaling,source-backed examples,complete,"Selected three full-name primary studies spanning beetle social evolution, chemical defense and developmental patterning; unrelated medical/gambling namesakes were excluded.",,,0,https://pubmed.ncbi.nlm.nih.gov/17055987/; https://pubmed.ncbi.nlm.nih.gov/28285995/; https://pubmed.ncbi.nlm.nih.gov/34890552/,"The registry preserves this identity, but independent source evidence is still needed. | This institution is a historical roster label, not a sourced current appointment. | Lab model organisms are not yet source-backed; article-species mentions do not establish a lab model.",,unknown,0,0,0,0,0,1,0,0,1,0
Celine Riera,early-career awardee,Cedars-Sinai Medical Center,neuroscience (awardee),Klingenstein-Simons,0,0.0,0,2016;2017;2018;2019;2020;2021;2022;2023;2024;2025,0,0,9,,2019,rising (<=6y),unified_pubmed(full-name/affiliation-or-ORCID),last-author proxy,2025,first-paper proxy,2026-09-05T03:53:49+00:00,3,pi_f1c8744c355059378b6ca7bc65d0fa2e,unified-papers,unreviewed,,unreviewed roster label,,unknown,Neural circuits and behavior; Neurodegeneration and aging; Sensory systems,,,unknown,Mouse,TRPV1-CGRP sensory signaling in longevity and metabolism; Olfactory input control of obesity and energy balance; Lipid-linked mitochondrial-to-cytosolic stress communication,brown fat thermogenesis; cellular proteostasis; CGRP; cytosolic folding; diet-induced obesity; IGF1 receptor; insulin secretion; lipid homeostasis; metabolic health; mitochondrial stress; mouse longevity; olfactory sensory neurons; sympathetic activity; TRPV1 pain receptors; UPR communication,source-backed examples,complete,"Selected three full-name primary papers connecting sensory neurons, olfaction, metabolism and stress physiology; initials-only immunology namesake was excluded.",,,0,https://pubmed.ncbi.nlm.nih.gov/24855942/; https://pubmed.ncbi.nlm.nih.gov/27610574/; https://pubmed.ncbi.nlm.nih.gov/28683287/,"The registry preserves this identity, but independent source evidence is still needed. | This institution is a historical roster label, not a sourced current appointment. | Lab model organisms are not yet source-backed; article-species mentions do not establish a lab model.",,unknown,0,0,0,0,0,0,0,0,0,0
Simon Sponberg,early-career awardee,Georgia Institute of Technology,neuroscience (awardee),Klingenstein-Simons,1,0.1,1,2016;2017;2018;2019;2020;2021;2022;2024;2025,0,0,21,,2016,early (<=10y),unified_pubmed(full-name/affiliation-or-ORCID),last-author proxy,2025,first-paper proxy,2026-09-05T03:53:51+00:00,3,pi_ee00c4318e0b5bbaa2aed2683df7e022,unified-papers,unreviewed,,unreviewed roster label,,unknown,Computation and cognition; Glia and neuroimmunology; Motor systems; Neural circuits and behavior; Sensory systems,,,unknown,,Sensory-conflict framework for hawkmoth flight control; Spike-timing coordination across a flight motor program; Evolutionary and robophysical bridge between insect flight modes,asynchronous actuation; flight motor program; insect flight evolution; Manduca sexta; mechanosensory cues; millisecond spike timing; multisensory flight; robophysics; sensory conflict; stretch activation; synchronous flight; turning behavior; visual tracking; wing muscles,source-backed examples,complete,"Selected three full-name hawkmoth/insect-flight primary papers covering sensory integration, motor timing and actuation evolution.",,,0,https://pubmed.ncbi.nlm.nih.gov/27791056/; https://pubmed.ncbi.nlm.nih.gov/31843904/; https://pubmed.ncbi.nlm.nih.gov/37794191/,"The registry preserves this identity, but independent source evidence is still needed. | This institution is a historical roster label, not a sourced current appointment. | Lab model organisms are not yet source-backed; article-species mentions do not establish a lab model.",,unknown,0,0,0,0,0,0,0,1,0,0
Hongdian Yang,early-career awardee,"University of California, Riverside",neuroscience (awardee),Klingenstein-Simons,0,0.0,0,2016;2017;2018;2019;2020;2021;2022;2023;2024;2025,0,0,1,,,unknown,unified_pubmed(full-name/affiliation-or-ORCID),last-author proxy,2025,,2026-09-05T03:53:53+00:00,3,pi_325cd5eccabf513aa336436af37d4afc,unified-papers,unreviewed,,unreviewed roster label,,unknown,Computation and cognition; Motor systems; Neural circuits and behavior; Sensory systems; Sleep and circadian rhythms,,,unknown,Mouse,"Locus coeruleus, S1 cortex and pupil dissociation during touch; Phase-synchrony variability in neuronal avalanche networks; Neuronal avalanches and dynamic range at criticality",cortical networks; criticality; dynamic range; excitation-inhibition balance; input processing; locus coeruleus; mouse behavior; neuronal avalanches; phase synchrony; pupil diameter; rat cortex cultures; S1 cortex; tactile detection,source-backed examples,complete,The batch held only initials-only namesakes; additional full-name PubMed records and UCR-associated sources were checked for Hongdian Yang before selecting three neuroscience examples.,,,0,https://pubmed.ncbi.nlm.nih.gov/20007483/; https://pubmed.ncbi.nlm.nih.gov/22262904/; https://pubmed.ncbi.nlm.nih.gov/33721552/,"The registry preserves this identity, but independent source evidence is still needed. | This institution is a historical roster label, not a sourced current appointment. | Lab model organisms are not yet source-backed; article-species mentions do not establish a lab model. | Excluded 1 different-given-name candidates; review aliases if any exclusion is unexpected.",,unknown,0,0,0,0,0,0,0,0,0,0
Erica Korb,early-career awardee,University of Pennsylvania,neuroscience (awardee),"Klingenstein-Simons, NIH DP2",1,0.1,1,2016;2017;2018;2019;2020;2021;2023;2024;2025,0,0,8,,2019,rising (<=6y),unified_pubmed(full-name/affiliation-or-ORCID),last-author proxy,2025,first-paper proxy,2026-09-05T03:53:54+00:00,3,pi_15df8530b3045231aaa03f0c40b7ce1b,unified-papers,unreviewed,,unreviewed roster label,,unknown,Cellular and molecular neuroscience; Development; Glia and neuroimmunology; Learning and memory; Neurodegeneration and aging,Sequencing and transcriptomics,,unknown,Mouse,Brd4-dependent neuronal transcription in learning and memory; Nuclear Arc control of GluA1 transcription and homeostatic plasticity; TDP-43 mislocalization toxicity in neurons,ALS mutation; Arc nuclear localization; BET inhibition; Brd4; cytoplasmic mislocalization; GluA1 transcription; homeostatic plasticity; memory deficits; neurodegeneration; neuronal transcription; PML nuclear bodies; primary cortical neurons; synaptic proteins; synaptic strength; TDP-43,source-backed examples,complete,Selected three full-name neuroscience/chromatin primary papers with direct mechanistic findings; unrelated non-neural work was not used.,,,0,https://pubmed.ncbi.nlm.nih.gov/20071528/; https://pubmed.ncbi.nlm.nih.gov/23749147/; https://pubmed.ncbi.nlm.nih.gov/26301327/,"The registry preserves this identity, but independent source evidence is still needed. | This institution is a historical roster label, not a sourced current appointment. | Lab model organisms are not yet source-backed; article-species mentions do not establish a lab model.",,unknown,0,0,0,0,0,0,1,0,0,0
Elias Issa,early-career awardee,Columbia University,neuroscience (awardee),Klingenstein-Simons,0,0.0,0,2016;2017;2018;2019;2020;2021;2022;2023;2024;2025,0,1,4,,2022,rising (<=6y),unified_pubmed(full-name/affiliation-or-ORCID),last-author proxy,2025,first-paper proxy,2026-09-05T03:53:56+00:00,3,pi_e88daa53738c5804a0ef4a52973f08a2,unified-papers,unreviewed,,unreviewed roster label,,unknown,Computation and cognition; Neural circuits and behavior; Sensory systems,Computational modeling; Imaging and microscopy; MRI and neuroimaging,,unknown,Human; Nonhuman primates,Recurrent ventral-stream processing in object recognition; Large-scale behavioral benchmark for primate and ANN object recognition; Eye-region dominance in posterior lateral face patch,challenge images; deep CNNs; deep neural networks; eye region; face-selective neurons; human psychophysics; image-level predictions; inferior temporal cortex; macaque; macaque behavior; object recognition benchmark; posterior lateral face patch; recurrent circuits; ventral visual stream,source-backed examples,complete,"Selected three full-name primate visual-neuroscience papers emphasizing object recognition, model benchmarking and face processing.",,,0,https://pubmed.ncbi.nlm.nih.gov/23175821/; https://pubmed.ncbi.nlm.nih.gov/30006365/; https://pubmed.ncbi.nlm.nih.gov/31036945/,"The registry preserves this identity, but independent source evidence is still needed. | This institution is a historical roster label, not a sourced current appointment. | Lab model organisms are not yet source-backed; article-species mentions do not establish a lab model.",,unknown,0,0,0,0,0,0,0,0,0,0
Hiroyuki Kato,early-career awardee,University of North Carolina at Chapel Hill,neuroscience (awardee),"Klingenstein-Simons, Pew Biomedical",0,0.0,0,2016;2017;2018;2019;2020;2021;2022;2023;2024;2025,0,0,6,,2014,established,unified_pubmed(full-name/affiliation-or-ORCID),last-author proxy,2025,first-paper proxy,2026-09-05T03:53:58+00:00,3,pi_d188c4444173512291acff5d157886e6,unified-papers,unreviewed,,unreviewed roster label,,unknown,Cellular and molecular neuroscience; Sensory systems,Imaging and microscopy; MRI and neuroimaging; Optogenetics,,unknown,Mouse,SOM-cell network control of auditory frequency tuning; Behavioral relevance gates auditory cortical representations; A2 inhibitory gating of coincident harmonic sound binding,auditory cortex; awake mice; behavioral relevance; coincidence detection; frequency tuning; harmonic integration; lateral inhibition; primary auditory cortex; secondary auditory cortex; sensory representations; SOM cells; SOM-cell gating; somatostatin interneurons; sound habituation; vocal processing,source-backed examples,complete,The supplied full-name cache consisted of unrelated medical/epigenetics namesakes; additional full-name/initial-rich PubMed records and UNC profile context were checked for auditory-cortex contributions.,,,0,https://pubmed.ncbi.nlm.nih.gov/26586181/; https://pubmed.ncbi.nlm.nih.gov/28689982/; https://pubmed.ncbi.nlm.nih.gov/34326331/,"The registry preserves this identity, but independent source evidence is still needed. | This institution is a historical roster label, not a sourced current appointment. | Lab model organisms are not yet source-backed; article-species mentions do not establish a lab model.",,unknown,0,0,0,0,0,0,0,0,0,0
Aubrey Kelly,early-career awardee,Fordham University,neuroscience (awardee),Klingenstein-Simons,0,0.0,0,2016;2017;2018;2019;2020;2021;2022;2023;2024;2025,0,0,0,,,unknown,unified_pubmed(full-name/affiliation-or-ORCID),last-author proxy,2025,,2026-09-05T03:53:59+00:00,3,pi_82fad8f3daba5bdb86b59b092ec82ad7,unified-papers,unreviewed,,unreviewed roster label,,unknown,,,,unknown,,Spiny mouse vasopressin and oxytocin neuron atlas; Sex-specific nonapeptide effects on finch social behavior; Species-typical group size and social reward circuitry,aggression; basal forebrain; colonial spiny mouse; gregariousness; Mongolian gerbil; oxytocin neurons; oxytocin-like peptides; pair bonding; PVN oxytocin; sex differences; social reward; spiny mouse; vasopressin neurons; vasopressin-like peptides; VTA dopamine; zebra finch,source-backed examples,complete,"The supplied batch contained initials-only namesakes, so additional full-name PubMed and faculty/lab context were used to curate Aubrey M. Kelly social-neuroscience contributions.",,,0,https://pubmed.ncbi.nlm.nih.gov/24711411/; https://pubmed.ncbi.nlm.nih.gov/34102266/; https://pubmed.ncbi.nlm.nih.gov/35521530/,"The registry preserves this identity, but independent source evidence is still needed. | This institution is a historical roster label, not a sourced current appointment. | Lab model organisms are not yet source-backed; article-species mentions do not establish a lab model.",,unknown,0,0,0,0,0,0,0,0,0,0
Mazen Kheirbek,early-career awardee,"University of California, San Francisco",neuroscience (awardee),"Klingenstein-Simons, Pew Biomedical",1,0.1,1,2016;2017;2018;2019;2020;2021;2022;2023;2025,8,0,11,,2016,early (<=10y),unified_pubmed(full-name/affiliation-or-ORCID),last-author proxy,2025,first-paper proxy,2026-09-05T03:54:00+00:00,3,pi_41a7387884c450ac9b8100c1b10e7f70,unified-papers,unreviewed,,unreviewed roster label,,unknown,Glia and neuroimmunology; Learning and memory; Sensory systems,Calcium imaging; Imaging and microscopy; Optogenetics,,unknown,Mouse,Dorsoventral dentate gyrus control of learning and anxiety; vCA1 anxiety cells in a hippocampal-hypothalamic circuit; IL-33 microglial remodeling of hippocampal extracellular matrix,anxiety cells; avoidance behavior; calcium imaging; contextual fear encoding; dentate gyrus; dorsoventral hippocampus; extracellular matrix; IL-33; innate anxiety; lateral hypothalamus; microglia; optogenetics; remote fear memory; spine plasticity; ventral CA1,source-backed examples,complete,"Selected three full-name primary papers centered on dentate gyrus, ventral hippocampal anxiety circuits and microglia-linked memory plasticity.",,,0,https://pubmed.ncbi.nlm.nih.gov/23473324/; https://pubmed.ncbi.nlm.nih.gov/29397273/; https://pubmed.ncbi.nlm.nih.gov/32615087/,"The registry preserves this identity, but independent source evidence is still needed. | This institution is a historical roster label, not a sourced current appointment. | Lab model organisms are not yet source-backed; article-species mentions do not establish a lab model.",,unknown,0,0,0,0,0,0,0,0,1,0
Mark Howe,early-career awardee,Northwestern University,neuroscience (awardee),Klingenstein-Simons,0,0.0,0,2016;2017;2018;2019;2020;2021;2022;2023;2024;2025,0,0,0,,,unknown,unified_pubmed(full-name/affiliation-or-ORCID),last-author proxy,2025,,2026-09-05T03:54:02+00:00,3,pi_8e6b4255150251c0acc4a4e137dc6755,unified-papers,unreviewed,,unreviewed roster label,,unknown,,,,unknown,,Striatal dopamine ramps for distant reward proximity and value; dLight optical dopamine dynamics in behaving animals; Coordinated cholinergic and dopaminergic striatal movement signals,cortex dopamine; dLight1; dopamine signaling; fast-scan cyclic voltammetry; genetically encoded dopamine sensor; maze behavior; millisecond transients; movement transitions; population synchrony; reward proximity; reward value; spontaneous movement; striatal cholinergic interneurons; striatal dopamine; striatum,source-backed examples,complete,"Selected three full-name primary papers on dopamine, striatal learning and cholinergic-dopaminergic movement signals.",,,0,https://pubmed.ncbi.nlm.nih.gov/23913271/; https://pubmed.ncbi.nlm.nih.gov/29853555/; https://pubmed.ncbi.nlm.nih.gov/30920369/,"The registry preserves this identity, but independent source evidence is still needed. | This institution is a historical roster label, not a sourced current appointment. | Lab model organisms are not yet source-backed; article-species mentions do not establish a lab model.",,unknown,0,0,0,0,0,0,0,0,0,0
Caroline Runyan,early-career awardee,University of Pittsburgh,neuroscience (awardee),"Klingenstein-Simons, Pew Biomedical, Searle Scholar",0,0.0,0,2016;2017;2018;2019;2020;2021;2022;2023;2024;2025,0,0,5,,2022,rising (<=6y),unified_pubmed(full-name/affiliation-or-ORCID),last-author proxy,2025,first-paper proxy,2026-09-05T03:54:03+00:00,3,pi_d76f11bd53f553019e919b29440370f4,unified-papers,unreviewed,,unreviewed roster label,,unknown,Computation and cognition; Motor systems; Sensory systems,Calcium imaging; Imaging and microscopy; Optogenetics,,unknown,Mouse,PV and SOM inhibitory networks divide and subtract cortical responses; Population-code timescales across cortical areas; Feature-selective diversity among PV visual cortical interneurons,association cortex; coding timescales; direction selectivity; mouse behavior; mouse visual cortex; optogenetics; orientation selectivity; population coding; PV interneurons; response gain; sensory cortex; SOM interneurons; two-photon calcium imaging; visual cortex,source-backed examples,complete,Selected three full-name cortical-circuit primary papers on inhibitory computation and population coding.,,,0,https://pubmed.ncbi.nlm.nih.gov/20826315/; https://pubmed.ncbi.nlm.nih.gov/22878717/; https://pubmed.ncbi.nlm.nih.gov/28723889/,"The registry preserves this identity, but independent source evidence is still needed. | This institution is a historical roster label, not a sourced current appointment. | Lab model organisms are not yet source-backed; article-species mentions do not establish a lab model.",,unknown,0,0,0,0,0,0,0,0,0,0
Francois St-Pierre,early-career awardee,Baylor College of Medicine,neuroscience (awardee),Klingenstein-Simons,1,0.1,1,2016;2017;2018;2019;2020;2021;2023;2024;2025,0,1,8,,2016,early (<=10y),unified_pubmed(full-name/affiliation-or-ORCID),last-author proxy,2025,first-paper proxy,2026-09-05T03:54:06+00:00,3,pi_4d5d044203e3551e89bb767d7af4dbcd,unified-papers,unreviewed,,unreviewed roster label,,unknown,Sensory systems; Sleep and circadian rhythms,Imaging and microscopy; Optogenetics,,unknown,Drosophila; Mouse; Rat,Clover-mRuby2 bright FRET fluorescent protein pair; ASAP1 ultrafast genetically encoded voltage sensor; ASAP3 and ULoVE for two-photon voltage imaging in behaving mice,action potentials; ASAP1; ASAP3; awake behaving mice; biosensors; Clover; epifluorescence microscopy; fluorescent proteins; FRET dynamic range; genetically encoded voltage indicator; membrane potential; mRuby2; subthreshold modulation; two-photon voltage imaging; ULoVE,source-backed examples,complete,Selected three full-name tool/method papers covering fluorescent proteins and genetically encoded voltage imaging.,,,0,https://pubmed.ncbi.nlm.nih.gov/22961245/; https://pubmed.ncbi.nlm.nih.gov/24755780/; https://pubmed.ncbi.nlm.nih.gov/31835034/,"The registry preserves this identity, but independent source evidence is still needed. | This institution is a historical roster label, not a sourced current appointment. | Lab model organisms are not yet source-backed; article-species mentions do not establish a lab model.",,unknown,0,0,0,0,0,0,1,0,0,0
Amber Alhadeff,early-career awardee,Monell Chemical Senses Center,neuroscience (awardee),"Klingenstein-Simons, NIH DP2, Pew Biomedical",2,0.2,2,2016;2017;2018;2019;2020;2022;2023;2025,0,0,5,,2021,rising (<=6y),unified_pubmed(full-name/affiliation-or-ORCID),last-author proxy,2025,first-paper proxy,2026-09-05T03:54:07+00:00,3,pi_3ffae65b3da55f6c87146fc0d2b87d7a,unified-papers,unreviewed,,unreviewed roster label,,unknown,Learning and memory; Neural circuits and behavior; Sensory systems,Calcium imaging; Imaging and microscopy; Optogenetics,,unknown,Mouse,NTS GLP-1 projections to mesolimbic feeding circuits; AgRP-parabrachial circuit suppressing inflammatory pain during hunger; Dissociable hindbrain GLP1R circuits for satiety and aversion,AgRP neurons; area postrema; aversion; food intake; GLP-1 neurons; GLP1R obesity drugs; hindbrain neurons; hunger state; inflammatory pain; NPY signaling; nucleus accumbens; nucleus solitary tract; nucleus tractus solitarius; parabrachial nucleus; satiety; ventral tegmental area,source-backed examples,complete,"Selected three full-name primary papers on gut-brain, hunger-pain and GLP-1 feeding circuits.",,,0,https://pubmed.ncbi.nlm.nih.gov/22128031/; https://pubmed.ncbi.nlm.nih.gov/29570993/; https://pubmed.ncbi.nlm.nih.gov/38987598/,"The registry preserves this identity, but independent source evidence is still needed. | This institution is a historical roster label, not a sourced current appointment. | Lab model organisms are not yet source-backed; article-species mentions do not establish a lab model.",,unknown,0,0,0,0,0,1,0,0,1,0
Ghazaleh Ashrafi,early-career awardee,Washington University in St. Louis,neuroscience (awardee),Klingenstein-Simons,0,0.0,0,2016;2017;2018;2019;2020;2021;2022;2023;2024;2025,0,0,4,,,unknown,unified_pubmed(full-name/affiliation-or-ORCID),last-author proxy,2025,,2026-09-05T03:54:09+00:00,3,pi_b91cf2af0a1c569bb61e71ef194b708e,unified-papers,unreviewed,,unreviewed roster label,,unknown,Cellular and molecular neuroscience; Learning and memory,Computational modeling,,unknown,Mouse; Rat,Local PINK1-Parkin mitophagy in distal axons; GLUT4 mobilization for active presynaptic energy demand; MICU3 tuning of axonal mitochondrial calcium and neurotransmission,activity-driven glycolysis; AMPK; ATP synthesis; axonal mitochondria; calcium uptake; GLUT4; hippocampal neurons; MICU3; mitophagy; neurotransmission; Parkin; PINK1; presynaptic terminals; synaptic vesicle recycling,source-backed examples,complete,"Selected three full-name primary papers focused on neuronal mitochondria, synaptic energy and synapse knowledge resources.",,,0,https://pubmed.ncbi.nlm.nih.gov/25154397/; https://pubmed.ncbi.nlm.nih.gov/28111082/; https://pubmed.ncbi.nlm.nih.gov/31862210/,"The registry preserves this identity, but independent source evidence is still needed. | This institution is a historical roster label, not a sourced current appointment. | Lab model organisms are not yet source-backed; article-species mentions do not establish a lab model.",,unknown,0,0,0,0,0,0,0,0,0,0
Laura Duvall,early-career awardee,Brandeis University,neuroscience (awardee),"Klingenstein-Simons, Pew Biomedical",0,0.0,0,2016;2017;2018;2019;2020;2021;2022;2023;2024;2025,0,0,0,,,unknown,unified_pubmed(full-name/affiliation-or-ORCID),last-author proxy,2025,,2026-09-05T03:54:10+00:00,3,pi_577720dffbb15692985948f01145f0b9,unified-papers,unreviewed,,unreviewed roster label,,unknown,,,,unknown,,NPYLR7 agonists that suppress Aedes aegypti host seeking; Aedes peptide-receptor system enforcing post-mating refractoriness; AC3-specific PDF signaling in Drosophila circadian pacemakers,adenylate cyclase AC3; Aedes aegypti; cAMP imaging; Drosophila circadian neurons; female remating; host seeking; HP-I peptide; M pacemakers; mosquito biting; NPYLR1 receptor; NPYLR7; paternity enforcement; PDF neuropeptide; small-molecule agonists,source-backed examples,complete,Selected three full-name primary papers on mosquito neuropeptide signaling and Drosophila circadian peptide signaling.,,,0,https://pubmed.ncbi.nlm.nih.gov/22679392/; https://pubmed.ncbi.nlm.nih.gov/29174895/; https://pubmed.ncbi.nlm.nih.gov/30735632/,"The registry preserves this identity, but independent source evidence is still needed. | This institution is a historical roster label, not a sourced current appointment. | Lab model organisms are not yet source-backed; article-species mentions do not establish a lab model.",,unknown,0,0,0,0,0,0,0,0,0,0
Michael Economo,early-career awardee,Boston University,neuroscience (awardee),Klingenstein-Simons,0,0.0,0,2016;2017;2018;2019;2020;2021;2022;2023;2024;2025,2,0,3,,2023,rising (<=6y),unified_pubmed(full-name/affiliation-or-ORCID),last-author proxy,2025,first-paper proxy,2026-09-05T03:54:11+00:00,3,pi_5aedba217e8a5f00a18c06438dfdcfc3,unified-papers,unreviewed,,unreviewed roster label,,unknown,Computation and cognition; Motor systems; Neural circuits and behavior,Electrophysiology; Imaging and microscopy; Optogenetics,,unknown,Mouse,Platform for brain-wide imaging and reconstruction of single neurons; Distinct descending motor-cortex pathways for movement preparation and commands; Thousand-neuron projection morphology resource,axon reconstruction; axonal reconstruction; brain-wide imaging; cell types; morphology database; motor cortex; motor cortex neurons; mouse connectivity; movement preparation; projection neurons; pyramidal tract neurons; single-cell transcriptomics; tissue vibratome; two-photon microscope; whole-brain axons,source-backed examples,complete,Selected three full-name Janelia-era primary papers on brain-wide neuron reconstruction and motor planning circuits.,,,0,https://pubmed.ncbi.nlm.nih.gov/26796534/; https://pubmed.ncbi.nlm.nih.gov/30382200/; https://pubmed.ncbi.nlm.nih.gov/31495573/,"The registry preserves this identity, but independent source evidence is still needed. | This institution is a historical roster label, not a sourced current appointment. | Lab model organisms are not yet source-backed; article-species mentions do not establish a lab model.",,unknown,0,0,0,0,0,0,0,0,0,0
James Jeanne,early-career awardee,Yale University,neuroscience (awardee),Klingenstein-Simons,0,0.0,0,2016;2017;2018;2019;2020;2021;2022;2023;2024;2025,0,0,3,,2020,rising (<=6y),unified_pubmed(full-name/affiliation-or-ORCID),last-author proxy,2025,first-paper proxy,2026-09-05T03:54:12+00:00,3,pi_3fb0be8bf9355bbda250c8bdff4112e7,unified-papers,unreviewed,,unreviewed roster label,,unknown,Cellular and molecular neuroscience; Computation and cognition; Learning and memory; Neural circuits and behavior; Sensory systems,Connectomics; Imaging and microscopy; Optogenetics,,unknown,Drosophila,Learning-induced inversion of auditory cortical correlation patterns; Convergence and reconvergence improve olfactory speed and accuracy; Glomerular convergence map onto lateral horn neurons,associative learning; coincidence detection; convergence; Drosophila lateral horn; Drosophila olfaction; feedforward network; higher-order neurons; interneuronal correlations; natural acoustic signals; odor convergence; olfactory glomeruli; population coding; reconvergence; songbird auditory cortex; two-photon optogenetics,source-backed examples,complete,Selected three full-name primary papers on auditory learning and Drosophila olfactory circuit computations.,,,0,https://pubmed.ncbi.nlm.nih.gov/23622067/; https://pubmed.ncbi.nlm.nih.gov/26586183/; https://pubmed.ncbi.nlm.nih.gov/29909998/,"The registry preserves this identity, but independent source evidence is still needed. | This institution is a historical roster label, not a sourced current appointment. | Lab model organisms are not yet source-backed; article-species mentions do not establish a lab model.",,unknown,0,0,0,0,0,0,0,0,0,0
Liang Liang,early-career awardee,Harvard University,neuroscience (awardee),Klingenstein-Simons,0,0.0,0,2016;2017;2018;2019;2020;2021;2022;2023;2024;2025,0,0,0,,2013,established,unified_pubmed(full-name/affiliation-or-ORCID),last-author proxy,2025,first-paper proxy,2026-09-05T03:54:14+00:00,3,pi_44a9d782e6a251788b79b29fa613bfc8,unified-papers,unreviewed,,unreviewed roster label,,unknown,,,,unknown,,Q system for repressible binary genetic expression; Fine-scale functional convergence from retina to thalamus; Arousal-selective gating of retinal inputs to thalamus,arousal; bouton calcium imaging; Drosophila; feature convergence; lineage tracing; mammalian cells; mosaic analysis; mouse vision; pupil size; Q system; retinal axons; retinal ganglion cells; transgene expression; two-photon calcium imaging; visual thalamus,source-backed examples,complete,Selected the field-consistent full-name Q-system paper from the batch plus additional full-name Harvard visual-thalamus papers verified against Liang lab/publication context.,,,0,https://pubmed.ncbi.nlm.nih.gov/20434990/; https://pubmed.ncbi.nlm.nih.gov/29856953/; https://pubmed.ncbi.nlm.nih.gov/32795442/,"The registry preserves this identity, but independent source evidence is still needed. | This institution is a historical roster label, not a sourced current appointment. | Lab model organisms are not yet source-backed; article-species mentions do not establish a lab model.",,unknown,0,0,0,0,0,0,0,0,0,0
Derek Southwell,early-career awardee,"University of California, San Francisco",neuroscience (awardee),"Klingenstein-Simons, NIH DP2",0,0.0,0,2016;2017;2018;2019;2020;2021;2022;2023;2024;2025,0,0,0,,,unknown,unified_pubmed(full-name/affiliation-or-ORCID),last-author proxy,2025,,2026-09-05T03:54:15+00:00,3,pi_dd7798e345815bcba4e75152cd49658e,unified-papers,unreviewed,,unreviewed roster label,,unknown,,,,unknown,,Inhibitory neuron transplantation reopening cortical plasticity; Intrinsic cell death setting cortical interneuron numbers; Extended maturation of hPSC-derived forebrain interneurons,Bax apoptosis; cell-autonomous survival; cortical interneurons; critical period; forebrain development; GABAergic interneurons; human pluripotent stem cells; inhibitory neuron transplantation; MGE precursors; MGE-like progenitors; mouse cortex; ocular dominance plasticity; postnatal development; prolonged maturation; visual cortex,source-backed examples,complete,"Selected three full-name primary papers on cortical interneuron transplantation, development and human-stem-cell-derived interneuron maturation.",,,0,https://pubmed.ncbi.nlm.nih.gov/20185728/; https://pubmed.ncbi.nlm.nih.gov/23041929/; https://pubmed.ncbi.nlm.nih.gov/23642366/,"The registry preserves this identity, but independent source evidence is still needed. | This institution is a historical roster label, not a sourced current appointment. | Lab model organisms are not yet source-backed; article-species mentions do not establish a lab model.",,unknown,0,0,0,0,0,0,0,0,0,0
Summer Thyme,early-career awardee,Icahn School of Medicine at Mount Sinai,neuroscience (awardee),"Klingenstein-Simons, Pew Biomedical",0,0.0,0,2016;2017;2018;2019;2020;2021;2022;2023;2024;2025,0,0,0,,2021,rising (<=6y),unified_pubmed(full-name/affiliation-or-ORCID),last-author proxy,2025,first-paper proxy,2026-09-05T03:54:15+00:00,3,pi_aee82ad75aca526bb78f0bb3bcc0a7df,unified-papers,unreviewed,,unreviewed roster label,,unknown,,,,unknown,,Large-scale zebrafish Cas9 mutagenesis and sgRNA activity rules; CHOPCHOP v2 CRISPR target design tool; Zebrafish phenotypic atlas of schizophrenia-associated genes,behavioral phenotypes; Cas9 nickases; Cas9 protein; CHOPCHOP v2; Cpf1; CRISPR target design; oligonucleotide insertion; schizophrenia genes; sgRNA activity; sgRNA specificity; single-cell RNA-seq; target rules; whole-brain activity maps; zebrafish CRISPR; zebrafish mutants,source-backed examples,complete,"Selected three full-name primary/method papers on zebrafish CRISPR rules, CHOPCHOP and schizophrenia-gene phenotyping.",,,0,https://pubmed.ncbi.nlm.nih.gov/24873830/; https://pubmed.ncbi.nlm.nih.gov/27185894/; https://pubmed.ncbi.nlm.nih.gov/30929901/,"The registry preserves this identity, but independent source evidence is still needed. | This institution is a historical roster label, not a sourced current appointment. | Lab model organisms are not yet source-backed; article-species mentions do not establish a lab model.",,unknown,0,0,0,0,0,0,0,0,0,0
Nicholas Steinmetz,early-career awardee,University of Washington,neuroscience (awardee),"Klingenstein-Simons, Pew Biomedical",0,0.0,0,2016;2017;2018;2019;2020;2021;2022;2023;2024;2025,1,0,2,,2019,rising (<=6y),unified_pubmed(full-name/affiliation-or-ORCID),last-author proxy,2025,first-paper proxy,2026-09-05T03:54:16+00:00,3,pi_9572def154e15711bec71995f7ebb4c4,unified-papers,unreviewed,,unreviewed roster label,,unknown,Sensory systems,Electrophysiology,,unknown,Mouse,"Neuropixels high-density neural recording probes; Distributed coding of choice, action and engagement across mouse brain; Neuropixels 2.0 chronic high-density recording",brain movement correction; brain-wide activity; choice coding; chronic recording; CMOS; engagement; free behavior; high-density recording; neural population activity; Neuropixels; Neuropixels 2.0; Neuropixels recordings; silicon probes; thousands of sites; visual discrimination,source-backed examples,complete,Selected three full-name primary papers on Neuropixels technology and brain-wide population coding.,,,0,https://pubmed.ncbi.nlm.nih.gov/29120427/; https://pubmed.ncbi.nlm.nih.gov/31776518/; https://pubmed.ncbi.nlm.nih.gov/33859006/,"The registry preserves this identity, but independent source evidence is still needed. | This institution is a historical roster label, not a sourced current appointment. | Lab model organisms are not yet source-backed; article-species mentions do not establish a lab model. | Excluded 1 different-given-name candidates; review aliases if any exclusion is unexpected.",,unknown,0,0,0,0,0,0,0,0,0,0
Amanda Whipple,early-career awardee,Harvard University,neuroscience (awardee),Klingenstein-Simons,0,0.0,0,2016;2017;2018;2019;2020;2021;2022;2023;2024;2025,0,0,1,,2023,rising (<=6y),unified_pubmed(full-name/affiliation-or-ORCID),last-author proxy,2025,first-paper proxy,2026-09-05T03:54:18+00:00,3,pi_d6810e4bb1ea565c98c6c772fc3edb3b,unified-papers,unreviewed,,unreviewed roster label,,unknown,Cellular and molecular neuroscience; Development,,,unknown,Mouse,Imprinted maternal microRNAs opposing paternal neuronal gene programs; Allelic chromatin architecture preceding Kcnk9 imprinting; Chimeric eCLIP mapping of snoRNA-target interactions,allelic chromatin; chimeric eCLIP; CTCF; genomic imprinting; induced neurons; Kcnk9 imprinting; miR-379/410 cluster; neurogenesis; orphan snoRNAs; parent-of-origin; RISC targets; RNA-binding proteins; rRNA interactions; snoRNA targets; synaptic transmission,source-backed examples,complete,"Selected three full-name primary papers on imprinted neuronal microRNAs, allelic chromatin and RNA-interaction mapping; obvious historical/public-health namesakes were excluded.",,,0,https://pubmed.ncbi.nlm.nih.gov/32032531/; https://pubmed.ncbi.nlm.nih.gov/37821107/; https://pubmed.ncbi.nlm.nih.gov/40001124/,"The registry preserves this identity, but independent source evidence is still needed. | This institution is a historical roster label, not a sourced current appointment. | Lab model organisms are not yet source-backed; article-species mentions do not establish a lab model.",,unknown,0,0,0,0,0,0,0,0,0,0
Moriel Zelikowsky,early-career awardee,University of Utah,neuroscience (awardee),Klingenstein-Simons,0,0.0,0,2016;2017;2018;2019;2020;2021;2022;2023;2024;2025,1,0,5,,2020,rising (<=6y),unified_pubmed(full-name/affiliation-or-ORCID),last-author proxy,2025,first-paper proxy,2026-09-05T03:54:19+00:00,3,pi_b68a917a0ff75addb62050764da7b927,unified-papers,unreviewed,,unreviewed roster label,,unknown,Computation and cognition; Learning and memory; Neural circuits and behavior,,,unknown,Drosophila; Mouse,Ventromedial hypothalamic neurons controlling defensive emotion state; Tac2 coordination of chronic social isolation stress brain state; Automated depth-sensing and machine-learning measurement of mouse social behavior,aggression; behavior classification; chronic social isolation; defensive behavior; depth sensing; distributed brain state; emotion state; fear learning; machine learning; mouse social behavior; neurokinin B; optogenetics; Tac2; ventromedial hypothalamus; video tracking,source-backed examples,complete,"Selected three full-name primary papers on defensive emotion states, isolation-stress neuropeptide signaling and automated social-behavior measurement.",,,0,https://pubmed.ncbi.nlm.nih.gov/25748136/; https://pubmed.ncbi.nlm.nih.gov/26354123/; https://pubmed.ncbi.nlm.nih.gov/29775595/,"The registry preserves this identity, but independent source evidence is still needed. | This institution is a historical roster label, not a sourced current appointment. | Lab model organisms are not yet source-backed; article-species mentions do not establish a lab model.",,unknown,0,0,0,0,0,0,0,0,0,0
Aparna Bhaduri,early-career awardee,"University of California, Los Angeles",neuroscience (awardee),Klingenstein-Simons,1,0.1,1,2016;2017;2018;2019;2020;2021;2022;2024;2025,1,0,2,,2021,rising (<=6y),unified_pubmed(full-name/affiliation-or-ORCID),last-author proxy,2025,first-paper proxy,2026-09-05T03:54:21+00:00,3,pi_5bbe420fdeb5512f8d175eb425b1b865,unified-papers,unreviewed,,unreviewed roster label,,unknown,Development,,,unknown,Human; Mouse,Spatiotemporal trajectories of developing human cortical cell types; Cell-type-resolved cortical transcriptomic changes in autism; Lineage- and region-specific transcriptomic changes in multiple sclerosis lesions,activated microglia macrophages; autism neocortex; CUX2 projection neurons; developing human telencephalon; excitatory lineage trajectories; microglial molecular state; multiple sclerosis lesions; outer radial glia mTOR signaling; radial glia maturation; single-nucleus RNA sequencing; single-nucleus RNA-seq; upper-layer excitatory neurons,source-backed examples,complete,Selected full-name neuroscience papers spanning human cortical development and disease-focused single-cell analyses; unrelated skin-cancer work was not used.,,,0,https://pubmed.ncbi.nlm.nih.gov/29217575/; https://pubmed.ncbi.nlm.nih.gov/31097668/; https://pubmed.ncbi.nlm.nih.gov/31316211/,"The registry preserves this identity, but independent source evidence is still needed. | This institution is a historical roster label, not a sourced current appointment. | Lab model organisms are not yet source-backed; article-species mentions do not establish a lab model.",,unknown,0,0,0,0,0,0,0,1,0,0
Frederick Bennett,early-career awardee,University of Pennsylvania,neuroscience (awardee),Klingenstein-Simons,0,0.0,0,2016;2017;2018;2019;2020;2021;2022;2023;2024;2025,0,0,2,,2020,rising (<=6y),unified_pubmed(full-name/affiliation-or-ORCID),last-author proxy,2025,first-paper proxy,2026-09-05T03:54:23+00:00,3,pi_346d15a51f5152a0bc7aab4b223aa1ce,unified-papers,unreviewed,,unreviewed roster label,,unknown,Glia and neuroimmunology; Learning and memory,,,unknown,Mouse,TMEM119 antibodies and RNA-seq resources for mouse and human microglia; Microglia-induced neurotoxic reactive astrocytes; Ontogeny and CNS environment as joint determinants of microglial identity,A1 reactive astrocytes; activated microglia; brain macrophage transplantation; CNS environment; developmental microglia RNA-seq; FACS microglia isolation; IL-1alpha TNF C1q; microglial identity; monoclonal antibodies; neurodegenerative disease tissue; TMEM119 microglia marker; yolk-sac origin,source-backed examples,complete,Additional official identity sources verify Frederick Christian Bennett publishes as F. Chris Bennett; selected microglia/reactive-astrocyte papers with explicit team credit.,,,7,https://pubmed.ncbi.nlm.nih.gov/26884166/; https://pubmed.ncbi.nlm.nih.gov/28099414/; https://pubmed.ncbi.nlm.nih.gov/29861285/,"The registry preserves this identity, but independent source evidence is still needed. | This institution is a historical roster label, not a sourced current appointment. | Lab model organisms are not yet source-backed; article-species mentions do not establish a lab model. | 7 candidate papers remain unresolved and are not included in totals.",,unknown,0,0,0,0,0,0,0,0,0,0
Laura DeNardo,early-career awardee,"University of California, Los Angeles",neuroscience (awardee),Klingenstein-Simons,0,0.0,0,2016;2017;2018;2019;2020;2021;2022;2023;2024;2025,1,2,8,,2021,rising (<=6y),unified_pubmed(full-name/affiliation-or-ORCID),last-author proxy,2025,first-paper proxy,2026-09-05T03:54:25+00:00,3,pi_ec902344e39f583a87aa8bc823439782,unified-papers,unreviewed,,unreviewed roster label,,unknown,Cellular and molecular neuroscience; Computation and cognition; Learning and memory; Neural circuits and behavior,Computational modeling; Imaging and microscopy; Optogenetics,,unknown,Mouse; Rat,Dynamic prelimbic cortical ensembles supporting remote fear-memory retrieval; Teneurin-3 control of topographic hippocampal circuit assembly; Layer-specific local and long-range inputs to mouse sensory and prefrontal cortex,barrel cortex; CA1-subiculum targeting; functional cortical recruitment; hippocampal topography; homophilic adhesion; layer-specific inputs; medial prefrontal cortex; prelimbic cortex; rabies trans-synaptic tracing; remote memory retrieval; teneurin-3; TRAP2 activity labeling,source-backed examples,complete,"Selected full-name first/coauthor papers on cortical memory ensembles, hippocampal wiring and cortical connectivity.",,,1,https://pubmed.ncbi.nlm.nih.gov/26457553/; https://pubmed.ncbi.nlm.nih.gov/29414938/; https://pubmed.ncbi.nlm.nih.gov/30692687/,"The registry preserves this identity, but independent source evidence is still needed. | This institution is a historical roster label, not a sourced current appointment. | Lab model organisms are not yet source-backed; article-species mentions do not establish a lab model. | 1 candidate papers remain unresolved and are not included in totals.",,unknown,0,0,0,0,0,0,0,0,0,0
Isha Jain,early-career awardee,Gladstone Institutes,neuroscience (awardee),Klingenstein-Simons,1,0.1,1,2016;2017;2018;2019;2020;2021;2022;2023;2024,0,0,4,,2022,rising (<=6y),unified_pubmed(full-name/affiliation-or-ORCID),last-author proxy,2025,first-paper proxy,2026-09-05T03:54:27+00:00,3,pi_e4f8c535adfc51d38635eccfc9e6b4b1,unified-papers,unreviewed,,unreviewed roster label,,unknown,,,,unknown,Mouse,Hypoxia and brain oxygen normalization in Leigh syndrome models; Genome-wide oxygen-dependent cell-fitness screen; Hypoxia-induced protective solitary neuroendocrine cells in airway epithelium,airway basal stem cells; brain tissue hyperoxia; CGRP epithelial protection; CRISPR growth screens; hypoxia sensing; Leigh syndrome mouse model; lipid metabolism; mitochondrial pathway buffering; mitochondrial respiratory chain; normobaric hypoxia; oxygen homeostasis; solitary neuroendocrine cells,source-backed examples,complete,Selected full-name papers emphasizing oxygen biology and mitochondrial/neurodegenerative disease models; closely related Leigh syndrome papers are grouped.,,,0,https://pubmed.ncbi.nlm.nih.gov/26917594/; https://pubmed.ncbi.nlm.nih.gov/28483998/; https://pubmed.ncbi.nlm.nih.gov/31402314/; https://pubmed.ncbi.nlm.nih.gov/32259488/; https://pubmed.ncbi.nlm.nih.gov/33384370/,"The registry preserves this identity, but independent source evidence is still needed. | This institution is a historical roster label, not a sourced current appointment. | Lab model organisms are not yet source-backed; article-species mentions do not establish a lab model.",,unknown,0,0,0,0,0,0,0,0,0,1
Yi-Rong Peng,early-career awardee,"University of California, Los Angeles",neuroscience (awardee),Klingenstein-Simons,0,0.0,0,2016;2017;2018;2019;2020;2021;2022;2023;2024;2025,0,0,3,,2023,rising (<=6y),unified_pubmed(full-name/affiliation-or-ORCID),last-author proxy,2025,first-paper proxy,2026-09-05T03:54:28+00:00,3,pi_591439f6def1519abb6ab1eb224d4a70,unified-papers,unreviewed,,unreviewed roster label,,unknown,Cellular and molecular neuroscience; Glia and neuroimmunology; Sensory systems,Sequencing and transcriptomics,,unknown,Mouse; Nonhuman primates; Zebrafish,Single-cell taxonomy of primate foveal and peripheral retina; Satb1-contactin 5 patterning of a retinal ganglion cell dendritic arbor; Lamprey retinal cell atlas illuminating vertebrate retinal evolution,comparative retina taxonomies; Contactin 5; dendrite patterning; macaque fovea; retinal disease genes; retinal evolution; retinal ganglion cells; Satb1; sea lamprey retina; single-cell RNA-seq; vertebrate cell-type conservation,source-backed examples,complete,"Added PubMed-verified Yi-Rong Peng retina papers beyond the batch and selected full-name work on retinal cell types, dendrites and evolution.",,,1,https://pubmed.ncbi.nlm.nih.gov/28781169/; https://pubmed.ncbi.nlm.nih.gov/30712875/; https://pubmed.ncbi.nlm.nih.gov/39737973/,"The registry preserves this identity, but independent source evidence is still needed. | This institution is a historical roster label, not a sourced current appointment. | Lab model organisms are not yet source-backed; article-species mentions do not establish a lab model. | 1 candidate papers remain unresolved and are not included in totals.",,unknown,0,0,0,0,0,0,0,0,0,0
Hongying Shen,early-career awardee,Yale University,neuroscience (awardee),Klingenstein-Simons,0,0.0,0,2016;2017;2018;2019;2020;2021;2022;2023;2024;2025,0,0,4,,2007,established,unified_pubmed(full-name/affiliation-or-ORCID),last-author proxy,2025,first-paper proxy,2026-09-05T03:54:30+00:00,3,pi_1ada577ee9d75a2986f77fdb4adc846e,unified-papers,unreviewed,,unreviewed roster label,,unknown,,,,unknown,C. elegans; Drosophila,"CLYBL as a mitochondrial link between itaconate metabolism and vitamin B12; VPS13D-Miro bridging of ER, mitochondria and peroxisomes; Uridine and RNA ribose salvage supporting glycolysis under glucose limitation",citramalyl-CoA lyase; CLYBL; ER-mitochondria contacts; glucose limitation; itaconate metabolism; Miro; nutrient-sensitized screens; peroxisome lipid transfer; ribose salvage; uridine catabolism; vitamin B12; VPS13D,source-backed examples,complete,The batch initials-only papers were not used; additional PubMed full-name papers and Yale profile evidence established the Hongying Shen identity.,,,0,https://pubmed.ncbi.nlm.nih.gov/29056341/; https://pubmed.ncbi.nlm.nih.gov/33891013/; https://pubmed.ncbi.nlm.nih.gov/37198474/,"The registry preserves this identity, but independent source evidence is still needed. | This institution is a historical roster label, not a sourced current appointment. | Lab model organisms are not yet source-backed; article-species mentions do not establish a lab model. | Excluded 1 different-given-name candidates; review aliases if any exclusion is unexpected.",,unknown,0,0,0,0,0,0,0,0,0,0
Nikhil Sharma,early-career awardee,Columbia University,neuroscience (awardee),"Klingenstein-Simons, NIH DP2",2,0.2,2,2016;2017;2018;2019;2020;2021;2022;2023,0,0,0,,2022,rising (<=6y),unified_pubmed(full-name/affiliation-or-ORCID),last-author proxy,2025,first-paper proxy,2026-09-05T03:54:32+00:00,3,pi_cc3e81e9e2af5e82914e317aed17d18e,unified-papers,unreviewed,,unreviewed roster label,,unknown,Sensory systems,,,unknown,Mouse,Developmental emergence of somatosensory neuron transcriptional identity; NPAS4 regulation of domain-specific inhibition in hippocampal neurons,CA1 pyramidal neurons; dendritic disinhibition; NPAS4; primary somatosensory neurons; single-cell transcriptomic atlas; somatic inhibition; subtype-restricted transcription factors; target-derived NGF,source-backed examples,complete,Selected two full-name neuroscience papers; initials-only clinical and public-health namesakes were excluded.,,,0,https://pubmed.ncbi.nlm.nih.gov/24201284/; https://pubmed.ncbi.nlm.nih.gov/31915380/,"The registry preserves this identity, but independent source evidence is still needed. | This institution is a historical roster label, not a sourced current appointment. | Lab model organisms are not yet source-backed; article-species mentions do not establish a lab model. | Excluded 1 different-given-name candidates; review aliases if any exclusion is unexpected.",,unknown,0,0,0,0,0,0,0,0,1,1
Nicolas Tritsch,early-career awardee,New York University,neuroscience (awardee),Klingenstein-Simons,1,0.1,1,2016;2017;2018;2019;2020;2021;2022;2024;2025,2,1,6,,2021,rising (<=6y),unified_pubmed(full-name/affiliation-or-ORCID),last-author proxy,2025,first-paper proxy,2026-09-05T03:54:33+00:00,3,pi_6266b34be6bd52e9aa168e17f180c895,unified-papers,unreviewed,,unreviewed roster label,,unknown,Cellular and molecular neuroscience; Learning and memory; Motor systems; Neural circuits and behavior; Neurodegeneration and aging,,,unknown,Mouse,Noncanonical GABA co-release from midbrain dopamine neurons; Supporting-cell and hair-cell mechanisms for prehearing auditory activity; Hypothalamic-midbrain pathway for maternal pup retrieval,ATP release; auditory nerve bursts; developing cochlea; dopaminergic axons; GABA co-transmission; inner hair cells; maternal behavior; MPOA Esr1 neurons; pup retrieval; striatal projection neurons; ventral tegmental area; VMAT2-dependent release,source-backed examples,complete,"Selected full-name papers covering auditory development, dopamine cotransmission and maternal-circuit work; closely related auditory and dopamine follow-ups are grouped.",,,0,https://pubmed.ncbi.nlm.nih.gov/17972875/; https://pubmed.ncbi.nlm.nih.gov/20107081/; https://pubmed.ncbi.nlm.nih.gov/20676105/; https://pubmed.ncbi.nlm.nih.gov/23034651/; https://pubmed.ncbi.nlm.nih.gov/24843012/; https://pubmed.ncbi.nlm.nih.gov/29621487/,"The registry preserves this identity, but independent source evidence is still needed. | This institution is a historical roster label, not a sourced current appointment. | Lab model organisms are not yet source-backed; article-species mentions do not establish a lab model.",,unknown,0,0,0,0,0,0,0,1,0,0
Ross Williamson,early-career awardee,University of Pittsburgh,neuroscience (awardee),Klingenstein-Simons,0,0.0,0,2016;2017;2018;2019;2020;2021;2022;2023;2024;2025,0,0,1,,2019,rising (<=6y),unified_pubmed(full-name/affiliation-or-ORCID),last-author proxy,2025,first-paper proxy,2026-09-05T03:54:35+00:00,3,pi_2bdf8f6a775856e4affe1d91fae2a7b9,unified-papers,unreviewed,,unreviewed roster label,,unknown,Computation and cognition; Learning and memory; Neural circuits and behavior; Sensory systems,Optogenetics,,unknown,Mouse,Frameworks for estimating neuronal stimulus-response functions; Motor-preparatory recruitment of auditory corticothalamic neurons; Cell-type-specific deep-layer auditory cortical plasticity after noise trauma,active listening; auditory cortex; auditory cortex plasticity; layer 5 extratelencephalic neurons; layer 6 corticothalamic neurons; model estimation; motor preparatory input; neural coding; noise-induced hearing loss; stimulus-response functions; systems neuroscience,source-backed examples,complete,The batch contained initials-only namesakes; additional PubMed full-name Ross S Williamson papers and Pittsburgh profile evidence support the selected auditory neuroscience contributions.,,,0,https://pubmed.ncbi.nlm.nih.gov/28127278/; https://pubmed.ncbi.nlm.nih.gov/33157020/; https://pubmed.ncbi.nlm.nih.gov/40971419/,"The registry preserves this identity, but independent source evidence is still needed. | This institution is a historical roster label, not a sourced current appointment. | Lab model organisms are not yet source-backed; article-species mentions do not establish a lab model.",,unknown,0,0,0,0,0,0,0,0,0,0
Marie Bechler,early-career awardee,SUNY Upstate Medical University,neuroscience (awardee),Klingenstein-Simons,0,0.0,0,2016;2017;2018;2019;2020;2021;2022;2023;2024;2025,0,0,0,,2025,rising (<=6y),unified_pubmed(full-name/affiliation-or-ORCID),last-author proxy,2025,first-paper proxy,2026-09-05T03:54:36+00:00,3,pi_90a84cbc35f4556cbeb847914ba81df8,unified-papers,unreviewed,,unreviewed roster label,,unknown,,,,unknown,,Oligodendrocyte-intrinsic control of CNS myelin sheath length; Activin receptor signaling in oligodendrocyte differentiation and myelin repair; Tunable-stiffness fiber platform for oligodendrocyte mechanotransduction,activin receptors; Acvr2a; biomimicking fiber platform; CNS myelin sheath length; cortical versus spinal oligodendrocytes; microfiber assay; myelin injury; oligodendrocyte differentiation; oligodendrocyte myelination; oligodendrocyte regional identity; substrate stiffness; YAP-dependent regulation,source-backed examples,complete,Selected full-name myelin/oligodendrocyte papers with distinct biological and platform contributions.,,,0,https://pubmed.ncbi.nlm.nih.gov/26320951/; https://pubmed.ncbi.nlm.nih.gov/29397421/; https://pubmed.ncbi.nlm.nih.gov/32790058/,"The registry preserves this identity, but independent source evidence is still needed. | This institution is a historical roster label, not a sourced current appointment. | Lab model organisms are not yet source-backed; article-species mentions do not establish a lab model.",,unknown,0,0,0,0,0,0,0,0,0,0
Antonio Fernandez-Ruiz,early-career awardee,Cornell University,neuroscience (awardee),"Klingenstein-Simons, Pew Biomedical",1,0.1,1,2016;2017;2018;2019;2020;2021;2022;2024;2025,2,0,2,,2021,rising (<=6y),unified_pubmed(full-name/affiliation-or-ORCID),last-author proxy,2025,first-paper proxy,2026-09-05T03:54:37+00:00,3,pi_0a1c945349b856e7a06d72bbf9f5b4df,unified-papers,unreviewed,,unreviewed roster label,,unknown,Learning and memory; Neural circuits and behavior; Sleep and circadian rhythms,Optogenetics,,unknown,Mouse; Rat,Long-duration hippocampal sharp-wave ripples as memory-enhancing events; Theta-gamma organization of CA3 and entorhinal input timing in hippocampus; Biophysical thresholds and pulse strategy for transcranial electric stimulation,1 mV/mm gradient; CA1 spike timing; CA3 input; current attenuation; entorhinal input; intersectional short pulse; maze learning; memory consolidation; optogenetic ripple prolongation; sharp-wave ripples; theta-gamma coupling; transcranial electric stimulation,source-backed examples,complete,Selected full-name papers on hippocampal oscillations/memory and transcranial stimulation biophysics.,,,0,https://pubmed.ncbi.nlm.nih.gov/25263753/; https://pubmed.ncbi.nlm.nih.gov/28279355/; https://pubmed.ncbi.nlm.nih.gov/29396478/; https://pubmed.ncbi.nlm.nih.gov/31197012/,"The registry preserves this identity, but independent source evidence is still needed. | This institution is a historical roster label, not a sourced current appointment. | Lab model organisms are not yet source-backed; article-species mentions do not establish a lab model.",,unknown,0,0,0,0,0,0,0,1,0,0
Robert Hill,early-career awardee,Dartmouth College,neuroscience (awardee),Klingenstein-Simons,0,0.0,0,2016;2017;2018;2019;2020;2021;2022;2023;2024;2025,1,0,8,,2015,early (<=10y),unified_pubmed(full-name/affiliation-or-ORCID),last-author proxy,2025,first-paper proxy,2026-09-05T03:54:39+00:00,3,pi_d3bdf686019c5a2a88d0e1de3d972e0a,unified-papers,unreviewed,,unreviewed roster label,,unknown,Glia and neuroimmunology; Learning and memory,Imaging and microscopy,,unknown,Mouse,"Arteriolar smooth muscle, not capillary pericytes, controls regional brain blood flow; Age-dependent fate restriction of single NG2 glial cells",arteriolar smooth muscle cells; brain ischemia; capillary pericytes; neurovascular coupling; NG2 cells; oligodendrocyte lineage; postnatal fate restriction; single-cell lineage analysis,source-backed examples,complete,Selected only Robert A Hill neuroscience papers; other full-name Robert Hill candidates have conflicting middle names/fields and were excluded as namesakes.,,,0,https://pubmed.ncbi.nlm.nih.gov/21266410/; https://pubmed.ncbi.nlm.nih.gov/26119027/,"The registry preserves this identity, but independent source evidence is still needed. | This institution is a historical roster label, not a sourced current appointment. | Lab model organisms are not yet source-backed; article-species mentions do not establish a lab model.",,unknown,0,0,0,0,0,0,0,0,0,0
Justus Kebschull,early-career awardee,Johns Hopkins University,neuroscience (awardee),Klingenstein-Simons,0,0.0,0,2016;2017;2018;2019;2020;2021;2022;2023;2024;2025,0,0,0,,2022,rising (<=6y),unified_pubmed(full-name/affiliation-or-ORCID),last-author proxy,2025,first-paper proxy,2026-09-05T03:54:41+00:00,3,pi_a7e2f275660754cf991602613fd6b982,unified-papers,unreviewed,,unreviewed roster label,,unknown,,,,unknown,,MAPseq high-throughput single-neuron projection mapping; BARseq in situ sequencing for spatially resolved projection mapping; Cerebellar nuclei evolution by duplication of conserved cell-type sets,auditory cortex projections; barcoded anatomy; barcoded RNA; BARseq; cell-type set duplication; cerebellar nuclei; in situ sequencing; locus coeruleus targets; MAPseq; single-neuron projections; single-nucleus RNA-seq; STARmap,source-backed examples,complete,Selected full-name projection-mapping tools and a distinct comparative cerebellar cell-type/evolution finding.,,,0,https://pubmed.ncbi.nlm.nih.gov/27545715/; https://pubmed.ncbi.nlm.nih.gov/31626774/; https://pubmed.ncbi.nlm.nih.gov/33335034/,"The registry preserves this identity, but independent source evidence is still needed. | This institution is a historical roster label, not a sourced current appointment. | Lab model organisms are not yet source-backed; article-species mentions do not establish a lab model.",,unknown,0,0,0,0,0,0,0,0,0,0
Aakanksha Singhvi,early-career awardee,Fred Hutchinson Cancer Center,neuroscience (awardee),Klingenstein-Simons,0,0.0,0,2016;2017;2018;2019;2020;2021;2022;2023;2024;2025,0,1,9,,2021,rising (<=6y),unified_pubmed(full-name/affiliation-or-ORCID),last-author proxy,2025,first-paper proxy,2026-09-05T03:54:42+00:00,3,pi_241fa8f5a9c05bac831ad7ef5746bda0,unified-papers,unreviewed,,unreviewed roster label,,unknown,Cellular and molecular neuroscience; Glia and neuroimmunology; Neural circuits and behavior; Sensory systems,Sequencing and transcriptomics,,unknown,C. elegans; Drosophila,Glial K/Cl transporter control of sensory-neuron receptive ending shape; PROS-1 regulation of glial secretome controlling sensory-neuron form and function; Activity-linked glial phagocytosis sculpting sensory endings and behavior,AFD receptive ending; AFD thermosensory neuron; AMsh glia; C. elegans glia; chloride inhibition of GCY-8; glia-directed pruning; glial secretome; KCC-3 transporter; phagocytosis machinery; PROS-1 Prospero; sensory-neuron receptive endings; thermosensory behavior,source-backed examples,complete,"Selected full-name papers centered on glia-sensory neuron interactions in C. elegans, preserving coauthor context.",,,0,https://pubmed.ncbi.nlm.nih.gov/27062922/; https://pubmed.ncbi.nlm.nih.gov/27068465/; https://pubmed.ncbi.nlm.nih.gov/33759761/,"The registry preserves this identity, but independent source evidence is still needed. | This institution is a historical roster label, not a sourced current appointment. | Lab model organisms are not yet source-backed; article-species mentions do not establish a lab model.",,unknown,0,0,0,0,0,0,0,0,0,0
Hume Stroud,early-career awardee,University of Texas Southwestern Medical Center,neuroscience (awardee),Klingenstein-Simons,0,0.0,0,2016;2017;2018;2019;2020;2021;2022;2023;2024;2025,1,0,1,,2025,rising (<=6y),unified_pubmed(full-name/affiliation-or-ORCID),last-author proxy,2025,first-paper proxy,2026-09-05T03:54:44+00:00,3,pi_5ada0237b6ca53549d24c194bedb9939,unified-papers,unreviewed,,unreviewed roster label,,unknown,,,,unknown,Mouse,Comprehensive Arabidopsis methylome maps across gene-silencing mutants; Non-CG methylation mechanisms shaping Arabidopsis epigenetic landscapes; MeCP2-dependent repression of long genes disrupted in Rett syndrome,86 silencing mutants; Arabidopsis methylome; CMT2 methyltransferase; epigenetic regulators; H3K9 dimethylation; long gene expression; MeCP2; methylated CA sites; non-CG methylation; Rett syndrome; single-nucleotide DNA methylation; small RNA accumulation,source-backed examples,complete,Selected full-name papers spanning epigenomic resources/mechanisms and a neuroscience-relevant Rett syndrome mechanism.,,,0,https://pubmed.ncbi.nlm.nih.gov/23313553/; https://pubmed.ncbi.nlm.nih.gov/24336224/; https://pubmed.ncbi.nlm.nih.gov/25762136/,"The registry preserves this identity, but independent source evidence is still needed. | This institution is a historical roster label, not a sourced current appointment. | Lab model organisms are not yet source-backed; article-species mentions do not establish a lab model.",,unknown,0,0,0,0,0,0,0,0,0,0
Steffen Wolff,early-career awardee,University of Maryland School of Medicine,neuroscience (awardee),Klingenstein-Simons,0,0.0,0,2016;2017;2018;2019;2020;2021;2022;2023;2024;2025,0,0,0,,,unknown,unified_pubmed(full-name/affiliation-or-ORCID),last-author proxy,2025,,2026-09-05T03:54:45+00:00,3,pi_644c038685ed5541ac56a9fc7811490a,unified-papers,unreviewed,,unreviewed roster label,,unknown,,,,unknown,,Central amygdala inhibitory-circuit coding of conditioned fear; Basolateral amygdala interneuron subtypes controlling fear learning by disinhibition; Long-range amygdala-prefrontal pathways specifying fear and extinction states,basal amygdala projections; basolateral amygdala; CEl-CEm pathway; central amygdala; conditioned fear; fear conditioning; fear extinction; infralimbic cortex; inhibitory microcircuits; parvalbumin interneurons; prelimbic cortex; somatostatin interneurons,source-backed examples,complete,"Selected full-name fear-circuit papers that represent distinct local, central-amygdala and long-range circuit mechanisms.",,,0,https://pubmed.ncbi.nlm.nih.gov/21068837/; https://pubmed.ncbi.nlm.nih.gov/24462103/; https://pubmed.ncbi.nlm.nih.gov/24814341/,"The registry preserves this identity, but independent source evidence is still needed. | This institution is a historical roster label, not a sourced current appointment. | Lab model organisms are not yet source-backed; article-species mentions do not establish a lab model.",,unknown,0,0,0,0,0,0,0,0,0,0
Meg Younger,early-career awardee,Boston University,neuroscience (awardee),"Klingenstein-Simons, NIH DP2, Pew Biomedical, Searle Scholar",1,0.1,1,2016;2017;2018;2019;2020;2021;2023;2024;2025,0,0,4,,2022,rising (<=6y),unified_pubmed(full-name/affiliation-or-ORCID),last-author proxy,2025,first-paper proxy,2026-09-05T03:54:46+00:00,3,pi_01a01ee01bba55e09a52f1cd022d9786,unified-papers,unreviewed,,unreviewed roster label,,unknown,Neural circuits and behavior; Sensory systems,Imaging and microscopy,,unknown,,Noncanonical chemosensory receptor co-expression in mosquito odor coding; ppk301 channel control of freshwater egg-laying decisions in Aedes aegypti; Presynaptic DEG/ENaC channel control of synaptic homeostatic plasticity,Aedes aegypti; Aedes aegypti oviposition; chemosensory receptor co-expression; Drosophila neuromuscular junction; freshwater sensing; homeostatic plasticity; human odor attraction; olfactory sensory neurons; ppk11 ppk16; ppk301; presynaptic calcium channels; salt avoidance,source-backed examples,complete,Selected full-name papers on mosquito sensory coding/behavior and an earlier synaptic homeostasis mechanism.,,,0,https://pubmed.ncbi.nlm.nih.gov/23973209/; https://pubmed.ncbi.nlm.nih.gov/31112133/; https://pubmed.ncbi.nlm.nih.gov/35985288/,"The registry preserves this identity, but independent source evidence is still needed. | This institution is a historical roster label, not a sourced current appointment. | Lab model organisms are not yet source-backed; article-species mentions do not establish a lab model.",,unknown,0,0,0,0,0,0,1,0,0,0
Eviatar Yemini,early-career awardee,UMass Chan Medical School,neuroscience (awardee),Klingenstein-Simons,0,0.0,0,2016;2017;2018;2019;2020;2021;2022;2023;2024;2025,0,0,0,,,unknown,unified_pubmed(full-name/affiliation-or-ORCID),last-author proxy,2025,,2026-09-05T03:54:48+00:00,3,pi_7ff4085f73095d588db28fc6d4434565,unified-papers,unreviewed,,unreviewed roster label,,unknown,,,,unknown,,NeuroPAL multicolor atlas for whole-brain neuronal identification in C. elegans; Single-neuron molecular topography of the C. elegans nervous system; Global brain dynamics embedding C. elegans motor-command sequences,brain-wide calcium imaging; C. elegans behavior; C. elegans nervous system; C. elegans neuron identity; CeNGEN; motor command sequence; multicolor landmarks; NeuroPAL; neuropeptide codes; run-and-turn cycles; single-neuron expression profiles; whole-brain imaging,source-backed examples,complete,Selected full-name C. elegans whole-nervous-system tools/resources and brain-dynamics findings.,,,0,https://pubmed.ncbi.nlm.nih.gov/26478179/; https://pubmed.ncbi.nlm.nih.gov/33378642/; https://pubmed.ncbi.nlm.nih.gov/34237253/,"The registry preserves this identity, but independent source evidence is still needed. | This institution is a historical roster label, not a sourced current appointment. | Lab model organisms are not yet source-backed; article-species mentions do not establish a lab model.",,unknown,0,0,0,0,0,0,0,0,0,0
Lejla Zubcevic,early-career awardee,University of Kansas Medical Center,neuroscience (awardee),Klingenstein-Simons,0,0.0,0,2016;2017;2018;2019;2020;2021;2022;2023;2024;2025,0,0,4,,2020,rising (<=6y),unified_pubmed(full-name/affiliation-or-ORCID),last-author proxy,2025,first-paper proxy,2026-09-05T03:54:48+00:00,3,pi_43445f2bb1445ea9a942ffa03eb739fa,unified-papers,unreviewed,,unreviewed roster label,,unknown,Cellular and molecular neuroscience,Electrophysiology; Imaging and microscopy,,unknown,Rat,TRPV2 structural mechanisms of gating and selectivity-filter plasticity; Cryo-EM structure of the TRPM8 cold- and menthol-sensing channel; Structural basis of electrophile irritant sensing by human TRPA1,C621 recognition; cold sensing; covalent agonists; cryo-EM; electrophile irritants; human TRPA1; large organic cation permeation; menthol-binding site; selectivity filter gating; TRPM8; TRPV2; voltage-sensor-like domain,source-backed examples,complete,"Selected full-name structural ion-channel papers, grouping closely related TRPV2 structures.",,,0,https://pubmed.ncbi.nlm.nih.gov/26779611/; https://pubmed.ncbi.nlm.nih.gov/29217583/; https://pubmed.ncbi.nlm.nih.gov/29728656/; https://pubmed.ncbi.nlm.nih.gov/31866091/,"The registry preserves this identity, but independent source evidence is still needed. | This institution is a historical roster label, not a sourced current appointment. | Lab model organisms are not yet source-backed; article-species mentions do not establish a lab model.",,unknown,0,0,0,0,0,0,0,0,0,0
Ritchie Chen,early-career awardee,"University of California, San Francisco",neuroscience (awardee),Klingenstein-Simons,0,0.0,0,2016;2017;2018;2019;2020;2021;2022;2023;2024;2025,0,0,1,,,unknown,unified_pubmed(full-name/affiliation-or-ORCID),last-author proxy,2025,,2026-09-05T03:54:50+00:00,3,pi_6cfb4352e7595ae2a79aacf6f4441b14,unified-papers,unreviewed,,unreviewed roster label,,unknown,,,,unknown,,Deep-brain optogenetics without intracranial surgery; Cardiogenic control of affective behavioral state; Convergent hypothalamus-brainstem circuits for defensive behavior,affective behavior; behavioral state transitions; cardiac pacing; convergent circuits; deep brain optogenetics; defensive behavior; heart-brain circuits; hypothalamus-brainstem pathways; insula-related brain activity; noninvasive light delivery; red-shifted opsins; subcortical circuits,source-backed examples,complete,The batch initials-only Chen papers were namesake-prone and not used; additional PubMed full-name Ritchie Chen papers and UCSF profile evidence support these selections.,,,0,https://pubmed.ncbi.nlm.nih.gov/32572237/; https://pubmed.ncbi.nlm.nih.gov/33020604/; https://pubmed.ncbi.nlm.nih.gov/36859543/,"The registry preserves this identity, but independent source evidence is still needed. | This institution is a historical roster label, not a sourced current appointment. | Lab model organisms are not yet source-backed; article-species mentions do not establish a lab model. | Excluded 4 different-given-name candidates; review aliases if any exclusion is unexpected.",,unknown,0,0,0,0,0,0,0,0,0,0
SueYeon Chung,early-career awardee,New York University,neuroscience (awardee),Klingenstein-Simons,0,0.0,0,2016;2017;2018;2019;2020;2021;2022;2023;2024;2025,0,0,4,,2023,rising (<=6y),unified_pubmed(full-name/affiliation-or-ORCID),last-author proxy,2025,first-paper proxy,2026-09-05T03:54:52+00:00,3,pi_180d6ef832435b6482dd136a4a7c7a83,unified-papers,unreviewed,,unreviewed roster label,,unknown,Learning and memory; Sensory systems,,,unknown,,Geometry and separability of object manifolds in deep neural networks; Theory of linear readout for object manifolds; Cutting-plane method for learning data manifolds,classification capacity; cutting plane method; data manifolds; deep neural networks; linear readout; neural classification; neural computation; object manifolds; population geometry; representation learning; statistical physics,source-backed examples,complete,The batch initials-only Chung papers were not used; additional PubMed full-name papers and Simons profile evidence support SueYeon Chung computational-neuroscience contributions.,,,0,https://pubmed.ncbi.nlm.nih.gov/27415193/; https://pubmed.ncbi.nlm.nih.gov/30148702/; https://pubmed.ncbi.nlm.nih.gov/32029727/,"The registry preserves this identity, but independent source evidence is still needed. | This institution is a historical roster label, not a sourced current appointment. | Lab model organisms are not yet source-backed; article-species mentions do not establish a lab model. | Excluded 1 different-given-name candidates; review aliases if any exclusion is unexpected.",,unknown,0,0,0,0,0,0,0,0,0,0
Fenna Krienen,early-career awardee,Princeton University,neuroscience (awardee),"Klingenstein-Simons, NIH DP2, Pew Biomedical",0,0.0,0,2016;2017;2018;2019;2020;2021;2022;2023;2024;2025,0,0,0,,2025,rising (<=6y),unified_pubmed(full-name/affiliation-or-ORCID),last-author proxy,2025,first-paper proxy,2026-09-05T03:54:53+00:00,3,pi_fa24c9eb4c895beabb3fddc662a89951,unified-papers,unreviewed,,unreviewed roster label,,unknown,,,,unknown,,Intrinsic functional organization of large-scale human cerebral cortex networks; Intrinsic functional maps of human cerebrocerebellar circuits; Adult mouse brain molecular cell atlas across regions,1000 subjects; 565 cell populations; adult mouse brain; association cortex networks; association networks; cerebellar topography; cerebrocerebellar circuits; Drop-seq; DropViz; resting-state fcMRI; surface-based alignment,source-backed examples,complete,Selected full-name systems and cell-atlas papers across human functional networks and adult mouse brain molecular diversity.,,,0,https://pubmed.ncbi.nlm.nih.gov/19592571/; https://pubmed.ncbi.nlm.nih.gov/21653723/; https://pubmed.ncbi.nlm.nih.gov/21795627/; https://pubmed.ncbi.nlm.nih.gov/30096299/,"The registry preserves this identity, but independent source evidence is still needed. | This institution is a historical roster label, not a sourced current appointment. | Lab model organisms are not yet source-backed; article-species mentions do not establish a lab model.",,unknown,0,0,0,0,0,0,0,0,0,0
Ken Loh,early-career awardee,Yale University,neuroscience (awardee),Klingenstein-Simons,0,0.0,0,2016;2017;2018;2019;2020;2021;2022;2023;2024;2025,0,0,1,,2017,early (<=10y),unified_pubmed(full-name/affiliation-or-ORCID),last-author proxy,2025,first-paper proxy,2026-09-05T03:54:55+00:00,3,pi_577da147638256fea760afac293b1c63,unified-papers,unreviewed,,unreviewed roster label,,unknown,Neurodegeneration and aging,,,unknown,,APEX2 protocol for spatially resolved proteomic mapping in living cells; Proteomic mapping of excitatory and inhibitory synaptic clefts; Leptin-BDNF pathway regulating sympathetic innervation of adipose tissue,APEX2; BDNF PVH neurons; energy homeostasis; enzymatic tagging; excitatory synapses; inhibitory synapses; leptin signaling; living-cell compartments; proximity biotinylation; SILAC proteomics; sympathetic adipose innervation; synaptic cleft proteomes,source-backed examples,complete,Selected full-name papers on spatial proteomics and a neural control pathway for adipose innervation; endocrine namesakes were excluded.,,,0,https://pubmed.ncbi.nlm.nih.gov/26866790/; https://pubmed.ncbi.nlm.nih.gov/27565350/; https://pubmed.ncbi.nlm.nih.gov/32699414/,"The registry preserves this identity, but independent source evidence is still needed. | This institution is a historical roster label, not a sourced current appointment. | Lab model organisms are not yet source-backed; article-species mentions do not establish a lab model. | Excluded 3 different-given-name candidates; review aliases if any exclusion is unexpected.",,unknown,0,0,0,0,0,0,0,0,0,0
Brittany D. Needham,early-career awardee,Indiana University,neuroscience (awardee),"Klingenstein-Simons, Searle Scholar",1,0.1,1,2016;2017;2018;2019;2020;2021;2022;2023;2025,0,0,2,,2022,rising (<=6y),unified_pubmed(full-name/affiliation-or-ORCID),last-author proxy,2025,first-paper proxy,2026-09-05T03:54:56+00:00,3,pi_ae8e273af35550dc98c1d8c487544add,unified-papers,unreviewed,,unreviewed roster label,,unknown,Glia and neuroimmunology; Neural circuits and behavior,,,unknown,Mouse,"Gut-derived 4EPS metabolite effects on brain activity, myelination and anxiety-like behavior; Gut bacterial amyloid promotion of alpha-synuclein pathology and motor impairment; Microbiota regulation of social behavior through stress-response neurons",4-ethylphenyl sulfate; alpha-synuclein aggregation; anxiety-like behavior; CRH neurons; curli amyloid; gut microbiome; gut-brain axis; HPA axis corticosterone; microbiota depletion; motor impairment; oligodendrocyte maturation; social behavior,source-backed examples,complete,"Selected full-name gut-brain/microbiome papers, with original findings bounded to mouse or cohort contexts.",,,0,https://pubmed.ncbi.nlm.nih.gov/32043464/; https://pubmed.ncbi.nlm.nih.gov/34194038/; https://pubmed.ncbi.nlm.nih.gov/35165440/,"The registry preserves this identity, but independent source evidence is still needed. | This institution is a historical roster label, not a sourced current appointment. | Lab model organisms are not yet source-backed; article-species mentions do not establish a lab model.",,unknown,0,0,0,0,0,0,0,0,1,0
Lu Sun,early-career awardee,University of Texas Southwestern Medical Center,neuroscience (awardee),Klingenstein-Simons,0,0.0,0,2016;2017;2018;2019;2020;2021;2022;2023;2024;2025,1,0,4,,2009,established,unified_pubmed(full-name/affiliation-or-ORCID),last-author proxy,2025,first-paper proxy,2026-09-05T03:54:58+00:00,3,pi_f1f6491a9da0523c827f31d9a1bfeaaf,unified-papers,unreviewed,,unreviewed roster label,,unknown,Glia and neuroimmunology; Neural circuits and behavior,,,unknown,Mouse,Developmental single-cell atlas of microglia and brain myeloid cells; Spatially preferred oligodendrocyte populations and differential injury responses; Autophagy-apoptosis control of oligodendrocyte number,apoptosis; autophagy flux; developing brain; disease-associated microglia; mature oligodendrocyte heterogeneity; microglia single-cell RNA-seq; oligodendrocyte number control; PAM subset; premyelinating oligodendrocytes; single-cell transcriptomics; spatial preference; spinal cord injury,source-backed examples,complete,Selected Lu O Sun neuroglia/myelin papers; the unrelated full-name melanoma and initials-only namesake records were excluded.,,,0,https://pubmed.ncbi.nlm.nih.gov/30606613/; https://pubmed.ncbi.nlm.nih.gov/33203872/; https://pubmed.ncbi.nlm.nih.gov/37543947/,"The registry preserves this identity, but independent source evidence is still needed. | This institution is a historical roster label, not a sourced current appointment. | Lab model organisms are not yet source-backed; article-species mentions do not establish a lab model. | Excluded 1 different-given-name candidates; review aliases if any exclusion is unexpected.",,unknown,0,0,0,0,0,0,0,0,0,0
Emily Sylwestrak,early-career awardee,University of Oregon,neuroscience (awardee),Klingenstein-Simons,0,0.0,0,2016;2017;2018;2019;2020;2021;2022;2023;2024;2025,0,0,0,,2025,rising (<=6y),unified_pubmed(full-name/affiliation-or-ORCID),last-author proxy,2025,first-paper proxy,2026-09-05T03:54:59+00:00,3,pi_26c4d16dd565586baaa7db450e6cb6be,unified-papers,unreviewed,,unreviewed roster label,,unknown,,,,unknown,,Elfn1 control of target-specific release probability at hippocampal synapses; Multiplexed and three-dimensional intact-tissue RNA mapping methods; Cell-type-specific population dynamics for reward computations in habenula,cell-type-specific electrophysiology; Elfn1; facilitating synapses; habenula; in situ sequencing; intact-tissue RNA labeling; line-attractor dynamics; O-LM interneurons; release probability; reward-predictive cues; single-cell spatial transcriptomics; STARmap,source-backed examples,complete,"Selected full-name synapse, spatial-transcriptomics and cell-type-specific reward-computation papers; related intact-tissue methods are grouped.",,,0,https://pubmed.ncbi.nlm.nih.gov/23042292/; https://pubmed.ncbi.nlm.nih.gov/26871636/; https://pubmed.ncbi.nlm.nih.gov/29930089/; https://pubmed.ncbi.nlm.nih.gov/36113428/,"The registry preserves this identity, but independent source evidence is still needed. | This institution is a historical roster label, not a sourced current appointment. | Lab model organisms are not yet source-backed; article-species mentions do not establish a lab model.",,unknown,0,0,0,0,0,0,0,0,0,0
Brady Weissbourd,early-career awardee,Massachusetts Institute of Technology,neuroscience (awardee),"Klingenstein-Simons, Searle Scholar",0,0.0,0,2016;2017;2018;2019;2020;2021;2022;2023;2024;2025,0,0,0,,,unknown,unified_pubmed(full-name/affiliation-or-ORCID),last-author proxy,2025,,2026-09-05T03:55:01+00:00,3,pi_f31e4b9090705e9b9c97e92b6c2f0939,unified-papers,unreviewed,,unreviewed roster label,,unknown,,,,unknown,,Genetically tractable Clytia jellyfish model for systems and evolutionary neuroscience; Whole-animal single-cell atlas of Clytia medusa cell states,Clytia hemisphaerica; Clytia medusa; evolutionary neuroscience; genetic tractability; multiplexed single-cell RNA-seq; perturbation response; whole-animal cell atlas; whole-organism calcium imaging,source-backed examples,complete,The batch B Weissbourd social-service records were not used; MIT profile verifies Brandon (Brady) Weissbourd and PubMed full-name papers support the selected Clytia work.,,,0,https://pubmed.ncbi.nlm.nih.gov/34822783/; https://pubmed.ncbi.nlm.nih.gov/34826233/,"The registry preserves this identity, but independent source evidence is still needed. | This institution is a historical roster label, not a sourced current appointment. | Lab model organisms are not yet source-backed; article-species mentions do not establish a lab model.",,unknown,0,0,0,0,0,0,0,0,0,0
Kevin Yackle,early-career awardee,"University of California, San Francisco",neuroscience (awardee),Klingenstein-Simons,0,0.0,0,2016;2017;2018;2019;2020;2021;2022;2023;2024;2025,1,2,4,,2020,rising (<=6y),unified_pubmed(full-name/affiliation-or-ORCID),last-author proxy,2025,first-paper proxy,2026-09-05T03:55:02+00:00,3,pi_a5252ab8ceef5da4bda27cc1bacff894,unified-papers,unreviewed,,unreviewed roster label,,unknown,Neural circuits and behavior; Sensory systems,,,unknown,Human; Mouse,"Two small brainstem sites mediating opioid-induced respiratory depression; β-arrestin 2 knockout re-test of opioid respiratory depression mechanism; Brainstem iRO coordination of neonatal cries, breathing and intonation",biased agonist rationale; breathing coordination; breathing rhythm; intermediate reticular oscillator; mu-opioid receptor; neonatal mouse vocalizations; opioid respiratory depression; preBötzinger Complex; respiratory depression; vocal intonation; β-arrestin 2,source-backed examples,complete,Selected full-name respiratory and vocalization papers from mouse brainstem work; review-style quick guide was excluded.,,,0,https://pubmed.ncbi.nlm.nih.gov/32073401/; https://pubmed.ncbi.nlm.nih.gov/34002697/; https://pubmed.ncbi.nlm.nih.gov/34998469/; https://pubmed.ncbi.nlm.nih.gov/38963785/,"The registry preserves this identity, but independent source evidence is still needed. | This institution is a historical roster label, not a sourced current appointment. | Lab model organisms are not yet source-backed; article-species mentions do not establish a lab model.",,unknown,0,0,0,0,0,0,0,0,0,0
Vineet Augustine,early-career awardee,"University of California, San Diego",neuroscience (awardee),"Klingenstein-Simons, Searle Scholar",0,0.0,0,2016;2017;2018;2019;2020;2021;2022;2023;2024;2025,0,0,0,,2023,rising (<=6y),unified_pubmed(full-name/affiliation-or-ORCID),last-author proxy,2025,first-paper proxy,2026-09-05T03:55:03+00:00,3,pi_dc871c2c689156bb8ce5eb68a51de50a,unified-papers,unreviewed,,unreviewed roster label,,unknown,,,,unknown,,Hierarchical lamina-terminalis circuits regulating thirst; Temporally and anatomically distinct thirst-satiation signals; NPY2R vagal sensory neurons mediating Bezold-Jarisch reflex and syncope,Bezold-Jarisch reflex; dopamine sensor; GLP1R inhibitory satiety; gut osmolality; lamina terminalis; MnPO neurons; NPY2R; oropharyngeal stimuli; SFO thirst neurons; syncope; thirst satiation; vagal sensory neurons,source-backed examples,complete,Selected full-name papers on fluid-homeostasis circuits and a newer vagal cardiac reflex/syncope circuit.,,,0,https://pubmed.ncbi.nlm.nih.gov/29489747/; https://pubmed.ncbi.nlm.nih.gov/31153646/; https://pubmed.ncbi.nlm.nih.gov/37914931/,"The registry preserves this identity, but independent source evidence is still needed. | This institution is a historical roster label, not a sourced current appointment. | Lab model organisms are not yet source-backed; article-species mentions do not establish a lab model.",,unknown,0,0,0,0,0,0,0,0,0,0
Jeeyun Chung,early-career awardee,Harvard University,neuroscience (awardee),Klingenstein-Simons,0,0.0,0,2016;2017;2018;2019;2020;2021;2022;2023;2024;2025,0,0,0,,2015,early (<=10y),unified_pubmed(full-name/affiliation-or-ORCID),last-author proxy,2025,first-paper proxy,2026-09-05T03:55:04+00:00,3,pi_c2e3b79e1e8e539cbbb8d3e80c4b357b,unified-papers,unreviewed,,unreviewed roster label,,unknown,,,,unknown,,ORP5/ORP8-mediated PI4P-phosphatidylserine countertransport at ER-plasma membrane contacts; Seipin transmembrane-segment functions in triglyceride nucleation and lipid-droplet budding; Spartin-mediated selective autophagy of lipid droplets,ER-plasma membrane contacts; lipid droplet biogenesis; lipid droplets; lipophagy; membrane budding; ORP5 ORP8; PI4P phosphatidylserine exchange; Sac1; seipin; spartin; triglyceride nucleation; Troyer syndrome,source-backed examples,complete,"Selected full-name membrane/lipid biology papers; initials-only pain, renal and unrelated Chung records were excluded.",,,1,https://pubmed.ncbi.nlm.nih.gov/26206935/; https://pubmed.ncbi.nlm.nih.gov/35583926/; https://pubmed.ncbi.nlm.nih.gov/37443287/,"The registry preserves this identity, but independent source evidence is still needed. | This institution is a historical roster label, not a sourced current appointment. | Lab model organisms are not yet source-backed; article-species mentions do not establish a lab model. | 1 candidate papers remain unresolved and are not included in totals.",,unknown,0,0,0,0,0,0,0,0,0,0
Linlin Fan,early-career awardee,Massachusetts Institute of Technology,neuroscience (awardee),"Klingenstein-Simons, Searle Scholar",0,0.0,0,2016;2017;2018;2019;2020;2021;2022;2023;2024;2025,0,0,0,,,unknown,unified_pubmed(full-name/affiliation-or-ORCID),last-author proxy,2025,,2026-09-05T03:55:05+00:00,3,pi_99af21ae0844511c9a5b4c933d27946b,unified-papers,unreviewed,,unreviewed roster label,,unknown,,,,unknown,,All-optical dissection of cortical layer 1 lateral inhibition; Synaptic basis for behavioral-timescale hippocampal plasticity; In vivo endocannabinoid signaling at inhibitory hippocampal synapses,all-optical electrophysiology; all-optical physiology; behavioral-timescale plasticity; cortical layer 1; endocannabinoid signaling; hippocampal CA1; hippocampus; in vivo plasticity; inhibitory synapses; lateral inhibition; mouse barrel cortex; mouse navigation; place cells; synaptic mechanisms; voltage imaging,source-backed examples,complete,Additional PubMed and MIT profile evidence was needed because the supplied candidate list contained initials-only namesakes; selected full-name Linlin Z. Fan neuroscience papers.,,,0,https://pubmed.ncbi.nlm.nih.gov/31978320/; https://pubmed.ncbi.nlm.nih.gov/36669484/; https://pubmed.ncbi.nlm.nih.gov/38422134/,"The registry preserves this identity, but independent source evidence is still needed. | This institution is a historical roster label, not a sourced current appointment. | Lab model organisms are not yet source-backed; article-species mentions do not establish a lab model.",,unknown,0,0,0,0,0,0,0,0,0,0
Jordan Farrell,early-career awardee,Boston Children's Hospital,neuroscience (awardee),Klingenstein-Simons,0,0.0,0,2016;2017;2018;2019;2020;2021;2022;2023;2024;2025,0,0,0,,2007,established,unified_pubmed(full-name/affiliation-or-ORCID),last-author proxy,2025,first-paper proxy,2026-09-05T03:55:06+00:00,3,pi_c676046e369d53af936fe288f46183d2,unified-papers,unreviewed,,unreviewed roster label,,unknown,,,,unknown,,Behavior-linked endocannabinoid signaling at inhibitory synapses; Fasciola cinereum as a hippocampal-tail epilepsy target; BARNI chemogenetic inhibition for seizure control,acetylcholine receptor; BARNI; CA1 place cells; chemogenetics; endocannabinoids; epilepsy; fasciola cinereum; hippocampal tail; inhibitory synapses; mouse navigation; neuronal inhibition; retrograde signaling; seizure control; seizure node; targeted ablation,source-backed examples,complete,The supplied candidates were initials-only namesakes; additional PubMed records with full Jordan S. Farrell authorship support these neuroscience contributions.,,,0,https://pubmed.ncbi.nlm.nih.gov/38238329/; https://pubmed.ncbi.nlm.nih.gov/38422134/; https://pubmed.ncbi.nlm.nih.gov/38632391/,"The registry preserves this identity, but independent source evidence is still needed. | This institution is a historical roster label, not a sourced current appointment. | Lab model organisms are not yet source-backed; article-species mentions do not establish a lab model.",,unknown,0,0,0,0,0,0,0,0,0,0
Anna K. Gillespie,early-career awardee,University of Washington,neuroscience (awardee),Klingenstein-Simons,0,0.0,0,2016;2017;2018;2019;2020;2021;2022;2023;2024;2025,0,0,1,,2025,rising (<=6y),unified_pubmed(full-name/affiliation-or-ORCID),last-author proxy,2025,first-paper proxy,2026-09-05T03:55:08+00:00,3,pi_0520b53d943d54d39432ea0a5774a560,unified-papers,unreviewed,,unreviewed roster label,,unknown,,,,unknown,,ApoE4 disruption of sharp-wave-ripple slow gamma; Interneuron progenitor transplantation rescues ApoE4 mouse memory; Hippocampal replay reflects past rewarded experience,amyloid-beta models; ApoE4 knock-in mice; awake replay; dentate hilus; GABAergic interneurons; hippocampus; interneuron progenitor transplantation; learning and memory; memory-guided behavior; rewarded locations; sharp-wave ripples; slow gamma oscillations; spatial choice,source-backed examples,complete,"Selected three full-name, neuroscience primary papers spanning Alzheimer-model circuit physiology, cell replacement, and hippocampal replay.",,,0,https://pubmed.ncbi.nlm.nih.gov/25031394/; https://pubmed.ncbi.nlm.nih.gov/27161522/; https://pubmed.ncbi.nlm.nih.gov/34450026/,"The registry preserves this identity, but independent source evidence is still needed. | This institution is a historical roster label, not a sourced current appointment. | Lab model organisms are not yet source-backed; article-species mentions do not establish a lab model.",,unknown,0,0,0,0,0,0,0,0,0,0
Eirene Markenscoff-Papadimitriou,early-career awardee,Cornell University,neuroscience (awardee),Klingenstein-Simons,0,0.0,0,2016;2017;2018;2019;2020;2021;2022;2023;2024;2025,0,0,1,,2025,rising (<=6y),unified_pubmed(full-name/affiliation-or-ORCID),last-author proxy,2025,first-paper proxy,2026-09-05T03:55:09+00:00,3,pi_9c0c88a8ff2e5474936bf5da0a476fab,unified-papers,unreviewed,,unreviewed roster label,,unknown,Development,,,unknown,,Genome-wide MEF2 program for synapse development; Activity-regulated neuronal enhancers and eRNAs; Enhancer interaction networks for singular olfactory receptor expression,activity-dependent transcription; activity-regulated transcription; alternative polyadenylation; Bptf; CBP; enhancer interactions; enhancer RNAs; interchromosomal contacts; MEF2; mouse cortical neurons; neurodevelopmental disorders; neuronal enhancers; olfactory receptor genes; singular expression; synaptic target genes,source-backed examples,complete,"Selected full-name primary papers on neuronal activity-regulated gene programs, olfactory receptor chromatin, and enhancer networks.",,,0,https://pubmed.ncbi.nlm.nih.gov/19109909/; https://pubmed.ncbi.nlm.nih.gov/20393465/; https://pubmed.ncbi.nlm.nih.gov/25417106/,"The registry preserves this identity, but independent source evidence is still needed. | This institution is a historical roster label, not a sourced current appointment. | Lab model organisms are not yet source-backed; article-species mentions do not establish a lab model.",,unknown,0,0,0,0,0,0,0,0,0,0
Vijay Mohan K. Namboodiri,early-career awardee,"University of California, San Francisco",neuroscience (awardee),"Klingenstein-Simons, Pew Biomedical",0,0.0,0,2016;2017;2018;2019;2020;2021;2022;2023;2024;2025,0,0,1,,2022,rising (<=6y),unified_pubmed(full-name/affiliation-or-ORCID),last-author proxy,2025,first-paper proxy,2026-09-05T03:55:11+00:00,3,pi_a896f163266a503aa17f15a4037e2ca4,unified-papers,unreviewed,,unreviewed roster label,,unknown,Learning and memory; Neural circuits and behavior,,,unknown,Mouse,Divergent prefrontal output circuits for reward seeking; Orbitofrontal neurons maintain long-term cue-reward memory; Mesolimbic dopamine release conveys causal associations,behavioral adaptation; causal associations; conditioned reward seeking; corticostriatal neurons; corticothalamic neurons; cue-reward memory; dopamine release; mesolimbic dopamine; orbitofrontal cortex; prefrontal cortex; retrospective causal learning; reward learning; reward-predictive cues; single-cell tracking; VTA projections,source-backed examples,complete,Selected full-name primary papers on reward-circuit coding and dopamine learning signals; review article was not used.,,,0,https://pubmed.ncbi.nlm.nih.gov/28225752/; https://pubmed.ncbi.nlm.nih.gov/31160741/; https://pubmed.ncbi.nlm.nih.gov/36480599/,"The registry preserves this identity, but independent source evidence is still needed. | This institution is a historical roster label, not a sourced current appointment. | Lab model organisms are not yet source-backed; article-species mentions do not establish a lab model.",,unknown,0,0,0,0,0,0,0,0,0,0
Anders Nelson,early-career awardee,New York University,neuroscience (awardee),Klingenstein-Simons,0,0.0,0,2016;2017;2018;2019;2020;2021;2022;2023;2024;2025,0,0,1,,,unknown,unified_pubmed(full-name/affiliation-or-ORCID),last-author proxy,2025,,2026-09-05T03:55:12+00:00,3,pi_5a62ab61583b5b398a08a664a5a5e570,unified-papers,unreviewed,,unreviewed roster label,,unknown,Cellular and molecular neuroscience; Motor systems,,,unknown,Mouse,Synaptic and circuit basis for auditory corollary discharge,auditory cortex; corollary discharge; movement-related suppression; parvalbumin interneurons; secondary motor cortex,source-backed examples,complete,Only one supplied paper has a full-name match and coherent neuroscience context; initials-only namesakes were excluded.,,,0,https://pubmed.ncbi.nlm.nih.gov/25162524/,"The registry preserves this identity, but independent source evidence is still needed. | This institution is a historical roster label, not a sourced current appointment. | Lab model organisms are not yet source-backed; article-species mentions do not establish a lab model. | Excluded 5 different-given-name candidates; review aliases if any exclusion is unexpected.",,unknown,0,0,0,0,0,0,0,0,0,0
Neset Ozel,early-career awardee,Stowers Institute for Medical Research,neuroscience (awardee),Klingenstein-Simons,0,0.0,0,2016;2017;2018;2019;2020;2021;2022;2023;2024;2025,0,0,0,,,unknown,unified_pubmed(full-name/affiliation-or-ORCID),last-author proxy,2025,,2026-09-05T03:55:14+00:00,3,pi_33257139b14b55789c6c6ef1d5b8e73d,unified-papers,unreviewed,,unreviewed roster label,,unknown,,,,unknown,,Developmental atlas of Drosophila visual-system neuronal diversity; Sustained transcription factors coordinate neuronal differentiation and wiring; Filopodial competition model of synapse formation,4D analysis; axon terminals; developmental atlas; Drosophila optic lobe; Drosophila visual system; filopodia; neuronal differentiation; neuronal diversity; serial synapse formation; single-cell transcriptomics; synaptic seeding factors; terminal selectors; transcription factors; visual system; wiring specificity,source-backed examples,complete,The supplied candidate was an initials-only obstetrics namesake; additional full-name PubMed and Stowers evidence supports the selected Drosophila visual-system work.,,,0,https://pubmed.ncbi.nlm.nih.gov/31353313/; https://pubmed.ncbi.nlm.nih.gov/33149298/; https://pubmed.ncbi.nlm.nih.gov/36480601/,"The registry preserves this identity, but independent source evidence is still needed. | This institution is a historical roster label, not a sourced current appointment. | Lab model organisms are not yet source-backed; article-species mentions do not establish a lab model.",,unknown,0,0,0,0,0,0,0,0,0,0
Jessica Osterhout,early-career awardee,University of Utah,neuroscience (awardee),"Klingenstein-Simons, Pew Biomedical",0,0.0,0,2016;2017;2018;2019;2020;2021;2022;2023;2024;2025,0,0,0,,,unknown,unified_pubmed(full-name/affiliation-or-ORCID),last-author proxy,2025,,2026-09-05T03:55:14+00:00,3,pi_546f82b8a355599db9a41c0b25f5b71b,unified-papers,unreviewed,,unreviewed roster label,,unknown,,,,unknown,,Cadherin-6 control of non-image-forming visual circuit matching; Contactin-4/APP targeting of the accessory optic system; Preoptic neurons coordinating fever and appetite during sickness,accessory optic system; amyloid precursor protein; appetite; axon arborization; axon-target matching; cadherin-6; contactin-4; direction-selective RGCs; fever; immune-to-brain signaling; non-image-forming vision; retinal ganglion cells; retinorecipient nuclei; sickness behavior; ventral medial preoptic area,source-backed examples,complete,"Selected full-name primary neuroscience papers spanning visual-circuit wiring, social coding, and sickness-response circuits.",,,0,https://pubmed.ncbi.nlm.nih.gov/21867880/; https://pubmed.ncbi.nlm.nih.gov/25959733/; https://pubmed.ncbi.nlm.nih.gov/35676482/,"The registry preserves this identity, but independent source evidence is still needed. | This institution is a historical roster label, not a sourced current appointment. | Lab model organisms are not yet source-backed; article-species mentions do not establish a lab model.",,unknown,0,0,0,0,0,0,0,0,0,0
Kartik Pattabiraman,early-career awardee,Yale University,neuroscience (awardee),Klingenstein-Simons,0,0.0,0,2016;2017;2018;2019;2020;2021;2022;2023;2024;2025,0,0,0,,,unknown,unified_pubmed(full-name/affiliation-or-ORCID),last-author proxy,2025,,2026-09-05T03:55:15+00:00,3,pi_dc0c834e0fda5f039a8b1133fc28da34,unified-papers,unreviewed,,unreviewed roster label,,unknown,,,,unknown,,Enhancer logic for developing cortical protodomains; Retinoic-acid regulation of prefrontal patterning and connectivity; Hominini CBLN2 regulatory changes and prefrontal spinogenesis,CBLN2; cortical patterning; cortical protodomains; CreER fate map; dendritic spines; hominini-specific deletion; humanized enhancer; mediodorsal thalamus; pallial enhancers; Pax6 mutants; prefrontal cortex; primate development; retinoic acid; transcription factor occupancy,source-backed examples,complete,Selected full-name papers on cortical enhancer regulation and primate/hominini prefrontal development.,,,0,https://pubmed.ncbi.nlm.nih.gov/24814534/; https://pubmed.ncbi.nlm.nih.gov/34599305/; https://pubmed.ncbi.nlm.nih.gov/34599306/,"The registry preserves this identity, but independent source evidence is still needed. | This institution is a historical roster label, not a sourced current appointment. | Lab model organisms are not yet source-backed; article-species mentions do not establish a lab model.",,unknown,0,0,0,0,0,0,0,0,0,0
Elizabeth Pollina,early-career awardee,Washington University in St. Louis,neuroscience (awardee),Klingenstein-Simons,0,0.0,0,2016;2017;2018;2019;2020;2021;2022;2023;2024;2025,0,0,0,,,unknown,unified_pubmed(full-name/affiliation-or-ORCID),last-author proxy,2025,,2026-09-05T03:55:16+00:00,3,pi_528647f6d8645f0496d0d4cdbf6b7053,unified-papers,unreviewed,,unreviewed roster label,,unknown,,,,unknown,,Dynamic mammalian RNA-editing landscape and regulators; Lysosome activation improves aged quiescent neural stem-cell activation; Gut reactive oxygen species as a cause of sleep-loss lethality,A-to-I RNA editing; activation capacity; ADAR enzymes; aging; cross-species comparison; flies and mice; GTEx; gut oxidative stress; lysosomes; protein aggregates; quiescent neural stem cells; reactive oxygen species; sleep deprivation; survival; tissue-specific regulation,source-backed examples,complete,"Selected full-name primary papers spanning RNA regulation, neural stem-cell aging, and sleep-loss physiology.",,,0,https://pubmed.ncbi.nlm.nih.gov/29022589/; https://pubmed.ncbi.nlm.nih.gov/29590078/; https://pubmed.ncbi.nlm.nih.gov/32502393/,"The registry preserves this identity, but independent source evidence is still needed. | This institution is a historical roster label, not a sourced current appointment. | Lab model organisms are not yet source-backed; article-species mentions do not establish a lab model.",,unknown,0,0,0,0,0,0,0,0,0,0
Kapil V. Ramachandran,early-career awardee,Columbia University,neuroscience (awardee),Klingenstein-Simons,0,0.0,0,2016;2017;2018;2019;2020;2021;2022;2023;2024;2025,0,0,0,,,unknown,unified_pubmed(full-name/affiliation-or-ORCID),last-author proxy,2025,,2026-09-05T03:55:16+00:00,3,pi_ff7b1d313332594086bc4f84431c7046,unified-papers,unreviewed,,unreviewed roster label,,unknown,,,,unknown,,Neuronal plasma-membrane proteasome complex; Activity-dependent nascentome degradation by the neuronal membrane proteasome; CaV1.2 calcium influx in mandibular development,calcineurin signaling; calcium signaling; CaV1.2; extracellular peptides; mandibular development; mass spectrometry; nascent polypeptides; neural crest derivatives; neuronal activity; neuronal membrane proteasome; plasma membrane; proteostasis; Timothy Syndrome; ubiquitylation-independent turnover,source-backed examples,complete,Selected full-name primary papers centered on neuronal membrane proteasomes plus one earlier developmental calcium-channel finding.,,,0,https://pubmed.ncbi.nlm.nih.gov/23549079/; https://pubmed.ncbi.nlm.nih.gov/28287632/; https://pubmed.ncbi.nlm.nih.gov/29979964/,"The registry preserves this identity, but independent source evidence is still needed. | This institution is a historical roster label, not a sourced current appointment. | Lab model organisms are not yet source-backed; article-species mentions do not establish a lab model.",,unknown,0,0,0,0,0,0,0,0,0,0
Herbert Zheng Wu,early-career awardee,Icahn School of Medicine at Mount Sinai,neuroscience (awardee),Klingenstein-Simons,0,0.0,0,2016;2017;2018;2019;2020;2021;2022;2023;2024;2025,0,0,0,,2021,rising (<=6y),unified_pubmed(full-name/affiliation-or-ORCID),last-author proxy,2025,first-paper proxy,2026-09-05T03:55:17+00:00,3,pi_c2ed6655f64c538a894db503ccf7e71b,unified-papers,unreviewed,,unreviewed roster label,,unknown,,,,unknown,,Galanin MPOA neurons governing parental behavior; Multisensory control of infant-directed aggression; Premotor circuitry for context-dependent decisions,anterior lateral motor cortex; context-dependent decision making; galanin neurons; infant-directed aggression; medial preoptic area; mouse pups; mouse social circuits; multisensory cues; neural population dynamics; olfactory task; parental behavior; premotor circuit; pup-directed behavior; social behavior; vomeronasal system,source-backed examples,complete,The supplied initials-only H. Wu papers were excluded; official/publication evidence links Herbert Zheng Wu to Zheng Wu neuroscience papers.,,,0,https://pubmed.ncbi.nlm.nih.gov/24828191/; https://pubmed.ncbi.nlm.nih.gov/30550786/; https://pubmed.ncbi.nlm.nih.gov/32105611/,"The registry preserves this identity, but independent source evidence is still needed. | This institution is a historical roster label, not a sourced current appointment. | Lab model organisms are not yet source-backed; article-species mentions do not establish a lab model. | Excluded 3 different-given-name candidates; review aliases if any exclusion is unexpected.",,unknown,0,0,0,0,0,0,0,0,0,0
Salil Bidaye,early-career awardee,Max Planck Florida Institute for Neuroscience,neuroscience (awardee),Klingenstein-Simons,1,0.1,1,2016;2017;2018;2019;2020;2021;2022;2023;2025,0,0,0,,2024,rising (<=6y),unified_pubmed(full-name/affiliation-or-ORCID),last-author proxy,2025,first-paper proxy,2026-09-05T03:55:18+00:00,3,pi_c6009394ddec5371b690558a56280d99,unified-papers,unreviewed,,unreviewed roster label,,unknown,Neural circuits and behavior,Connectomics,,unknown,Drosophila,Descending neurons for Drosophila backward walking; Two brain pathways for distinct forward walking programs; Context-specific halting mechanisms in Drosophila walking,backward walking; BPN neurons; brake neurons; connectome-informed models; context-specific halting; courtship pursuit; descending commands; Drosophila locomotion; Drosophila walking direction; feeding and grooming; forward walking; MAN neurons; MDN neurons; P9 neurons; walk-OFF mechanism,source-backed examples,complete,"Selected full-name Drosophila locomotor-control papers with distinct backward, forward, and halting circuit findings.",,,0,https://pubmed.ncbi.nlm.nih.gov/24700860/; https://pubmed.ncbi.nlm.nih.gov/32822613/; https://pubmed.ncbi.nlm.nih.gov/39358520/,"The registry preserves this identity, but independent source evidence is still needed. | This institution is a historical roster label, not a sourced current appointment. | Lab model organisms are not yet source-backed; article-species mentions do not establish a lab model.",,unknown,0,0,0,0,0,0,0,0,1,0
Sebastian Choi,early-career awardee,University of Texas Southwestern Medical Center,neuroscience (awardee),Klingenstein-Simons,0,0.0,0,2016;2017;2018;2019;2020;2021;2022;2023;2024;2025,0,0,0,,2014,established,unified_pubmed(full-name/affiliation-or-ORCID),last-author proxy,2025,first-paper proxy,2026-09-05T03:55:20+00:00,3,pi_edc16ffc13295157b6b775c22409bc74,unified-papers,unreviewed,,unreviewed roster label,,unknown,,,,unknown,,Parallel ascending spinal pathways for affective touch and pain; Genetically defined colon mechanosensory DRG afferents; C-LTMR spinoparabrachial pathway for wet-dog shakes,affective touch; anterolateral pathway; C-LTMRs; distal colon; dorsal root ganglia; gastrointestinal sensory neurons; hairy skin; mechanosensation; pain; pathologic mechanosensation; Piezo2; somatosensory circuits; spinal projection neurons; spinoparabrachial pathway; wet dog shakes,source-backed examples,complete,The supplied initials-only S. Choi papers were excluded; UT Southwestern profile evidence identifies Seungwon (Sebastian) Choi and recent full-name somatosensory publications.,,,0,https://pubmed.ncbi.nlm.nih.gov/33116307/; https://pubmed.ncbi.nlm.nih.gov/37541195/; https://pubmed.ncbi.nlm.nih.gov/39509513/,"The registry preserves this identity, but independent source evidence is still needed. | This institution is a historical roster label, not a sourced current appointment. | Lab model organisms are not yet source-backed; article-species mentions do not establish a lab model. | Excluded 4 different-given-name candidates; review aliases if any exclusion is unexpected.",,unknown,0,0,0,0,0,0,0,0,0,0
Carolyn Elya,early-career awardee,Harvard University,neuroscience (awardee),"Klingenstein-Simons, Searle Scholar",0,0.0,0,2016;2017;2018;2019;2020;2021;2022;2023;2024;2025,0,1,3,,2021,rising (<=6y),unified_pubmed(full-name/affiliation-or-ORCID),last-author proxy,2025,first-paper proxy,2026-09-05T03:55:21+00:00,3,pi_0135ed6a91e05823b4e360e6a1889bd0,unified-papers,unreviewed,,unreviewed roster label,,unknown,Neural circuits and behavior; Sleep and circadian rhythms,,,unknown,,Thermodynamic system drift in protein evolution; Laboratory system for fungal manipulation of Drosophila behavior; Neural mechanism for parasite-induced summiting in zombie flies,ancestral sequence reconstruction; DN1p circadian neurons; Drosophila melanogaster; Entomophthora muscae; evolutionary biophysics; fungal infection model; hemolymph factors; host behavior manipulation; juvenile hormone; protein thermostability; ribonuclease H1; summiting behavior; thermodynamic system drift; zombie Drosophila,source-backed examples,complete,Selected full-name primary papers covering protein evolution and the Entomophthora-Drosophila behavioral manipulation system.,,,0,https://pubmed.ncbi.nlm.nih.gov/25386647/; https://pubmed.ncbi.nlm.nih.gov/30047862/; https://pubmed.ncbi.nlm.nih.gov/37184212/,"The registry preserves this identity, but independent source evidence is still needed. | This institution is a historical roster label, not a sourced current appointment. | Lab model organisms are not yet source-backed; article-species mentions do not establish a lab model.",,unknown,0,0,0,0,0,0,0,0,0,0
Tristan Geiller,early-career awardee,Yale University,neuroscience (awardee),Klingenstein-Simons,0,0.0,0,2016;2017;2018;2019;2020;2021;2022;2023;2024;2025,0,0,0,,2024,rising (<=6y),unified_pubmed(full-name/affiliation-or-ORCID),last-author proxy,2025,first-paper proxy,2026-09-05T03:55:23+00:00,3,pi_ea5a55568b32566d96497b46d82b2c7a,unified-papers,unreviewed,,unreviewed roster label,,unknown,,,,unknown,,Deep CA1 place cells are strongly tied to landmarks; Locus coeruleus control of CA1 reward-map reorganization; Local circuit amplification of CA1 spatial selectivity,CA1; CA1 place cells; CA1 pyramidal layer; deep CA1; goal-directed maps; landmarks; local circuit plasticity; locus coeruleus; place cells; place-cell reorganization; recurrent subnetworks; reward learning; single-cell optogenetics; spatial coding; spatial selectivity,source-backed examples,complete,"Selected full-name hippocampal circuit papers spanning place-cell landmarks, neuromodulation, and local circuit amplification.",,,0,https://pubmed.ncbi.nlm.nih.gov/28218283/; https://pubmed.ncbi.nlm.nih.gov/31980319/; https://pubmed.ncbi.nlm.nih.gov/34853473/,"The registry preserves this identity, but independent source evidence is still needed. | This institution is a historical roster label, not a sourced current appointment. | Lab model organisms are not yet source-backed; article-species mentions do not establish a lab model.",,unknown,0,0,0,0,0,0,0,0,0,0
Xin Gu,early-career awardee,Dana-Farber Cancer Institute,neuroscience (awardee),Klingenstein-Simons,0,0.0,0,2016;2017;2018;2019;2020;2021;2022;2023;2024;2025,0,0,2,,2025,rising (<=6y),unified_pubmed(full-name/affiliation-or-ORCID),last-author proxy,2025,first-paper proxy,2026-09-05T03:55:24+00:00,3,pi_382582f2861d59d986931610409a22f5,unified-papers,unreviewed,,unreviewed roster label,,unknown,,,,unknown,,SAMTOR as an S-adenosylmethionine sensor for mTORC1,GATOR1; methionine metabolism; mTORC1; S-adenosylmethionine; SAMTOR,source-backed examples,complete,Selected the full-name SAMTOR/mTORC1 primary paper that matches the current Dana-Farber cellular metabolism context; unrelated full-name or initials-only namesakes were excluded.,,,0,https://pubmed.ncbi.nlm.nih.gov/29123071/,"The registry preserves this identity, but independent source evidence is still needed. | This institution is a historical roster label, not a sourced current appointment. | Lab model organisms are not yet source-backed; article-species mentions do not establish a lab model.",,unknown,0,0,0,0,0,0,0,0,0,0
Laura Gwilliams,early-career awardee,Stanford University,neuroscience (awardee),Klingenstein-Simons,0,0.0,0,2016;2017;2018;2019;2020;2021;2022;2023;2024;2025,0,0,1,,2025,rising (<=6y),unified_pubmed(full-name/affiliation-or-ORCID),last-author proxy,2025,first-paper proxy,2026-09-05T03:55:26+00:00,3,pi_5babd04aa83d54ed881704c284fe106c,unified-papers,unreviewed,,unreviewed roster label,,unknown,Sensory systems,,,unknown,,Future speech context reshapes earlier spoken-word recognition; Position-invariant neural code for phoneme content and order; Single-neuron speech encoding across human cortical depth,auditory cortex; content and order; cortical layers; human superior temporal gyrus; lexical context; magnetoencephalography; MEG; natural narratives; Neuropixels; phoneme sequences; phonological ambiguity; single neurons; speech perception; speech sound encoding; spoken word recognition,source-backed examples,complete,Selected full-name human speech and electrophysiology papers; unrelated reading-decision work was not needed for the top three.,,,0,https://pubmed.ncbi.nlm.nih.gov/30012695/; https://pubmed.ncbi.nlm.nih.gov/36329058/; https://pubmed.ncbi.nlm.nih.gov/38093008/,"The registry preserves this identity, but independent source evidence is still needed. | This institution is a historical roster label, not a sourced current appointment. | Lab model organisms are not yet source-backed; article-species mentions do not establish a lab model.",,unknown,0,0,0,0,0,0,0,0,0,0
Danique Jeurissen,early-career awardee,New York University,neuroscience (awardee),Klingenstein-Simons,0,0.0,0,2016;2017;2018;2019;2020;2021;2022;2023;2024;2025,0,0,0,,,unknown,unified_pubmed(full-name/affiliation-or-ORCID),last-author proxy,2025,,2026-09-05T03:55:27+00:00,3,pi_ec382e7aecd35459be8d3a092ed91637,unified-papers,unreviewed,,unreviewed roster label,,unknown,,,,unknown,,Focal macaque MT suppression biases decisions and confidence; Two-timescale compensation after parietal decision-circuit inactivation; Superior colliculus mechanism for terminating decisions,chemogenetic inactivation; compensation; compensatory readout; decision confidence; decision termination; direction discrimination; drift-diffusion dynamics; lateral intraparietal area; LIP; macaque area MT; optogenetic suppression; perceptual decisions; pharmacological inactivation; superior colliculus; threshold mechanism,source-backed examples,complete,Selected full-name perceptual-decision papers with causal perturbation and neural-mechanism evidence.,,,0,https://pubmed.ncbi.nlm.nih.gov/30051817/; https://pubmed.ncbi.nlm.nih.gov/35421328/; https://pubmed.ncbi.nlm.nih.gov/37352857/,"The registry preserves this identity, but independent source evidence is still needed. | This institution is a historical roster label, not a sourced current appointment. | Lab model organisms are not yet source-backed; article-species mentions do not establish a lab model.",,unknown,0,0,0,0,0,0,0,0,0,0
Aaron Kuan,early-career awardee,Yale University,neuroscience (awardee),Klingenstein-Simons,0,0.0,0,2016;2017;2018;2019;2020;2021;2022;2023;2024;2025,0,0,0,,,unknown,unified_pubmed(full-name/affiliation-or-ORCID),last-author proxy,2025,,2026-09-05T03:55:28+00:00,3,pi_f78a296c12d75b95a4d134ac36277fe8,unified-papers,unreviewed,,unreviewed roster label,,unknown,,,,unknown,,Brain-wide zebrafish activity organization during sensorimotor behavior; Dense neuronal reconstruction by X-ray holographic nano-tomography; GridTape EM reconstruction of adult Drosophila motor circuits,connectomics; correlative imaging; dense reconstruction; Drosophila nervous tissue; Drosophila ventral nerve cord; fictive motor output; GridTape; larval zebrafish; motor neurons; mouse cortex; sensorimotor transformations; transmission electron microscopy; unsupervised clustering; whole-brain calcium imaging; X-ray holographic nano-tomography,source-backed examples,complete,Selected full-name papers emphasizing connectomics and neural-circuit imaging resources; non-neuroscience graphene work was excluded.,,,0,https://pubmed.ncbi.nlm.nih.gov/30473013/; https://pubmed.ncbi.nlm.nih.gov/32929244/; https://pubmed.ncbi.nlm.nih.gov/33400916/,"The registry preserves this identity, but independent source evidence is still needed. | This institution is a historical roster label, not a sourced current appointment. | Lab model organisms are not yet source-backed; article-species mentions do not establish a lab model.",,unknown,0,0,0,0,0,0,0,0,0,0
Changyang Linghu,early-career awardee,University of Michigan,neuroscience (awardee),Klingenstein-Simons,0,0.0,0,2016;2017;2018;2019;2020;2021;2022;2023;2024;2025,0,0,0,,2025,rising (<=6y),unified_pubmed(full-name/affiliation-or-ORCID),last-author proxy,2025,first-paper proxy,2026-09-05T03:55:28+00:00,3,pi_65a2fb72fcfa58edb127ed65b801a691,unified-papers,unreviewed,,unreviewed roster label,,unknown,,,,unknown,,Robotic directed evolution of fluorescent voltage reporters; Spatial multiplexing with signaling reporter islands; Expression recording islands for optical cellular histories,Archon1; cellular histories; directed evolution; expression recording islands; fluorescent reporters; fluorescent voltage indicators; hippocampal neurons; living mouse brain; optical readout; PKA signaling; protein chains; robotic cell picking; signaling reporter islands; spatial multiplexing; voltage imaging,source-backed examples,complete,"Selected full-name primary papers on optical reporters, spatial multiplexing, and expression recording.",,,0,https://pubmed.ncbi.nlm.nih.gov/29483642/; https://pubmed.ncbi.nlm.nih.gov/33232692/; https://pubmed.ncbi.nlm.nih.gov/36593405/,"The registry preserves this identity, but independent source evidence is still needed. | This institution is a historical roster label, not a sourced current appointment. | Lab model organisms are not yet source-backed; article-species mentions do not establish a lab model.",,unknown,0,0,0,0,0,0,0,0,0,0
Quynh Anh Nguyen,early-career awardee,Vanderbilt University,neuroscience (awardee),Klingenstein-Simons,0,0.0,0,2016;2017;2018;2019;2020;2021;2022;2023;2024;2025,0,0,0,,2023,rising (<=6y),unified_pubmed(full-name/affiliation-or-ORCID),last-author proxy,2025,first-paper proxy,2026-09-05T03:55:30+00:00,3,pi_7c7feb45ce2a57f4a2ee2abf45fa60b8,unified-papers,unreviewed,,unreviewed roster label,,unknown,,,,unknown,,Deep-brain optogenetics without intracranial surgery; Engineered chemogenetic neuronal inhibition for seizure control; Hippocampal-tail fasciola cinereum as an epilepsy intervention target,BARNI; chemogenetics; ChRmine; deep brain; defined neural circuits; epilepsy; fasciola cinereum; hippocampal tail; interventional target; mouse epilepsy; neuronal inhibition; noninvasive stimulation; seizure control; seizure node; transcranial optogenetics,source-backed examples,complete,The supplied full-name candidates were namesakes in non-neuroscience fields; additional PubMed records with Quynh-Anh Nguyen/Nguyen QA support the selected epilepsy and optogenetics work.,,,0,https://pubmed.ncbi.nlm.nih.gov/33020604/; https://pubmed.ncbi.nlm.nih.gov/38238329/; https://pubmed.ncbi.nlm.nih.gov/38632391/,"The registry preserves this identity, but independent source evidence is still needed. | This institution is a historical roster label, not a sourced current appointment. | Lab model organisms are not yet source-backed; article-species mentions do not establish a lab model. | Excluded 1 different-given-name candidates; review aliases if any exclusion is unexpected.",,unknown,0,0,0,0,0,0,0,0,0,0
Justin O'Hare,early-career awardee,University of Colorado,neuroscience (awardee),Klingenstein-Simons,0,0.0,0,2016;2017;2018;2019;2020;2021;2022;2023;2024;2025,0,0,0,,,unknown,unified_pubmed(full-name/affiliation-or-ORCID),last-author proxy,2025,,2026-09-05T03:55:31+00:00,3,pi_41527a820749567f8cb6bd02596ae400,unified-papers,unreviewed,,unreviewed roster label,,unknown,,,,unknown,,Cued memory reactivation during sleep improves skill learning; Pathway-specific striatal substrates for habitual behavior; Intracellular calcium release tunes dendritic feature selectivity,auditory cues; CA1 pyramidal neurons; dendritic feature selectivity; direct pathway; dorsolateral striatum; habitual behavior; indirect pathway; intracellular calcium release; memory consolidation; memory reactivation; place field induction; skill learning; sleep; spatial navigation; striatal projection neurons,source-backed examples,complete,"Selected full-name primary papers on sleep memory, striatal habit mechanisms, and dendritic calcium plasticity.",,,0,https://pubmed.ncbi.nlm.nih.gov/22751035/; https://pubmed.ncbi.nlm.nih.gov/26804995/; https://pubmed.ncbi.nlm.nih.gov/35298275/,"The registry preserves this identity, but independent source evidence is still needed. | This institution is a historical roster label, not a sourced current appointment. | Lab model organisms are not yet source-backed; article-species mentions do not establish a lab model.",,unknown,0,0,0,0,0,0,0,0,0,0
Debosmita Sardar,early-career awardee,University of Colorado,neuroscience (awardee),Klingenstein-Simons,0,0.0,0,2016;2017;2018;2019;2020;2021;2022;2023;2024;2025,0,0,0,,,unknown,unified_pubmed(full-name/affiliation-or-ORCID),last-author proxy,2025,,2026-09-05T03:55:32+00:00,3,pi_8877ec081a50526c8730036e7141f2ba,unified-papers,unreviewed,,unreviewed roster label,,unknown,,,,unknown,,NFIA-dependent regional astrocyte control of hippocampal circuits; Astrocytic Slc22a3 and histone serotonylation in sensory processing; Learning-associated astrocyte ensembles regulating memory recall,astrocyte ensembles; astrocyte NFIA; astrocytic Slc22a3; c-Fos; engram neurons; GABA release; hippocampus; histone serotonylation; learning and memory; memory recall; olfactory bulb; regional heterogeneity; sensory processing; synaptic plasticity,source-backed examples,complete,"Selected full-name papers on astrocyte transcriptional regulation, sensory processing, and memory-associated astrocyte ensembles.",,,0,https://pubmed.ncbi.nlm.nih.gov/32320644/; https://pubmed.ncbi.nlm.nih.gov/37319217/; https://pubmed.ncbi.nlm.nih.gov/39506118/,"The registry preserves this identity, but independent source evidence is still needed. | This institution is a historical roster label, not a sourced current appointment. | Lab model organisms are not yet source-backed; article-species mentions do not establish a lab model.",,unknown,0,0,0,0,0,0,0,0,0,0
Carl Schoonover,early-career awardee,Allen Institute for Brain Science,neuroscience (awardee),Klingenstein-Simons,0,0.0,0,2016;2017;2018;2019;2020;2021;2022;2023;2024;2025,0,0,1,,2024,rising (<=6y),unified_pubmed(full-name/affiliation-or-ORCID),last-author proxy,2025,first-paper proxy,2026-09-05T03:55:33+00:00,3,pi_45f5a88e034c5d1c977f1d6464b63421,unified-papers,unreviewed,,unreviewed roster label,,unknown,Neural circuits and behavior; Sensory systems,,,unknown,Mouse,Virtual burrow assay for head-fixed mouse approach and avoidance; Representational drift in primary olfactory cortex; Sensory-experience steering of visual-cortex representational drift,approach avoidance; aversive cues; chronic electrophysiology; habituation; head-fixed mice; Hebbian plasticity; odor coding; orientation tuning; perceptual constancy; piriform cortex; representational drift; sensory deprivation; virtual burrow assay; visual cortex,source-backed examples,complete,Selected full-name olfactory/behavioral assay and representational drift papers; earlier ion-channel work was not among the top neuroscience-context picks.,,,0,https://pubmed.ncbi.nlm.nih.gov/30994457/; https://pubmed.ncbi.nlm.nih.gov/34108681/; https://pubmed.ncbi.nlm.nih.gov/39443498/,"The registry preserves this identity, but independent source evidence is still needed. | This institution is a historical roster label, not a sourced current appointment. | Lab model organisms are not yet source-backed; article-species mentions do not establish a lab model.",,unknown,0,0,0,0,0,0,0,0,0,0
Yevgenia Kozorovitskiy,early-career awardee,Northwestern University,neuroscience (awardee),Searle Scholar,0,0.0,0,2016;2017;2018;2019;2020;2021;2022;2023;2024;2025,2,4,9,,2016,early (<=10y),unified_pubmed(full-name/affiliation-or-ORCID),last-author proxy,2025,first-paper proxy,2026-09-05T03:55:34+00:00,3,pi_601aff606c4f50b083ef87f1bc046ecf,unified-papers,unreviewed,,unreviewed roster label,,unknown,Cellular and molecular neuroscience; Development; Learning and memory; Motor systems; Sleep and circadian rhythms,Connectomics; Imaging and microscopy; Optogenetics,,unknown,Mouse,Biased oxytocin modulation of midbrain dopamine systems; Oxytocin as a pathway-specific filter for VTA excitatory inputs; Dopamine pathways mediating affective transitions after sleep loss,affective state transitions; CB1 receptors; dendritic spine plasticity; dopamine release; endocannabinoids; excitatory synaptic transmission; medial prefrontal cortex; oxytocin; reward circuits; sleep loss; striatal projections; substantia nigra; VTA dopamine; VTA dopamine neurons,source-backed examples,complete,Selected full-name primary papers on oxytocin/dopamine modulation and dopamine-dependent affective-state plasticity.,,,1,https://pubmed.ncbi.nlm.nih.gov/28669546/; https://pubmed.ncbi.nlm.nih.gov/29676731/; https://pubmed.ncbi.nlm.nih.gov/37922904/,"The registry preserves this identity, but independent source evidence is still needed. | This institution is a historical roster label, not a sourced current appointment. | Lab model organisms are not yet source-backed; article-species mentions do not establish a lab model. | 1 candidate papers remain unresolved and are not included in totals.",,unknown,0,0,0,0,0,0,0,0,0,0
Mark Sheffield,early-career awardee,University of Chicago,neuroscience (awardee),Searle Scholar,0,0.0,0,2016;2017;2018;2019;2020;2021;2022;2023;2024;2025,1,2,8,,2021,rising (<=6y),unified_pubmed(full-name/affiliation-or-ORCID),last-author proxy,2025,first-paper proxy,2026-09-05T03:55:36+00:00,3,pi_79e199ff079e580e847c3765b9f18f21,unified-papers,unreviewed,,unreviewed roster label,,unknown,Cellular and molecular neuroscience; Learning and memory; Neural circuits and behavior,Imaging and microscopy,,unknown,Mouse,Dendritic calcium transients predicting CA1 place-field properties; Regenerative dendritic events during CA1 place-field formation; Reward expectation stabilizes CA1 maps via VTA dopamine signals,CA1 dendrites; CA1 place cells; CA1 spatial maps; dendritic calcium transients; dendritic inhibition; Hebbian plasticity; novel environments; place field formation; place fields; place-field reliability; reward expectation; reward proximity signal; two-photon imaging; virtual environment; VTA dopamine axons,source-backed examples,complete,"Selected full-name primary papers on CA1 dendritic events, place-field formation, and reward-dependent map stability.",,,1,https://pubmed.ncbi.nlm.nih.gov/25363782/; https://pubmed.ncbi.nlm.nih.gov/29024668/; https://pubmed.ncbi.nlm.nih.gov/36333323/,"The registry preserves this identity, but independent source evidence is still needed. | This institution is a historical roster label, not a sourced current appointment. | Lab model organisms are not yet source-backed; article-species mentions do not establish a lab model. | 1 candidate papers remain unresolved and are not included in totals.",,unknown,0,0,0,0,0,0,0,0,0,0
Paul Greer,early-career awardee,UMass Medical School,neuroscience (awardee),Searle Scholar,0,0.0,0,2016;2017;2018;2019;2020;2021;2022;2023;2024;2025,1,0,1,,,unknown,unified_pubmed(full-name/affiliation-or-ORCID),last-author proxy,2025,,2026-09-05T03:55:52+00:00,3,pi_40dc41e6b42f5427aad86339a9f28f2a,unified-papers,unreviewed,,unreviewed roster label,,unknown,Cellular and molecular neuroscience; Sensory systems,Sequencing and transcriptomics,,unknown,Mouse,Activity-dependent MEF2 program suppressing excitatory synapse number; Ube3A regulation of synapse development through Arc ubiquitination; EphB degradation of Ephexin5 relieves a synapse-formation brake,AMPA receptors; Angelman syndrome; Arc; Arc and SynGAP; calcineurin; EphB; Ephexin5; excitatory synapse development; excitatory synapse formation; excitatory synapses; MEF2; neuronal activity; Ube3A,source-backed examples,complete,Selected full-name primary papers on activity-dependent transcription and ubiquitin-regulated synapse development.,,,0,https://pubmed.ncbi.nlm.nih.gov/16484497/; https://pubmed.ncbi.nlm.nih.gov/20211139/; https://pubmed.ncbi.nlm.nih.gov/21029865/,"The registry preserves this identity, but independent source evidence is still needed. | This institution is a historical roster label, not a sourced current appointment. | Lab model organisms are not yet source-backed; article-species mentions do not establish a lab model.",,unknown,0,0,0,0,0,0,0,0,0,0
Andrew Miri,early-career awardee,Northwestern University,neuroscience (awardee),"NIH DP2, Searle Scholar",0,0.0,0,2016;2017;2018;2019;2020;2021;2022;2023;2024;2025,1,1,5,,2020,rising (<=6y),unified_pubmed(full-name/affiliation-or-ORCID),last-author proxy,2025,first-paper proxy,2026-09-05T03:55:53+00:00,3,pi_6de945b8ff04517fa29f715e9faaca31,unified-papers,unreviewed,,unreviewed roster label,,unknown,Learning and memory; Motor systems; Neural circuits and behavior,Optogenetics,,unknown,Mouse,Spatial gradients in a zebrafish neural integrator circuit; Spinal inhibitory interneuron diversity and motor microcircuits; Behavior-selective engagement of motor cortical effector pathways,calcium imaging; electromyography; forelimb movement; larval zebrafish; limb movement; motor cortex; motor microcircuits; oculomotor integrator; optogenetic silencing; persistent firing; short-latency pathways; spatial gradients; spinal cord; transcription factors; V1 interneurons,source-backed examples,complete,"Selected full-name primary papers on neural integrator dynamics, spinal motor microcircuits, and motor cortical output.",,,0,https://pubmed.ncbi.nlm.nih.gov/21857656/; https://pubmed.ncbi.nlm.nih.gov/26949184/; https://pubmed.ncbi.nlm.nih.gov/28735748/,"The registry preserves this identity, but independent source evidence is still needed. | This institution is a historical roster label, not a sourced current appointment. | Lab model organisms are not yet source-backed; article-species mentions do not establish a lab model.",,unknown,0,0,0,0,0,0,0,0,0,0
Xiao Wang,early-career awardee,Broad Institute,neuroscience (awardee),"NIH DP2, Searle Scholar",2,0.2,1,2016;2017;2018;2019;2020;2021;2022;2024;2025,1,0,11,,2019,rising (<=6y),unified_pubmed(full-name/affiliation-or-ORCID),last-author proxy,2025,first-paper proxy,2026-09-05T03:55:55+00:00,3,pi_f9c3c27509795e7892a5d61c3720847e,unified-papers,unreviewed,,unreviewed roster label,,unknown,Cellular and molecular neuroscience; Computation and cognition; Glia and neuroimmunology; Neurodegeneration and aging,Computational modeling; Imaging and microscopy; Organoids and stem-cell models; Sequencing and transcriptomics,,unknown,Mouse; Rat,YTHDF2 recognition of m6A to regulate mRNA stability; METTL3-METTL14 core complex for mammalian RNA m6A deposition; YTHDF1-mediated m6A control of mRNA translation efficiency,m6A; m6A methyltransferase; METTL14; METTL3; mRNA decay; mRNA metabolism; N6-methyladenosine; nuclear RNA; processing bodies; protein synthesis; RNA reader protein; translation efficiency; WTAP; YTHDF1; YTHDF2,source-backed examples,complete,Selected full-name RNA m6A primary papers; initials-only human-genome and apoptosis namesakes were excluded.,,,0,https://pubmed.ncbi.nlm.nih.gov/24284625/; https://pubmed.ncbi.nlm.nih.gov/24316715/; https://pubmed.ncbi.nlm.nih.gov/26046440/,"The registry preserves this identity, but independent source evidence is still needed. | This institution is a historical roster label, not a sourced current appointment. | Lab model organisms are not yet source-backed; article-species mentions do not establish a lab model. | Excluded 6 different-given-name candidates; review aliases if any exclusion is unexpected.",,unknown,0,0,0,0,0,0,0,2,0,0
Ahmed Abdelfattah,early-career awardee,Brown University,neuroscience (awardee),"NIH DP2, Searle Scholar",0,0.0,0,2016;2017;2018;2019;2020;2021;2022;2023;2024;2025,0,0,0,,2024,rising (<=6y),unified_pubmed(full-name/affiliation-or-ORCID),last-author proxy,2025,first-paper proxy,2026-09-05T03:55:57+00:00,3,pi_5b235d08e3ff55b9a278c3d434110a16,unified-papers,unreviewed,,unreviewed roster label,,unknown,,,,unknown,,Developed a bright red fluorescent protein voltage indicator for neuronal activity; Introduced Voltron chemigenetic indicators for extended in vivo voltage imaging; Optimized rhodopsin-based voltage indicators to create more sensitive Voltron2,Ace2 opsin; chemigenetic voltage indicator; fluorescent protein; in vivo voltage imaging; interneuron synchronization; mouse zebrafish fly; neuronal activity; optical voltage imaging; organotypic brain slices; red voltage indicator; subthreshold potentials; synthetic dye; voltage sensitivity; Voltron; Voltron2,source-backed examples,complete,"Fresh full-name identity-scoped candidates and Brown/Janelia context support Ahmed S. Abdelfattah as the voltage-imaging tool scientist; plant, policy, and medical namesakes were excluded.",,,0,https://pubmed.ncbi.nlm.nih.gov/26911693/; https://pubmed.ncbi.nlm.nih.gov/31371562/; https://pubmed.ncbi.nlm.nih.gov/37015225/,"The registry preserves this identity, but independent source evidence is still needed. | This institution is a historical roster label, not a sourced current appointment. | Lab model organisms are not yet source-backed; article-species mentions do not establish a lab model.",,unknown,0,0,0,0,0,0,0,0,0,0
Fei Chen,early-career awardee,Broad Institute,neuroscience (awardee),Searle Scholar,4,0.4,4,2016;2017;2018;2019;2022;2025,0,0,8,,2019,rising (<=6y),unified_pubmed(full-name/affiliation-or-ORCID),last-author proxy,2025,first-paper proxy,2026-09-05T03:55:58+00:00,3,pi_80e16d4941a5505094ed42e5da96e63c,unified-papers,unreviewed,,unreviewed roster label,,unknown,Cellular and molecular neuroscience; Computation and cognition; Learning and memory,Imaging and microscopy; Sequencing and transcriptomics,,unknown,Human; Mouse,Introduced expansion microscopy for nanoscale imaging with ordinary optical microscopes; Developed Slide-seq for genome-wide spatial transcriptomics at high resolution; Improved Slide-seq sensitivity for near-cellular spatial transcriptomics,DNA-barcoded beads; expansion microscopy; genome-wide expression; library generation; molecular labels; near-cellular resolution; optical microscopy; physical magnification; Slide-seq; Slide-seqV2; spatial RNA detection; spatial transcriptomics; swellable polymer; tissue mapping; tissue sections,source-backed examples,complete,Selected source-backed full-name primary contributions with team credit and bounded scope; unrelated or review-like candidates were skipped.,,,0,https://pubmed.ncbi.nlm.nih.gov/25592419/; https://pubmed.ncbi.nlm.nih.gov/30923225/; https://pubmed.ncbi.nlm.nih.gov/33288904/,"The registry preserves this identity, but independent source evidence is still needed. | This institution is a historical roster label, not a sourced current appointment. | Lab model organisms are not yet source-backed; article-species mentions do not establish a lab model.",,unknown,0,0,0,0,1,1,0,1,1,0
Yun Ding,early-career awardee,University of Pennsylvania,neuroscience (awardee),Searle Scholar,0,0.0,0,2016;2017;2018;2019;2020;2021;2022;2023;2024;2025,0,0,4,,2017,early (<=10y),unified_pubmed(full-name/affiliation-or-ORCID),last-author proxy,2025,first-paper proxy,2026-09-05T03:56:00+00:00,3,pi_1bd1f18f8321502bb31d49a3e04facaf,unified-papers,unreviewed,,unreviewed roster label,,unknown,Cellular and molecular neuroscience; Neural circuits and behavior,Optogenetics; Sequencing and transcriptomics,,unknown,Drosophila,Mapped natural Drosophila courtship-song variation to an intronic retroelement in slowpoke; Showed motor-patterning circuit cell composition changes can drive Drosophila courtship-song evolution; Showed ancestral circuits can potentiate a new female courtship behavior in Drosophila,courtship song; courtship song evolution; courtship song feedback; descending neurons; Drosophila mauritiana; Drosophila santomea; Drosophila simulans; Drosophila yakuba; female sexual behavior; intronic retroelement; motor patterning circuits; single-cell transcriptomics; slowpoke; TN1 neurons; wing spreading,source-backed examples,complete,Official UPenn/lab context and PubMed full-author metadata identify Yun Ding as the Drosophila neural-circuit evolution researcher; unrelated chemistry and initials-only records were excluded.,,,0,https://pubmed.ncbi.nlm.nih.gov/27509856/; https://pubmed.ncbi.nlm.nih.gov/38688283/; https://pubmed.ncbi.nlm.nih.gov/39468043/,"The registry preserves this identity, but independent source evidence is still needed. | This institution is a historical roster label, not a sourced current appointment. | Lab model organisms are not yet source-backed; article-species mentions do not establish a lab model. | Excluded 2 different-given-name candidates; review aliases if any exclusion is unexpected.",,unknown,0,0,0,0,0,0,0,0,0,0
Ian C. Fiebelkorn,early-career awardee,University of Rochester,neuroscience (awardee),Searle Scholar,0,0.0,0,2016;2017;2018;2019;2020;2021;2022;2023;2024;2025,0,0,4,,2022,rising (<=6y),unified_pubmed(full-name/affiliation-or-ORCID),last-author proxy,2025,first-paper proxy,2026-09-05T03:56:01+00:00,3,pi_663a4040c5685565a461c77cdd6c0054,unified-papers,unreviewed,,unreviewed roster label,,unknown,Learning and memory; Neural circuits and behavior; Sensory systems,,,unknown,,Showed attention samples rhythmically within and between objects; Identified frontoparietal dynamics underlying rhythmic spatial attention; Showed mediodorsal pulvinar coordinates macaque frontoparietal rhythmic attention,attention states; frontoparietal coordination; frontoparietal network; macaque attention; mediodorsal pulvinar; object-based selection; perceptual sensitivity; rhythmic sampling; rhythmic spatial attention; spatial attention; sustained attention; temporal dynamics; theta oscillations; theta rhythm,source-backed examples,complete,Selected source-backed full-name primary contributions with team credit and bounded scope; unrelated or review-like candidates were skipped.,,,0,https://pubmed.ncbi.nlm.nih.gov/24316204/; https://pubmed.ncbi.nlm.nih.gov/30138590/; https://pubmed.ncbi.nlm.nih.gov/30644391/,"The registry preserves this identity, but independent source evidence is still needed. | This institution is a historical roster label, not a sourced current appointment. | Lab model organisms are not yet source-backed; article-species mentions do not establish a lab model.",,unknown,0,0,0,0,0,0,0,0,0,0
Christina Kim,early-career awardee,"University of California, Davis",neuroscience (awardee),"NIH DP2, Searle Scholar",0,0.0,0,2016;2017;2018;2019;2020;2021;2022;2023;2024;2025,0,0,0,,2017,early (<=10y),unified_pubmed(full-name/affiliation-or-ORCID),last-author proxy,2025,first-paper proxy,2026-09-05T03:56:03+00:00,3,pi_3029fab8501e5bac8a678c11ef47fb2a,unified-papers,unreviewed,,unreviewed roster label,,unknown,,,,unknown,,Developed FLiCRE to tag activity-defined neural ensembles and reveal an aversion-driving striatal cell type; Developed frame-projected independent-fiber photometry for simultaneous multi-site circuit dynamics; Identified top-down neural mechanisms that restrain reward seeking,activity-dependent tagging; circuit dynamics; fiber photometry; FLiCRE; fluorescence activity; freely behaving mice; medial prefrontal cortex; molecular calcium integrator; multi-site recording; nucleus accumbens; reward seeking; single-cell RNA-seq; top-down control,source-backed examples,complete,UC Davis/Princeton lab context and PubMed full-author metadata support Christina K. Kim as the activity-dependent neuronal-tool researcher; COVID and initials-only namesakes were excluded.,,,1,https://pubmed.ncbi.nlm.nih.gov/26878381/; https://pubmed.ncbi.nlm.nih.gov/28823561/; https://pubmed.ncbi.nlm.nih.gov/33308478/,"The registry preserves this identity, but independent source evidence is still needed. | This institution is a historical roster label, not a sourced current appointment. | Lab model organisms are not yet source-backed; article-species mentions do not establish a lab model. | 1 candidate papers remain unresolved and are not included in totals. | Excluded 2 different-given-name candidates; review aliases if any exclusion is unexpected.",,unknown,0,0,0,0,0,0,0,0,0,0
Guangyu Robert Yang,early-career awardee,Massachusetts Institute of Technology,neuroscience (awardee),Searle Scholar,0,0.0,0,2016;2017;2018;2019;2020;2021;2022;2023;2024;2025,0,0,0,,,unknown,unified_pubmed(full-name/affiliation-or-ORCID),last-author proxy,2025,,2026-09-05T03:56:04+00:00,3,pi_eb13cfc8203451efacb6b0411e955cd6,unified-papers,unreviewed,,unreviewed roster label,,unknown,,,,unknown,,Showed recurrent neural networks trained on many cognitive tasks develop structured task representations; Proposed a dendritic disinhibitory circuit mechanism for pathway-specific gating; Modeled inter-areal balanced amplification for signal propagation in primate cortex,balanced amplification; decision making; dendritic gating; disinhibitory circuit; inter-areal connectivity; interneurons; large-scale circuit; multiple cognitive tasks; pathway-specific routing; primate cortex model; pyramidal neurons; recurrent neural networks; signal propagation; task representations; working memory,source-backed examples,complete,Fresh full-name candidates and MIT lab context support Guangyu Robert Yang as the computational neuroscience researcher; old initials-only namesakes were excluded.,,,0,https://pubmed.ncbi.nlm.nih.gov/27649374/; https://pubmed.ncbi.nlm.nih.gov/29576389/; https://pubmed.ncbi.nlm.nih.gov/30643294/,"The registry preserves this identity, but independent source evidence is still needed. | This institution is a historical roster label, not a sourced current appointment. | Lab model organisms are not yet source-backed; article-species mentions do not establish a lab model.",,unknown,0,0,0,0,0,0,0,0,0,0
Caroline Albertin,early-career awardee,Marine Biological Laboratory,neuroscience (awardee),Searle Scholar,0,0.0,0,2016;2017;2018;2019;2020;2021;2022;2023;2024;2025,0,0,1,,2023,rising (<=6y),unified_pubmed(full-name/affiliation-or-ORCID),last-author proxy,2025,first-paper proxy,2026-09-05T03:56:05+00:00,3,pi_09ac6925b631536caa29c40747fb1361,unified-papers,unreviewed,,unreviewed roster label,,unknown,,,,unknown,,Generated an octopus genome resource for cephalopod neural and morphological novelties; Mapped genome and transcriptome mechanisms in cephalopod evolution; Established efficient gene knockout in squid through pigmentation-gene editing,cephalopod evolution; cephalopod model; cephalopod transcriptomes; chromosome assembly; functional genomics; gene knockout; morphological innovation; nervous system evolution; neural novelties; octopus genome; pigmentation gene; protocadherins; squid genetics; squid genome,source-backed examples,complete,Selected source-backed full-name primary contributions with team credit and bounded scope; unrelated or review-like candidates were skipped.,,,0,https://pubmed.ncbi.nlm.nih.gov/26268193/; https://pubmed.ncbi.nlm.nih.gov/32735817/; https://pubmed.ncbi.nlm.nih.gov/35508532/,"The registry preserves this identity, but independent source evidence is still needed. | This institution is a historical roster label, not a sourced current appointment. | Lab model organisms are not yet source-backed; article-species mentions do not establish a lab model.",,unknown,0,0,0,0,0,0,0,0,0,0
Ian Oldenburg,early-career awardee,Rutgers University,neuroscience (awardee),"NIH DP2, Searle Scholar",0,0.0,0,2016;2017;2018;2019;2020;2021;2022;2023;2024;2025,0,0,0,,,unknown,unified_pubmed(full-name/affiliation-or-ORCID),last-author proxy,2025,,2026-09-05T03:56:06+00:00,3,pi_77b36a526b9c50139f21f3f4b725429c,unified-papers,unreviewed,,unreviewed roster label,,unknown,,,,unknown,,Identified a direct GABAergic basal-ganglia output to frontal cortex; Developed 3D-SHOT for three-dimensional holographic optogenetic control; Advanced precise multimodal optical control of neural ensembles,3D-SHOT; basal ganglia; cellular resolution; frontal cortex; GABAergic output; holographic optogenetics; motor action; multiphoton holography; neural ensembles; optogenetic activation; optogenetic suppression; reward learning; temporal focusing; three-dimensional targeting,source-backed examples,complete,Selected source-backed full-name primary contributions with team credit and bounded scope; unrelated or review-like candidates were skipped.,,,0,https://pubmed.ncbi.nlm.nih.gov/25739505/; https://pubmed.ncbi.nlm.nih.gov/29089483/; https://pubmed.ncbi.nlm.nih.gov/29713079/,"The registry preserves this identity, but independent source evidence is still needed. | This institution is a historical roster label, not a sourced current appointment. | Lab model organisms are not yet source-backed; article-species mentions do not establish a lab model.",,unknown,0,0,0,0,0,0,0,0,0,0
Chen Ran,early-career awardee,Scripps Research,neuroscience (awardee),Searle Scholar,0,0.0,0,2016;2017;2018;2019;2020;2021;2022;2023;2024;2025,0,0,1,,2025,rising (<=6y),unified_pubmed(full-name/affiliation-or-ORCID),last-author proxy,2025,first-paper proxy,2026-09-05T03:56:07+00:00,3,pi_0498002b02625ba39fd5d749da32c8e3,unified-papers,unreviewed,,unreviewed roster label,,unknown,,,,unknown,,Mapped cutaneous temperature coding in the mouse spinal cord; Created a brainstem map for visceral sensations; Resolved anatomically and functionally distinct dorsal raphe serotonin subsystems,brainstem map; calcium imaging; cutaneous temperature; dorsal raphe; forebrain projections; functional subsystems; molecular genetics; organ representation; sensory coding; serotonin neurons; spinal cord; thermal sensation; vagal pathways; viral-genetic methods; visceral sensation,source-backed examples,complete,Selected source-backed full-name primary contributions with team credit and bounded scope; unrelated or review-like candidates were skipped.,,,0,https://pubmed.ncbi.nlm.nih.gov/27455110/; https://pubmed.ncbi.nlm.nih.gov/30146164/; https://pubmed.ncbi.nlm.nih.gov/36045291/,"The registry preserves this identity, but independent source evidence is still needed. | This institution is a historical roster label, not a sourced current appointment. | Lab model organisms are not yet source-backed; article-species mentions do not establish a lab model.",,unknown,0,0,0,0,0,0,0,0,0,0
Weizhen Xie,early-career awardee,University of Maryland,neuroscience (awardee),Searle Scholar,0,0.0,0,2016;2017;2018;2019;2020;2021;2022;2023;2024;2025,0,0,2,,,unknown,unified_pubmed(full-name/affiliation-or-ORCID),last-author proxy,2025,,2026-09-05T03:56:08+00:00,3,pi_bd3e2264efb4508ea3c1d904426a63ac,unified-papers,unreviewed,,unreviewed roster label,,unknown,Learning and memory; Sensory systems,,,unknown,,Linked word memorability to associative memory retrieval in anterior temporal lobe; Showed visual memorability benefits early perceptual encoding during memory formation; Showed semantic associations facilitate visual working memory for real-world objects,anterior temporal lobe; brief encoding; face memory; human recordings; long-term retention; memory retrieval; natural language processing; paired associates; perceptual encoding; real-world objects; semantic associations; visual memorability; visual short-term memory; visual working memory; word memorability,source-backed examples,complete,UMD ICON Lab context and PubMed full-author metadata verify Weizhen Xie as the cognition/memory researcher; old initials-only biomedical candidates were excluded.,,,0,https://pubmed.ncbi.nlm.nih.gov/32601459/; https://pubmed.ncbi.nlm.nih.gov/38733867/; https://pubmed.ncbi.nlm.nih.gov/40569716/,"The registry preserves this identity, but independent source evidence is still needed. | This institution is a historical roster label, not a sourced current appointment. | Lab model organisms are not yet source-backed; article-species mentions do not establish a lab model. | Excluded 1 different-given-name candidates; review aliases if any exclusion is unexpected.",,unknown,0,0,0,0,0,0,0,0,0,0
Andrew Yang,early-career awardee,Gladstone Institutes,neuroscience (awardee),Searle Scholar,0,0.0,0,2016;2017;2018;2019;2020;2021;2022;2023;2024;2025,1,0,1,,2025,rising (<=6y),unified_pubmed(full-name/affiliation-or-ORCID),last-author proxy,2025,first-paper proxy,2026-09-05T03:56:10+00:00,3,pi_4111148671d05a38b0820c42dc18aef1,unified-papers,unreviewed,,unreviewed roster label,,unknown,Glia and neuroimmunology; Neurodegeneration and aging,,,unknown,Human,Built a human brain vascular atlas linking vascular cell states to Alzheimer's risk; Mapped brain and choroid plexus cell dysregulation in severe COVID-19; Identified clonally expanded CD8 T cells in Alzheimer's cerebrospinal fluid,adaptive immunity; Alzheimer's disease; Alzheimer's risk; blood-brain barrier; brain cell types; cerebrospinal fluid; choroid plexus; clonal CD8 T cells; COVID-19; human brain vasculature; neuroinflammation; single-cell atlas; single-nucleus RNA-seq; vessel isolation,source-backed examples,complete,Selected source-backed full-name primary contributions with team credit and bounded scope; unrelated or review-like candidates were skipped.,,,0,https://pubmed.ncbi.nlm.nih.gov/31915375/; https://pubmed.ncbi.nlm.nih.gov/34153974/; https://pubmed.ncbi.nlm.nih.gov/35165441/,"The registry preserves this identity, but independent source evidence is still needed. | This institution is a historical roster label, not a sourced current appointment. | Lab model organisms are not yet source-backed; article-species mentions do not establish a lab model.",,unknown,0,0,0,0,0,0,0,0,0,0
Marco Gallio,early-career awardee,Northwestern University,neuroscience (awardee),Pew Biomedical,1,0.1,1,2016;2017;2018;2019;2020;2021;2022;2023;2024,1,0,7,,2015,early (<=10y),unified_pubmed(full-name/affiliation-or-ORCID),last-author proxy,2025,first-paper proxy,2026-09-05T03:56:12+00:00,3,pi_9b646cfbb1fe5ee7b5f7669616dd99d0,unified-papers,unreviewed,,unreviewed roster label,,unknown,Cellular and molecular neuroscience; Learning and memory; Neural circuits and behavior; Sensory systems; Sleep and circadian rhythms,Electrophysiology; Imaging and microscopy,,unknown,Drosophila,Showed early integration of temperature and humidity in the Drosophila brain; Defined a Drosophila circuit encoding absolute cold temperature; Showed robustness and plasticity in Drosophila heat avoidance,cold temperature; Drosophila; Drosophila antenna; Drosophila thermosensation; Gr28B.d; heat avoidance; higher brain centers; humidity sensing; innate behavior; IR40a neurons; plasticity; sensory circuit; sensory integration; temperature sensing; temporal scales,source-backed examples,complete,Selected source-backed full-name primary contributions with team credit and bounded scope; unrelated or review-like candidates were skipped.,,,0,https://pubmed.ncbi.nlm.nih.gov/28736172/; https://pubmed.ncbi.nlm.nih.gov/32442464/; https://pubmed.ncbi.nlm.nih.gov/33824330/,"The registry preserves this identity, but independent source evidence is still needed. | This institution is a historical roster label, not a sourced current appointment. | Lab model organisms are not yet source-backed; article-species mentions do not establish a lab model.",,unknown,0,0,0,0,0,0,0,0,0,1
Dragana Rogulja,early-career awardee,Harvard Medical School,neuroscience (awardee),Pew Biomedical,3,0.3,3,2016;2018;2019;2021;2022;2024;2025,1,0,2,,2016,early (<=10y),unified_pubmed(full-name/affiliation-or-ORCID),last-author proxy,2025,first-paper proxy,2026-09-05T03:56:13+00:00,3,pi_dbec0625034659449c0d0342c35a86cf,unified-papers,unreviewed,,unreviewed roster label,,unknown,Neural circuits and behavior; Sleep and circadian rhythms,,,unknown,Drosophila; Mouse,Linked lethal sleep loss to reactive oxygen species accumulation in the gut; Identified a gut-secreted peptide that suppresses arousability from sleep; Showed daily neural-circuit rewiring creates a predictive model of environmental light,circadian context; Drosophila; Drosophila light response; gut; gut peptide; locomotor startle; mechanical vibrations; neural circuit rewiring; predictive model; reactive oxygen species; sensory suppression; sleep arousability; sleep deprivation; survival,source-backed examples,complete,Selected source-backed full-name primary contributions with team credit and bounded scope; unrelated or review-like candidates were skipped.,,,0,https://pubmed.ncbi.nlm.nih.gov/32502393/; https://pubmed.ncbi.nlm.nih.gov/33762336/; https://pubmed.ncbi.nlm.nih.gov/36958331/,"The registry preserves this identity, but independent source evidence is still needed. | This institution is a historical roster label, not a sourced current appointment. | Lab model organisms are not yet source-backed; article-species mentions do not establish a lab model.",,unknown,0,1,0,0,1,0,0,1,0,0
Michael A. Crickmore,early-career awardee,Boston Children's Hospital,neuroscience (awardee),Pew Biomedical,1,0.1,1,2016;2017;2018;2019;2020;2021;2022;2023;2025,4,0,7,,2016,early (<=10y),unified_pubmed(full-name/affiliation-or-ORCID),last-author proxy,2025,first-paper proxy,2026-09-05T03:56:15+00:00,3,pi_4f4914353cba57b0b08bd3571acddc47,unified-papers,unreviewed,,unreviewed roster label,,unknown,Computation and cognition; Neural circuits and behavior,Computational modeling,,unknown,Drosophila,"Mapped dopaminergic circuitry underlying Drosophila mating drive; Showed opposing dopaminergic and GABAergic neurons control copulation persistence; Showed motivation, perception, and chance converge in a courtship decision",behavioral termination; copulation persistence; courtship decision; dopamine circuitry; dopaminergic neurons; Drosophila; GABAergic neurons; mating drive; motivation; P1 neurons; reproductive state; sensory-motor processing; stochastic neural events,source-backed examples,complete,Selected source-backed full-name primary contributions with team credit and bounded scope; unrelated or review-like candidates were skipped.,,,0,https://pubmed.ncbi.nlm.nih.gov/24209625/; https://pubmed.ncbi.nlm.nih.gov/27292538/; https://pubmed.ncbi.nlm.nih.gov/29983326/,"The registry preserves this identity, but independent source evidence is still needed. | This institution is a historical roster label, not a sourced current appointment. | Lab model organisms are not yet source-backed; article-species mentions do not establish a lab model.",,unknown,0,0,0,0,0,0,0,0,1,0
Nilay Yapici,early-career awardee,Cornell University,neuroscience (awardee),Pew Biomedical,0,0.0,0,2016;2017;2018;2019;2020;2021;2022;2023;2024;2025,0,1,8,,2020,rising (<=6y),unified_pubmed(full-name/affiliation-or-ORCID),last-author proxy,2025,first-paper proxy,2026-09-05T03:56:16+00:00,3,pi_b31835473ecc55bfb026676c733ba63c,unified-papers,unreviewed,,unreviewed roster label,,unknown,Neural circuits and behavior; Sensory systems; Sleep and circadian rhythms,Imaging and microscopy,,unknown,Drosophila; Mouse,Identified the sex peptide receptor mediating post-mating behavioral switch; Showed genital-tract sensory neurons regulate female reproductive behavior; Developed Expresso and mapped a hunger-sensitive taste circuit regulating ingestion,Drosophila; Drosophila ingestion; Drosophila reproduction; Expresso feeding assay; female receptivity; female reproductive behavior; genital sensory neurons; hunger signals; meal bouts; post-mating behavior; postmating switch; seminal peptide; sex peptide receptor; taste circuit,source-backed examples,complete,Selected source-backed full-name primary contributions with team credit and bounded scope; unrelated or review-like candidates were skipped.,,,0,https://pubmed.ncbi.nlm.nih.gov/18066048/; https://pubmed.ncbi.nlm.nih.gov/19249272/; https://pubmed.ncbi.nlm.nih.gov/27040496/,"The registry preserves this identity, but independent source evidence is still needed. | This institution is a historical roster label, not a sourced current appointment. | Lab model organisms are not yet source-backed; article-species mentions do not establish a lab model.",,unknown,0,0,0,0,0,0,0,0,0,0
Kassandra Ori-McKenney,early-career awardee,"University of California, Davis",neuroscience (awardee),Pew Biomedical,0,0.0,0,2016;2017;2018;2019;2020;2021;2022;2023;2024;2025,0,0,0,,,unknown,unified_pubmed(full-name/affiliation-or-ORCID),last-author proxy,2025,,2026-09-05T03:56:18+00:00,3,pi_a789bc098af75c8aa436be281b73b464,unified-papers,unreviewed,,unreviewed roster label,,unknown,,,,unknown,,Showed Golgi outposts nucleate dendritic microtubules to shape morphology; Showed MAP7 and tau competition directs microtubule motor transport; Defined a combinatorial MAP code for polarized microtubule transport,acentrosomal microtubules; asymmetric cargo distribution; dendrite morphology; Drosophila neurons; Golgi outposts; intracellular trafficking; MAP code; MAP7; microtubule nucleation; microtubule-associated proteins; microtubules; molecular motors; motor transport; polarized transport; tau,source-backed examples,complete,Selected source-backed full-name primary contributions with team credit and bounded scope; unrelated or review-like candidates were skipped.,,,0,https://pubmed.ncbi.nlm.nih.gov/23217741/; https://pubmed.ncbi.nlm.nih.gov/29662074/; https://pubmed.ncbi.nlm.nih.gov/32109385/,"The registry preserves this identity, but independent source evidence is still needed. | This institution is a historical roster label, not a sourced current appointment. | Lab model organisms are not yet source-backed; article-species mentions do not establish a lab model.",,unknown,0,0,0,0,0,0,0,0,0,0
Erin L. Rich,early-career awardee,Icahn School of Medicine at Mount Sinai,neuroscience (awardee),Pew Biomedical,0,0.0,0,2016;2017;2018;2019;2020;2021;2022;2023;2024;2025,2,1,11,,2018,early (<=10y),unified_pubmed(full-name/affiliation-or-ORCID),last-author proxy,2025,first-paper proxy,2026-09-05T03:56:19+00:00,3,pi_b2b6584282bc5bf1a7b72df5659412bf,unified-papers,unreviewed,,unreviewed roster label,,unknown,Computation and cognition; Learning and memory; Motor systems; Neural circuits and behavior,,,unknown,Nonhuman primates,Decoded subjective decisions from orbitofrontal cortex; Showed rat prefrontal neurons selectively code strategy switches; Showed prelimbic/infralimbic cortex supports memory for multiple task switches,behavioral flexibility; decision decoding; infralimbic cortex; internal variables; memory systems; orbitofrontal cortex; prefrontal cortex; prelimbic cortex; rat neurons; rat prefrontal cortex; strategy switches; subjective choice; task switching; value comparison,source-backed examples,complete,Selected source-backed full-name primary contributions with team credit and bounded scope; unrelated or review-like candidates were skipped.,,,0,https://pubmed.ncbi.nlm.nih.gov/17460087/; https://pubmed.ncbi.nlm.nih.gov/19494143/; https://pubmed.ncbi.nlm.nih.gov/27273768/,"The registry preserves this identity, but independent source evidence is still needed. | This institution is a historical roster label, not a sourced current appointment. | Lab model organisms are not yet source-backed; article-species mentions do not establish a lab model.",,unknown,0,0,0,0,0,0,0,0,0,0
José A. Rodriguez,early-career awardee,"University of California, Los Angeles",neuroscience (awardee),Pew Biomedical,0,0.0,0,2016;2017;2018;2019;2020;2021;2022;2023;2024;2025,0,0,21,,,unknown,unified_pubmed(full-name/affiliation-or-ORCID),last-author proxy,2025,,2026-09-05T03:56:20+00:00,3,pi_826520bd0aea567fb91a608f03e5187b,unified-papers,unreviewed,,unreviewed roster label,,unknown,Computation and cognition; Learning and memory,Computational modeling; Connectomics; Imaging and microscopy,,unknown,Human; Mouse,Determined a sub-ångström cryo-EM structure of a prion protofibril segment; Demonstrated MicroED as a tool for small-molecule structure determination; Mapped nanoscale mosaicity in peptide microcrystals by scanning electron nanodiffraction,4DSTEM; cryo-EM; electron diffraction; MicroED; MicroED data quality; nanoscale mosaicity; organic chemistry; peptide microcrystals; polar clasp; prion protofibril; scanning electron nanodiffraction; small molecules; structural biology; structure determination; sub-ångström structure,source-backed examples,complete,"Fresh full-name structural-biology/MicroED candidates and UCLA profile support José A. Rodriguez; oncology, orthopedics, and materials namesakes were excluded. Summaries are bibliographic structural-method summaries only.",,,0,https://pubmed.ncbi.nlm.nih.gov/29335561/; https://pubmed.ncbi.nlm.nih.gov/30555912/; https://pubmed.ncbi.nlm.nih.gov/30675524/,"The registry preserves this identity, but independent source evidence is still needed. | This institution is a historical roster label, not a sourced current appointment. | Lab model organisms are not yet source-backed; article-species mentions do not establish a lab model. | Excluded 1 different-given-name candidates; review aliases if any exclusion is unexpected.",,unknown,0,0,0,0,0,0,0,0,0,0
Victoria Abraira,early-career awardee,Rutgers University,neuroscience (awardee),Pew Biomedical,1,0.1,1,2016;2017;2018;2019;2020;2021;2022;2024;2025,2,0,5,,2021,rising (<=6y),unified_pubmed(full-name/affiliation-or-ORCID),last-author proxy,2025,first-paper proxy,2026-09-05T03:56:23+00:00,3,pi_fb233d6f07145ea2b8bb88c80762b6c0,unified-papers,unreviewed,,unreviewed roster label,,unknown,Cellular and molecular neuroscience; Learning and memory; Motor systems; Neural circuits and behavior; Sensory systems,Computational modeling; Electrophysiology; Optogenetics; Sequencing and transcriptomics,,unknown,Mouse,Mapped functional organization of cutaneous low-threshold mechanosensory neurons; Defined cellular and synaptic architecture of the mechanosensory dorsal horn; Identified cellular and molecular basis of direction-selective Aδ-LTMR touch responses,Aδ-LTMRs; direction selectivity; hair deflection; hairy skin; low-threshold mechanoreceptors; LTMR-recipient zone; mechanosensory dorsal horn; mechanosensory neurons; mouse genetic tools; somatosensory afferents; spinal cord; tactile processing; touch,source-backed examples,complete,Selected source-backed full-name primary contributions with team credit and bounded scope; unrelated or review-like candidates were skipped.,,,0,https://pubmed.ncbi.nlm.nih.gov/22196735/; https://pubmed.ncbi.nlm.nih.gov/25525881/; https://pubmed.ncbi.nlm.nih.gov/28041852/,"The registry preserves this identity, but independent source evidence is still needed. | This institution is a historical roster label, not a sourced current appointment. | Lab model organisms are not yet source-backed; article-species mentions do not establish a lab model.",,unknown,0,0,0,0,0,0,0,1,0,0
Gilad D. Evrony,early-career awardee,NYU Grossman School of Medicine,neuroscience (awardee),Pew Biomedical,1,0.1,1,2016;2017;2018;2019;2020;2021;2022;2023;2025,0,0,5,,2020,rising (<=6y),unified_pubmed(full-name/affiliation-or-ORCID),last-author proxy,2025,first-paper proxy,2026-09-05T03:56:24+00:00,3,pi_7c6dd5688685591491aa1279667566df,unified-papers,unreviewed,,unreviewed roster label,,unknown,Cellular and molecular neuroscience,Imaging and microscopy; Sequencing and transcriptomics,,unknown,,Developed single-neuron genome sequencing to study L1 retrotransposition and somatic mutation; Used neuronal somatic mutations to track developmental and transcriptional history; Used endogenous retroelements for human brain cell-lineage analysis,cell lineage; cerebral cortex; developmental lineage; endogenous retroelements; genomic mosaicism; human brain; L1 retrotransposition; single human neurons; single neurons; single-neuron sequencing; somatic mutation; somatic mutations; somatic SNVs; transcriptional history,source-backed examples,complete,Selected source-backed full-name primary contributions with team credit and bounded scope; unrelated or review-like candidates were skipped.,,,0,https://pubmed.ncbi.nlm.nih.gov/23101622/; https://pubmed.ncbi.nlm.nih.gov/25569347/; https://pubmed.ncbi.nlm.nih.gov/26430121/,"The registry preserves this identity, but independent source evidence is still needed. | This institution is a historical roster label, not a sourced current appointment. | Lab model organisms are not yet source-backed; article-species mentions do not establish a lab model.",,unknown,0,0,0,0,0,0,0,0,1,0
E. Josephine Clowney,early-career awardee,University of Michigan,neuroscience (awardee),Pew Biomedical,0,0.0,0,2016;2017;2018;2019;2020;2021;2022;2023;2024;2025,0,1,8,,2020,rising (<=6y),unified_pubmed(full-name/affiliation-or-ORCID),last-author proxy,2025,first-paper proxy,2026-09-05T04:36:54+00:00,3,pi_96112c7034485b1d9f121793fff97099,unified-papers,unreviewed,,unreviewed roster label,,unknown,Cellular and molecular neuroscience; Computation and cognition; Learning and memory; Neural circuits and behavior; Sensory systems,Computational modeling; Sequencing and transcriptomics,,unknown,Drosophila,Showed nuclear aggregation of olfactory receptor genes governs monogenic expression; Identified an epigenetic signature for monoallelic olfactory receptor expression; Mapped multimodal chemosensory circuits controlling male Drosophila courtship,chemosensory circuits; Drosophila courtship; epigenetic regulation; heterochromatic foci; heterochromatin; internal state; monoallelic expression; monogenic expression; mouse olfactory neurons; nuclear architecture; olfactory epithelium; olfactory receptor genes; olfactory receptors; P1 interneurons; pheromones,source-backed examples,complete,Selected source-backed full-name primary contributions with team credit and bounded scope; unrelated or review-like candidates were skipped.,,,0,https://pubmed.ncbi.nlm.nih.gov/21529909/; https://pubmed.ncbi.nlm.nih.gov/23141535/; https://pubmed.ncbi.nlm.nih.gov/26279475/,"The registry preserves this identity, but independent source evidence is still needed. | This institution is a historical roster label, not a sourced current appointment. | Lab model organisms are not yet source-backed; article-species mentions do not establish a lab model.",,unknown,0,0,0,0,0,0,0,0,0,0
Cressida Madigan,early-career awardee,"University of California, San Diego",neuroscience (awardee),Pew Biomedical,0,0.0,0,2016;2017;2018;2019;2020;2021;2022;2023;2024;2025,0,0,1,,2022,rising (<=6y),unified_pubmed(full-name/affiliation-or-ORCID),last-author proxy,2025,first-paper proxy,2026-09-05T03:56:27+00:00,3,pi_7beea14783ed5f8aa210b0f0e4dafbfc,unified-papers,unreviewed,,unreviewed roster label,,unknown,,,,unknown,Zebrafish,Showed a macrophage response to Mycobacterium leprae phenolic glycolipid can initiate nerve damage; Developed comparative lipidomics resources for Mycobacterium tuberculosis chemotaxonomy; Used lipidomics to revise mycobactin biosynthesis in Mycobacterium tuberculosis,cell-wall lipids; comparative lipidomics; deoxysiderophores; iron acquisition; leprosy neuropathy; lipidome; M. tuberculosis; macrophage response; Mycobacterium leprae; Mycobacterium tuberculosis; mycobactin biosynthesis; MycoMap; MycoMass; nerve damage; phenolic glycolipid,source-backed examples,complete,Selected source-backed full-name primary contributions with team credit and bounded scope; unrelated or review-like candidates were skipped.,,,0,https://pubmed.ncbi.nlm.nih.gov/22195556/; https://pubmed.ncbi.nlm.nih.gov/22232695/; https://pubmed.ncbi.nlm.nih.gov/28841420/,"The registry preserves this identity, but independent source evidence is still needed. | This institution is a historical roster label, not a sourced current appointment. | Lab model organisms are not yet source-backed; article-species mentions do not establish a lab model.",,unknown,0,0,0,0,0,0,0,0,0,0
Alban Ordureau,early-career awardee,Memorial Sloan Kettering Cancer Center,neuroscience (awardee),Pew Biomedical,0,0.0,0,2016;2017;2018;2019;2020;2021;2022;2023;2024;2025,0,0,3,,2022,rising (<=6y),unified_pubmed(full-name/affiliation-or-ORCID),last-author proxy,2025,first-paper proxy,2026-09-05T03:56:28+00:00,3,pi_47cf91b42d525e6798a6daa1f480c7b3,unified-papers,unreviewed,,unreviewed roster label,,unknown,Development; Neurodegeneration and aging,Organoids and stem-cell models,,unknown,Human,Quantified a feedforward mechanism for PARKIN mitochondrial translocation and ubiquitin-chain synthesis; Showed PINK1-PARKIN ubiquitylation recruits autophagy adaptors and activates TBK1 in mitophagy; Connected Parkinson's-associated LRRK2 mutations to disrupted 14-3-3 binding and localization,14-3-3 proteins; cytoplasmic localization; disease mutations; LRRK2; mitochondria; mitophagy; NDP52; OPTN; PARKIN; Parkinson's disease; PINK1; PINK1-PARKIN; quantitative proteomics; TBK1 activation; ubiquitin chains,source-backed examples,complete,Selected source-backed full-name primary contributions with team credit and bounded scope; unrelated or review-like candidates were skipped.,,,0,https://pubmed.ncbi.nlm.nih.gov/20642453/; https://pubmed.ncbi.nlm.nih.gov/25284222/; https://pubmed.ncbi.nlm.nih.gov/26365381/,"The registry preserves this identity, but independent source evidence is still needed. | This institution is a historical roster label, not a sourced current appointment. | Lab model organisms are not yet source-backed; article-species mentions do not establish a lab model.",,unknown,0,0,0,0,0,0,0,0,0,0
Steve Ramirez,early-career awardee,Boston University,neuroscience (awardee),Pew Biomedical,0,0.0,0,2016;2017;2018;2019;2020;2021;2022;2023;2024;2025,0,1,19,,2018,early (<=10y),unified_pubmed(full-name/affiliation-or-ORCID),last-author proxy,2025,first-paper proxy,2026-09-05T03:56:30+00:00,3,pi_8cc626784bcd5d1981b4da0ff8b4aba1,unified-papers,unreviewed,,unreviewed roster label,,unknown,Computation and cognition; Development; Glia and neuroimmunology; Learning and memory; Neural circuits and behavior; Sensory systems,Calcium imaging; Imaging and microscopy; Optogenetics,,unknown,Mouse,Artificially enhanced and suppressed hippocampus-mediated memories; Showed hippocampal cells segregate positive and negative engrams; Showed engram reactivation mimics cellular signatures of fear,cellular heterogeneity; cellular signatures; dorsal hippocampus; engram modulation; engram reactivation; fear engrams; hippocampal engrams; hippocampus; memory expression; memory manipulation; negative memory; positive memory; real-time responses; ventral hippocampus,source-backed examples,complete,Selected source-backed full-name primary contributions with team credit and bounded scope; unrelated or review-like candidates were skipped.,,,0,https://pubmed.ncbi.nlm.nih.gov/31130452/; https://pubmed.ncbi.nlm.nih.gov/36163262/; https://pubmed.ncbi.nlm.nih.gov/38401120/,"The registry preserves this identity, but independent source evidence is still needed. | This institution is a historical roster label, not a sourced current appointment. | Lab model organisms are not yet source-backed; article-species mentions do not establish a lab model.",,unknown,0,0,0,0,0,0,0,0,0,0
Kara Marshall,early-career awardee,Baylor College of Medicine,neuroscience (awardee),Pew Biomedical,0,0.0,0,2016;2017;2018;2019;2020;2021;2022;2023;2024;2025,2,0,4,,2016,early (<=10y),unified_pubmed(full-name/affiliation-or-ORCID),last-author proxy,2025,first-paper proxy,2026-09-05T03:56:32+00:00,3,pi_bdd7e51c8830521f8d83a71e5f3d66a1,unified-papers,unreviewed,,unreviewed roster label,,unknown,Cellular and molecular neuroscience; Sensory systems,,,unknown,Mouse,Showed Merkel cells actively tune mammalian touch receptors; Identified PIEZO channels as mediators of baroreceptor blood-pressure sensing; Showed PIEZO2 coordinates urination through sensory neurons and urothelial cells,baroreceptor reflex; blood pressure; epidermis; mechanosensation; Merkel cells; PIEZO channels; PIEZO2; sensory neurons; somatosensory afferents; touch receptors; urination; urothelial cells,source-backed examples,complete,Selected source-backed full-name primary contributions with team credit and bounded scope; unrelated or review-like candidates were skipped.,,,0,https://pubmed.ncbi.nlm.nih.gov/24717432/; https://pubmed.ncbi.nlm.nih.gov/30361375/; https://pubmed.ncbi.nlm.nih.gov/33057202/,"The registry preserves this identity, but independent source evidence is still needed. | This institution is a historical roster label, not a sourced current appointment. | Lab model organisms are not yet source-backed; article-species mentions do not establish a lab model.",,unknown,0,0,0,0,0,0,0,0,0,0
Helen Vuong,early-career awardee,University of Minnesota,neuroscience (awardee),Pew Biomedical,0,0.0,0,2016;2017;2018;2019;2020;2021;2022;2023;2024;2025,0,0,4,,2022,rising (<=6y),unified_pubmed(full-name/affiliation-or-ORCID),last-author proxy,2025,first-paper proxy,2026-09-05T03:56:33+00:00,3,pi_22d1c99325e759a489ea805507cb413d,unified-papers,unreviewed,,unreviewed roster label,,unknown,Development; Neural circuits and behavior,,,unknown,Mouse,Showed gut microbiota mediate anti-seizure effects of the ketogenic diet; Showed the maternal microbiome modulates fetal neurodevelopment in mice; Linked small-intestinal microbial metabolites to vagal activity,epilepsy models; fetal neurodevelopment; GABA-glutamate balance; gut microbiota; gut-brain signaling; ketogenic diet; maternal microbiome; microbial metabolites; mouse cortex; neuronal development; pregnancy; receptor-mediated signaling; seizures; small intestine; vagus nerve,source-backed examples,complete,Selected source-backed full-name primary contributions with team credit and bounded scope; unrelated or review-like candidates were skipped.,,,0,https://pubmed.ncbi.nlm.nih.gov/29804833/; https://pubmed.ncbi.nlm.nih.gov/32968276/; https://pubmed.ncbi.nlm.nih.gov/39877906/,"The registry preserves this identity, but independent source evidence is still needed. | This institution is a historical roster label, not a sourced current appointment. | Lab model organisms are not yet source-backed; article-species mentions do not establish a lab model.",,unknown,0,0,0,0,0,0,0,0,0,0
Yerbol Kurmangaliyev,early-career awardee,Brandeis University,neuroscience (awardee),Pew Biomedical,0,0.0,0,2016;2017;2018;2019;2020;2021;2022;2023;2024;2025,0,0,0,,2023,rising (<=6y),unified_pubmed(full-name/affiliation-or-ORCID),last-author proxy,2025,first-paper proxy,2026-09-05T03:56:35+00:00,3,pi_b71964a2521850deacab76ae6c4880ab,unified-papers,unreviewed,,unreviewed roster label,,unknown,,,,unknown,,Mapped transcriptional programs of Drosophila visual-system circuit assembly; Defined modular transcriptional programs for axon and dendrite connectivity; Showed synaptic gradients transform object location into action,axon connectivity; circuit assembly; dendrite connectivity; Drosophila; Drosophila visual system; movement direction; neuronal development; sensorimotor transformation; single-cell RNA-seq; single-cell transcriptomics; synaptic gradients; T4/T5 neurons; transcriptional programs; visual object location,source-backed examples,complete,Selected source-backed full-name primary contributions with team credit and bounded scope; unrelated or review-like candidates were skipped.,,,1,https://pubmed.ncbi.nlm.nih.gov/31687928/; https://pubmed.ncbi.nlm.nih.gov/33125872/; https://pubmed.ncbi.nlm.nih.gov/36599984/,"The registry preserves this identity, but independent source evidence is still needed. | This institution is a historical roster label, not a sourced current appointment. | Lab model organisms are not yet source-backed; article-species mentions do not establish a lab model. | 1 candidate papers remain unresolved and are not included in totals.",,unknown,0,0,0,0,0,0,0,0,0,0
En Yang,early-career awardee,"University of North Carolina, Chapel Hill",neuroscience (awardee),Pew Biomedical,0,0.0,0,2016;2017;2018;2019;2020;2021;2022;2023;2024;2025,0,0,0,,2023,rising (<=6y),unified_pubmed(full-name/affiliation-or-ORCID),last-author proxy,2025,first-paper proxy,2026-09-05T18:53:18+00:00,3,pi_0de12e4888a352f6b6af7a4704fefa2f,unified-papers,source-backed,,unreviewed roster label,,unknown,,,,unknown,,Hindbrain integration of self-location memory,hindbrain integration; positional homeostasis; self-location memory; zebrafish,source-backed examples,complete,Independent UNC profile and lab publication list connect En Yang to the Janelia-era primary study; no grant-proposal aims are treated as findings.,,,0,https://bio.unc.edu/faculty-profile/yang-en/; https://europepmc.org/article/MED/36563666,"This institution is a historical roster label, not a sourced current appointment. | Lab model organisms are not yet source-backed; article-species mentions do not establish a lab model. | Excluded 2 different-given-name candidates; review aliases if any exclusion is unexpected.",,unknown,0,0,0,0,0,0,0,0,0,0
Adrienne A. Boire,early-career awardee,Memorial Sloan Kettering,neuroscience (awardee),Pew Biomedical,2,0.2,2,2016;2017;2018;2019;2021;2022;2023;2024,0,0,18,,2020,rising (<=6y),unified_pubmed(full-name/affiliation-or-ORCID),last-author proxy,2025,first-paper proxy,2026-09-05T03:56:38+00:00,3,pi_1764576086bd53e5a9ebb771641b6ed6,unified-papers,unreviewed,,unreviewed roster label,,unknown,Cellular and molecular neuroscience; Learning and memory; Motor systems,MRI and neuroimaging; Sequencing and transcriptomics,,unknown,Mouse,Showed leptomeningeal cancer cells use lipocalin-2 to acquire limiting iron; Tested proton craniospinal irradiation for solid-tumor leptomeningeal metastasis; Showed leptomeningeal metastatic cells adopt two phenotypic states,cancer cells; cerebrospinal fluid; clinical trial; CNS metastasis; CNS progression-free survival; disease models; iron acquisition; leptomeningeal metastasis; lipocalin-2; phenotypic states; proton craniospinal irradiation; radiotherapy,source-backed examples,complete,Selected source-backed full-name primary contributions with team credit and bounded scope; unrelated or review-like candidates were skipped.,,,0,https://pubmed.ncbi.nlm.nih.gov/32675368/; https://pubmed.ncbi.nlm.nih.gov/33372403/; https://pubmed.ncbi.nlm.nih.gov/35802849/,"The registry preserves this identity, but independent source evidence is still needed. | This institution is a historical roster label, not a sourced current appointment. | Lab model organisms are not yet source-backed; article-species mentions do not establish a lab model.",,unknown,0,0,0,0,1,0,0,0,0,1
Seth Shipman,early-career awardee,Gladstone Institutes,neuroscience (awardee),Pew Biomedical,1,0.1,1,2016;2017;2018;2019;2020;2021;2023;2024;2025,0,0,11,,2021,rising (<=6y),unified_pubmed(full-name/affiliation-or-ORCID),last-author proxy,2025,first-paper proxy,2026-09-05T03:56:40+00:00,3,pi_a4442d299425525b903053c2336334de,unified-papers,unreviewed,,unreviewed roster label,,unknown,Computation and cognition; Learning and memory,Computational modeling; Imaging and microscopy,,unknown,,Introduced molecular recording by directed CRISPR spacer acquisition; Encoded digital images and a movie into living bacterial genomes with CRISPR-Cas; Developed rapid neurogenesis through transcriptional activation in human stem cells,cellular history; CRISPR spacer acquisition; CRISPR-Cas; digital movie; DNA information storage; genomic encoding; genomic record; human stem cells; living cells; molecular recording; neuronal differentiation; rapid neurogenesis; reprogramming; synthetic biology; transcriptional activation,source-backed examples,complete,Selected source-backed full-name primary contributions with team credit and bounded scope; unrelated or review-like candidates were skipped.,,,0,https://pubmed.ncbi.nlm.nih.gov/25403753/; https://pubmed.ncbi.nlm.nih.gov/27284167/; https://pubmed.ncbi.nlm.nih.gov/28700573/,"The registry preserves this identity, but independent source evidence is still needed. | This institution is a historical roster label, not a sourced current appointment. | Lab model organisms are not yet source-backed; article-species mentions do not establish a lab model.",,unknown,0,0,0,0,0,0,1,0,0,0
Sara Prescott,early-career awardee,Massachusetts Institute of Technology,neuroscience (awardee),Pew Biomedical,0,0.0,0,2016;2017;2018;2019;2020;2021;2022;2023;2024;2025,0,0,0,,,unknown,unified_pubmed(full-name/affiliation-or-ORCID),last-author proxy,2025,,2026-09-05T03:56:42+00:00,3,pi_1a41e42dc7e659eaae829a9393e2e116,unified-papers,unreviewed,,unreviewed roster label,,unknown,,,,unknown,,Human and chimp cranial neural crest enhancer divergence maps regulatory evolution; Epigenomic enhancer annotation identifies transcriptional regulators of human neural crest; Area postrema cell types mediate nausea-associated behaviors,area postrema; cellular anthropology; cis-regulatory evolution; cranial neural crest; craniofacial development; epigenomic enhancer annotation; excitatory neuron types; facial variation genes; human neural crest; human-chimp enhancer divergence; nausea behaviors; NR2F1 NR2F2; single-nucleus RNA sequencing; TFAP2A; visceral malaise,source-backed examples,complete,Selected full-name Sara/Sara L. Prescott papers in neural crest regulation and area postrema circuitry; nursing namesakes were excluded.,,,0,https://pubmed.ncbi.nlm.nih.gov/22981823/; https://pubmed.ncbi.nlm.nih.gov/26365491/; https://pubmed.ncbi.nlm.nih.gov/33278342/,"The registry preserves this identity, but independent source evidence is still needed. | This institution is a historical roster label, not a sourced current appointment. | Lab model organisms are not yet source-backed; article-species mentions do not establish a lab model.",,unknown,0,0,0,0,0,0,0,0,0,0
Matthew Bramble,early-career awardee,Children's National Hospital,neuroscience (awardee),Pew Biomedical,0,0.0,0,2016;2017;2018;2019;2020;2021;2022;2023;2024;2025,0,0,0,,,unknown,unified_pubmed(full-name/affiliation-or-ORCID),last-author proxy,2025,,2026-09-05T03:56:43+00:00,3,pi_c57e8dd68efc55729e105ae09fa92624,unified-papers,unreviewed,,unreviewed roster label,,unknown,,,,unknown,,"Next-generation mapping detects pathogenic structural variants missed by short-read approaches; Testosterone alters sex-specific transcriptome and epigenome programs in embryonic neural stem cells; Long-term Ebola survivors showed neurological, cognitive, and psychological differences",carrier detection; cognitive scores; depression anxiety; DNA methylation; Duchenne muscular dystrophy; Ebola survivors; embryonic neural stem cells; genomic diagnosis; histone acetylation; Kikwit outbreak; neurological sequelae; next-generation mapping; sex-specific gene expression; structural variants; testosterone,source-backed examples,complete,"Selected full-name Matthew S. Bramble papers with coherent genomic, neurodevelopmental, and neurological-outcome evidence; unrelated or weaker namesake records were not used.",,,0,https://pubmed.ncbi.nlm.nih.gov/27845378/; https://pubmed.ncbi.nlm.nih.gov/29070057/; https://pubmed.ncbi.nlm.nih.gov/30107392/,"The registry preserves this identity, but independent source evidence is still needed. | This institution is a historical roster label, not a sourced current appointment. | Lab model organisms are not yet source-backed; article-species mentions do not establish a lab model.",,unknown,0,0,0,0,0,0,0,0,0,0
Kwanghun Chung,early-career awardee,Massachusetts Institute of Technology,neuroscience (awardee),NIH DP2,2,0.2,2,2016;2017;2018;2019;2020;2022;2023;2025,0,0,5,,,unknown,unified_pubmed(full-name/affiliation-or-ORCID),last-author proxy,2025,,2026-09-05T03:56:44+00:00,3,pi_60da7d27fd30524f899bbb6c0a9eaa68,unified-papers,unreviewed,,unreviewed roster label,,unknown,Cellular and molecular neuroscience; Learning and memory; Neural circuits and behavior; Neurodegeneration and aging,Connectomics; Imaging and microscopy; Sequencing and transcriptomics,,unknown,Human; Mouse; Rat,"SHIELD preserves tissue molecular and structural features for harsh clearing and imaging; eMAP enables epitope-preserving expanded proteomic imaging of brain tissue; Integrated platform maps molecular, cellular, and connectivity features in human brain tissue",Alzheimer's pathology; eMAP; epitope preservation; expanded tissue gels; human brain imaging; intact tissue clearing; MEGAtome; mELAST; molecular phenotyping; multiplexed proteomics; polyfunctional crosslinkers; SHIELD; single-cell resolution; synaptic antibodies; UNSLICE,source-backed examples,complete,Selected full-name Kwanghun Chung tissue-processing and multiscale imaging tools with distinct technical purposes.,,,0,https://pubmed.ncbi.nlm.nih.gov/30556815/; https://pubmed.ncbi.nlm.nih.gov/34767453/; https://pubmed.ncbi.nlm.nih.gov/38870291/,"The registry preserves this identity, but independent source evidence is still needed. | This institution is a historical roster label, not a sourced current appointment. | Lab model organisms are not yet source-backed; article-species mentions do not establish a lab model.",,unknown,0,0,0,0,0,1,0,0,1,0
Joel Kralj,early-career awardee,University of Colorado Boulder,neuroscience (awardee),NIH DP2,0,0.0,0,2016;2017;2018;2019;2020;2021;2022;2023;2024;2025,0,1,8,,,unknown,unified_pubmed(full-name/affiliation-or-ORCID),last-author proxy,2025,,2026-09-05T03:56:46+00:00,3,pi_61d01c78e4d35f3baaaf7e7f9fa05c5c,unified-papers,unreviewed,,unreviewed roster label,,unknown,Cellular and molecular neuroscience; Learning and memory,Computational modeling; Electrophysiology; Imaging and microscopy,,unknown,,Microbial rhodopsin fluorescence reports single action potentials in mammalian neurons; Optopatch combines optical voltage reporting and perturbation for all-optical electrophysiology; Fluorescent voltage probes revealed electrical spiking in individual E. coli,action potentials; Archaerhodopsin 3; bacterial efflux; CheRiff actuator; electrical spiking; Escherichia coli; genetically encoded voltage indicator; human stem-cell neurons; membrane potential; optical electrophysiology; Optopatch; patterned optical stimulation; PROPS voltage sensor; QuasAr voltage indicators; rat hippocampal neurons,source-backed examples,complete,Selected full-name Joel M. Kralj optical electrophysiology and bacterial bioelectricity papers with distinct findings.,,,0,https://pubmed.ncbi.nlm.nih.gov/21764748/; https://pubmed.ncbi.nlm.nih.gov/22120467/; https://pubmed.ncbi.nlm.nih.gov/24952910/,"The registry preserves this identity, but independent source evidence is still needed. | This institution is a historical roster label, not a sourced current appointment. | Lab model organisms are not yet source-backed; article-species mentions do not establish a lab model.",,unknown,0,0,0,0,0,0,0,0,0,0
Bozhi Tian,early-career awardee,University of Chicago,neuroscience (awardee),NIH DP2,4,0.4,3,2016;2017;2018;2020;2021;2022;2023,0,0,49,,,unknown,unified_pubmed(full-name/affiliation-or-ORCID),last-author proxy,2025,,2026-09-05T03:56:48+00:00,3,pi_97e964a47b34539c97fe550158c1af60,unified-papers,unreviewed,,unreviewed roster label,,unknown,,Electrophysiology; Imaging and microscopy; Optogenetics,,unknown,Mouse; Rat,Heterogeneous silicon mesostructures support lipid-bilayer bioelectric interfaces; Atomic gold enables three-dimensional lithography of silicon mesostructures; Silicon materials enable nongenetic optical neuromodulation in brain preparations,3D lithography; bioelectric modulation; collagen hydrogel interfaces; dorsal root ganglion neurons; gold diffusion; lipid bilayer interface; mesostructured silicon; mouse brain slices; neuronal excitability; nongenetic neuromodulation; nongenetic photostimulation; optical biomodulation; silicon materials; silicon mesostructures; silicon nanowires,source-backed examples,complete,Selected full-name Bozhi Tian primary semiconductor-biointerface papers; the review article was excluded.,,,2,https://pubmed.ncbi.nlm.nih.gov/26113718/; https://pubmed.ncbi.nlm.nih.gov/27348576/; https://pubmed.ncbi.nlm.nih.gov/30980031/,"The registry preserves this identity, but independent source evidence is still needed. | This institution is a historical roster label, not a sourced current appointment. | Lab model organisms are not yet source-backed; article-species mentions do not establish a lab model. | 2 candidate papers remain unresolved and are not included in totals.",,unknown,0,0,0,1,0,0,0,0,2,1
Michael Sheehan,early-career awardee,Cornell University,neuroscience (awardee),NIH DP2,1,0.1,1,2016;2017;2018;2019;2020;2021;2022;2023;2024,0,0,28,,,unknown,unified_pubmed(full-name/affiliation-or-ORCID),last-author proxy,2025,,2026-09-05T03:56:50+00:00,3,pi_90d9cb856f7552cba2c666447ccbee4e,unified-papers,unreviewed,,unreviewed roster label,,unknown,Cellular and molecular neuroscience; Computation and cognition; Learning and memory; Neural circuits and behavior; Sensory systems,Sequencing and transcriptomics,,unknown,Mouse; Rat,Human prefrontal white matter is disproportionately enlarged relative to other primates; Paper wasp individual recognition is associated with specialized face learning; Human faces show morphological and genomic signatures consistent with identity signaling,cerebral volume; connectional elaboration; face learning; frequency-dependent selection; human brain evolution; human facial variation; individual identity; individual recognition; paper wasps; Polistes fuscatus; population genomics; prefrontal white matter; primate MRI; social cognition; social evolution,source-backed examples,complete,Selected full-name Michael J. Sheehan contributions in brain evolution and individual-recognition/social-signal evolution; Michael P. Sheehan clinical namesakes were excluded.,,,0,https://pubmed.ncbi.nlm.nih.gov/15665874/; https://pubmed.ncbi.nlm.nih.gov/22144625/; https://pubmed.ncbi.nlm.nih.gov/25226282/,"The registry preserves this identity, but independent source evidence is still needed. | This institution is a historical roster label, not a sourced current appointment. | Lab model organisms are not yet source-backed; article-species mentions do not establish a lab model. | Excluded 4 different-given-name candidates; review aliases if any exclusion is unexpected.",,unknown,0,0,0,0,0,0,0,0,0,1
Neville Sanjana,early-career awardee,New York University,neuroscience (awardee),NIH DP2,3,0.3,3,2016;2017;2018;2019;2021;2024;2025,0,1,24,,,unknown,unified_pubmed(full-name/affiliation-or-ORCID),last-author proxy,2025,,2026-09-05T03:56:53+00:00,3,pi_dd09fcb8a26a5888b9076a162dcf0346,unified-papers,unreviewed,,unreviewed roster label,,unknown,Cellular and molecular neuroscience; Computation and cognition; Development; Learning and memory,Organoids and stem-cell models; Sequencing and transcriptomics,,unknown,Human; Mouse,Genome-scale CRISPR-Cas9 knockout screening in human cells; Cas9 saturating mutagenesis maps functional BCL11A enhancer elements; Autism-risk genes converge on asynchronous development of shared cortical neuron classes,autism risk genes; BCL11A enhancer; cerebral cortex organoids; CRISPR-Cas9; deep-layer projection neurons; fetal hemoglobin; GABAergic neurons; GeCKO library; human cells; noncoding elements; pooled knockout screen; saturating mutagenesis; single-cell RNA sequencing; therapeutic genome editing; vemurafenib resistance,source-backed examples,complete,"Selected full-name Neville E. Sanjana examples spanning genome-scale CRISPR screening, noncoding enhancer dissection, and neurodevelopmental organoid perturbation.",,,0,https://pubmed.ncbi.nlm.nih.gov/24336571/; https://pubmed.ncbi.nlm.nih.gov/26375006/; https://pubmed.ncbi.nlm.nih.gov/35110736/,"The registry preserves this identity, but independent source evidence is still needed. | This institution is a historical roster label, not a sourced current appointment. | Lab model organisms are not yet source-backed; article-species mentions do not establish a lab model.",,unknown,0,0,0,0,1,0,1,1,0,0
Zoe Donaldson,early-career awardee,University of Colorado Boulder,neuroscience (awardee),NIH DP2,0,0.0,0,2016;2017;2018;2019;2020;2021;2022;2023;2024;2025,0,1,16,,,unknown,unified_pubmed(full-name/affiliation-or-ORCID),last-author proxy,2025,,2026-09-05T03:56:55+00:00,3,pi_658cb33b54245e669172a4a7c3e71cf8,unified-papers,unreviewed,,unreviewed roster label,,unknown,Glia and neuroimmunology; Learning and memory; Neural circuits and behavior,Calcium imaging; Imaging and microscopy; Optogenetics,,unknown,Mouse; Rat,Vasopressin V1a receptor signaling is required for prairie vole partner preference formation and expression; Nucleus accumbens ensembles encode partner approach during monogamous reunion; Reactivating prefrontal social ensembles mimics social buffering of fear,activity-dependent tagging; bond strength; calcium imaging; fear freezing; infralimbic prefrontal cortex; nucleus accumbens; partner approach ensembles; partner preference; prairie vole pair bond; prairie voles; social bond expression; social bond formation; social buffering; social neural ensembles; vasopressin V1a receptor,source-backed examples,complete,Selected full-name Zoe R. Donaldson social neuroscience and dentate-serotonin examples; leukemia namesakes were excluded.,,,0,https://pubmed.ncbi.nlm.nih.gov/20141291/; https://pubmed.ncbi.nlm.nih.gov/32035426/; https://pubmed.ncbi.nlm.nih.gov/32381740/,"The registry preserves this identity, but independent source evidence is still needed. | This institution is a historical roster label, not a sourced current appointment. | Lab model organisms are not yet source-backed; article-species mentions do not establish a lab model.",,unknown,0,0,0,0,0,0,0,0,0,0
Lindy McBride,early-career awardee,Princeton University,neuroscience (awardee),NIH DP2,0,0.0,0,2016;2017;2018;2019;2020;2021;2022;2023;2024;2025,0,0,1,,,unknown,unified_pubmed(full-name/affiliation-or-ORCID),last-author proxy,2025,,2026-09-05T03:56:57+00:00,3,pi_228e95bf2ca95e29a7b7974e7a993d0e,unified-papers,unreviewed,,unreviewed roster label,,unknown,,,,unknown,,Human-biting preference in Aedes aegypti is linked to an odorant receptor; Mosquito brains encode human-odor features that drive host seeking; Pan-neuronal genetic drivers expand neurogenetic access in Aedes aegypti,AaegOr4; Aedes aegypti; Aedes aegypti brain; antennal lobe glomeruli; behavioral evolution; brp QF2w; host seeking; human odor coding; human odor preference; long-chain aldehydes; mosquito neurogenetics; mosquito olfaction; pan-neuronal driver; Syt1 GCaMP6s,source-backed examples,complete,"The supplied batch candidates were initials-only namesakes and not identity-safe. I used identity-scoped clues from neuro_stats, verified PubMed primary records for Carolyn S/Lindy McBride, and confirmed identity via the McBride Lab page naming Carolyn (Lindy) McBride at Princeton.",,,0,https://pubmed.ncbi.nlm.nih.gov/25391959/; https://pubmed.ncbi.nlm.nih.gov/34590074/; https://pubmed.ncbi.nlm.nih.gov/35508661/,"The registry preserves this identity, but independent source evidence is still needed. | This institution is a historical roster label, not a sourced current appointment. | Lab model organisms are not yet source-backed; article-species mentions do not establish a lab model.",,unknown,0,0,0,0,0,0,0,0,0,0
Carlos Vargas-Irwin,early-career awardee,Brown University,neuroscience (awardee),NIH DP2,0,0.0,0,2016;2017;2018;2019;2020;2021;2022;2023;2024;2025,0,0,2,,,unknown,unified_pubmed(full-name/affiliation-or-ORCID),last-author proxy,2025,,2026-09-05T03:56:59+00:00,3,pi_2c4b301f4a0e51a693cd537286276068,unified-papers,unreviewed,,unreviewed roster label,,unknown,Motor systems; Neural circuits and behavior,,,unknown,Human,Local M1 populations encode complete reach-and-grasp actions; Hybrid motor and premotor signals clarify BCI control channels for 3D reach and grasp; Long-term failure modes of silicon intracortical microelectrode arrays were classified in primates,brain-computer interface; failure modes; intracortical arrays; intracortical microelectrode arrays; local field potentials; macaque; motor cortex; neuroprosthetic decoding; neuroprosthetic sensors; non-human primates; premotor cortex; primary motor cortex; reach and grasp; recording reliability; spikes,source-backed examples,complete,Selected full-name Carlos/Carlos E. Vargas-Irwin papers on intracortical arrays and reach-grasp decoding.,,,0,https://pubmed.ncbi.nlm.nih.gov/20660249/; https://pubmed.ncbi.nlm.nih.gov/22157115/; https://pubmed.ncbi.nlm.nih.gov/24216311/,"The registry preserves this identity, but independent source evidence is still needed. | This institution is a historical roster label, not a sourced current appointment. | Lab model organisms are not yet source-backed; article-species mentions do not establish a lab model.",,unknown,0,0,0,0,0,0,0,0,0,0
Matthew Kayser,early-career awardee,University of Pennsylvania,neuroscience (awardee),NIH DP2,0,0.0,0,2016;2017;2018;2019;2020;2021;2022;2023;2024;2025,0,3,16,,,unknown,unified_pubmed(full-name/affiliation-or-ORCID),last-author proxy,2025,,2026-09-05T03:57:00+00:00,3,pi_1dd0a51857cb5377aba1edbf168c8571,unified-papers,unreviewed,,unreviewed roster label,,unknown,Cellular and molecular neuroscience; Development; Learning and memory; Neural circuits and behavior; Neurodegeneration and aging; Sensory systems; Sleep and circadian rhythms,Imaging and microscopy; Organoids and stem-cell models,,unknown,C. elegans; Drosophila,Isolated psychiatric episodes are rare but treatable presentations or relapses of anti-NMDAR encephalitis; EphB receptors organize glutamatergic synapse development through separable domains; Early-life sleep supports development of Drosophila courtship circuitry and behavior,AMPA receptors; anti-NMDAR encephalitis; clinical cohort; courtship behavior; critical period; dendritic spines; dopaminergic circuit; Drosophila sleep; EphB2; ephrin binding; glutamatergic synaptogenesis; immunotherapy; NMDAR antibodies; psychiatric episodes; VA1v glomerulus,source-backed examples,complete,"Selected full-name Matthew S. Kayser papers spanning clinical anti-NMDAR encephalitis, glutamatergic synaptogenesis, and developmental sleep function.",,,1,https://pubmed.ncbi.nlm.nih.gov/17122040/; https://pubmed.ncbi.nlm.nih.gov/23877059/; https://pubmed.ncbi.nlm.nih.gov/24744368/,"The registry preserves this identity, but independent source evidence is still needed. | This institution is a historical roster label, not a sourced current appointment. | Lab model organisms are not yet source-backed; article-species mentions do not establish a lab model. | 1 candidate papers remain unresolved and are not included in totals.",,unknown,0,0,0,0,0,0,0,0,0,0
Raju Tomer,early-career awardee,Columbia University,neuroscience (awardee),NIH DP2,0,0.0,0,2016;2017;2018;2019;2020;2021;2022;2023;2024;2025,0,0,4,,,unknown,unified_pubmed(full-name/affiliation-or-ORCID),last-author proxy,2025,,2026-09-05T03:57:02+00:00,3,pi_26b771be788e5292a220dd1bfd953629,unified-papers,unreviewed,,unreviewed roster label,,unknown,Learning and memory; Neural circuits and behavior,Calcium imaging; Imaging and microscopy; Organoids and stem-cell models,,unknown,Mouse,Advanced CLARITY and COLM accelerate high-resolution imaging of intact tissues; SiMView enables high-speed multiview light-sheet imaging of whole developing embryos; Intact-brain analyses separate information streams in SNc dopamine subcircuits,cell tracking; CLARITY; COLM; developing nervous system; dopamine neurons; Drosophila embryos; fiber photometry; intact tissue imaging; light-sheet microscopy; multiview light-sheet microscopy; nigrostriatal subcircuits; SiMView; substantia nigra pars compacta; whole-brain staining,source-backed examples,complete,"Selected full-name Raju Tomer contributions that distinguish intact-brain clearing/imaging, live multiview microscopy, and dopamine-circuit analysis.",,,0,https://pubmed.ncbi.nlm.nih.gov/22660741/; https://pubmed.ncbi.nlm.nih.gov/24945384/; https://pubmed.ncbi.nlm.nih.gov/26232229/,"The registry preserves this identity, but independent source evidence is still needed. | This institution is a historical roster label, not a sourced current appointment. | Lab model organisms are not yet source-backed; article-species mentions do not establish a lab model.",,unknown,0,0,0,0,0,0,0,0,0,0
Medha Pathak,early-career awardee,UC Irvine,neuroscience (awardee),NIH DP2,0,0.0,0,2016;2017;2018;2019;2020;2021;2022;2023;2024;2025,0,1,4,,,unknown,unified_pubmed(full-name/affiliation-or-ORCID),last-author proxy,2025,,2026-09-05T04:36:56+00:00,3,pi_e4d13fb9858d5b9fa09241637d0b76f8,unified-papers,unreviewed,,unreviewed roster label,,unknown,Cellular and molecular neuroscience; Development; Motor systems,Imaging and microscopy; Organoids and stem-cell models,,unknown,Mouse,Piezo1 directs mechanosensitive lineage choice in human neural stem/progenitor cells; Voltage-sensing arginines move through an ion-excluding pathway in Shaker potassium channels; Cell-generated traction forces trigger localized Piezo1 calcium flickers,calcium flickers; cation pathway; gating charge; human neural stem cells; lineage choice; mechanical microdomains; mechanotransduction; myosin II; Piezo1; S4 arginines; Shaker potassium channel; substrate stiffness; traction forces; voltage-sensing domain,source-backed examples,complete,Selected full-name Medha M. Pathak papers on mechanosensitive Piezo signaling and voltage-gated channel mechanisms.,,,0,https://pubmed.ncbi.nlm.nih.gov/15694325/; https://pubmed.ncbi.nlm.nih.gov/25349416/; https://pubmed.ncbi.nlm.nih.gov/31396578/,"The registry preserves this identity, but independent source evidence is still needed. | This institution is a historical roster label, not a sourced current appointment. | Lab model organisms are not yet source-backed; article-species mentions do not establish a lab model.",,unknown,0,0,0,0,0,0,0,0,0,0
Michael Tadross,early-career awardee,Duke University,neuroscience (awardee),NIH DP2,1,0.1,1,2016;2018;2019;2020;2021;2022;2023;2024;2025,0,0,3,,,unknown,unified_pubmed(full-name/affiliation-or-ORCID),last-author proxy,2025,,2026-09-05T03:57:06+00:00,3,pi_2ea9c7dcbb415ef385db05dcc19ce2cf,unified-papers,unreviewed,,unreviewed roster label,,unknown,Cellular and molecular neuroscience; Neural circuits and behavior; Neurodegeneration and aging,Electrophysiology; Optogenetics,,unknown,Mouse; Rat,CaMPARI labels active neural circuits with temporally gated calcium-dependent photoconversion; Sequential calcium influx and channel conformational signaling drive neuronal gene expression; DART restricts pharmacological manipulation to defined cell types in behaving animals,active circuit labeling; AMPAR antagonist; calcium integrator; calcium signaling; CaMPARI; CaV1.2 channels; cell-specific pharmacology; DART; dorsal striatum; neuronal gene expression; parkinsonian akinesia; photoconversion; Timothy syndrome; voltage-dependent conformational change; zebrafish flies mice,source-backed examples,complete,"Selected full-name Michael R. Tadross contributions in activity labeling, calcium-channel signaling, and cell-specific pharmacology.",,,0,https://pubmed.ncbi.nlm.nih.gov/25678659/; https://pubmed.ncbi.nlm.nih.gov/26912895/; https://pubmed.ncbi.nlm.nih.gov/28385956/,"The registry preserves this identity, but independent source evidence is still needed. | This institution is a historical roster label, not a sourced current appointment. | Lab model organisms are not yet source-backed; article-species mentions do not establish a lab model.",,unknown,0,1,0,0,0,0,0,0,0,0
Darcie Moore,early-career awardee,University of Wisconsin,neuroscience (awardee),NIH DP2,0,0.0,0,2016;2017;2018;2019;2020;2021;2022;2023;2024;2025,0,0,6,,,unknown,unified_pubmed(full-name/affiliation-or-ORCID),last-author proxy,2025,,2026-09-05T03:57:07+00:00,3,pi_996f85eeab0e522f8660b10c89dfd300,unified-papers,unreviewed,,unreviewed roster label,,unknown,Development,Imaging and microscopy; Organoids and stem-cell models,,unknown,Human; Mouse,KLF transcription factors regulate intrinsic CNS axon regeneration capacity; Vimentin coordinates aggresome proteostasis during neural stem-cell quiescence exit; Autofluorescence reports neural stem-cell activation state,adult neurogenesis; aggresomes; autofluorescence; axon regeneration; CNS neurons; FLIM; KLF4; neural stem cells; optic nerve injury; proteostasis; quiescence exit; quiescence marker; retinal ganglion cells; vimentin,source-backed examples,complete,The batch provided one full-name Darcie L. Moore neuroscience anchor and several unrelated initials-only namesakes. I used same-ID neuro_stats clues and independently verified additional full-name PubMed primary papers.,,,0,https://pubmed.ncbi.nlm.nih.gov/19815778/; https://pubmed.ncbi.nlm.nih.gov/32109376/; https://pubmed.ncbi.nlm.nih.gov/38521057/,"The registry preserves this identity, but independent source evidence is still needed. | This institution is a historical roster label, not a sourced current appointment. | Lab model organisms are not yet source-backed; article-species mentions do not establish a lab model. | Excluded 3 different-given-name candidates; review aliases if any exclusion is unexpected.",,unknown,0,0,0,0,0,0,0,0,0,0
Alexandros Poulopoulos,early-career awardee,University of Maryland,neuroscience (awardee),NIH DP2,0,0.0,0,2016;2017;2018;2019;2020;2021;2022;2023;2024;2025,0,0,9,,,unknown,unified_pubmed(full-name/affiliation-or-ORCID),last-author proxy,2025,,2026-09-05T03:57:09+00:00,3,pi_aef029f9bc9f57a3bd2eebf5a046abc3,unified-papers,unreviewed,,unreviewed roster label,,unknown,Cellular and molecular neuroscience; Development; Glia and neuroimmunology; Learning and memory; Motor systems,Imaging and microscopy; Sequencing and transcriptomics,,unknown,Mouse; Rat,DNA-repair protein fusions improve Cas9 knockin efficiency and precision; Region-specific neuroligin-3 phosphorylation directs excitatory versus inhibitory synapse localization; DNA electrokinetic mobility tracks Purkinje-cell developmental trajectories,Cas9 knockin; cerebellar development; developing mouse brain; DNA electrokinetic mobility; DNA repair fusions; editing precision; excitatory synapses; in vivo genome editing; inhibitory synapses; neuroligin-3; phosphorylation; progenitor zones; Purkinje cells; stereo-tracking; synapse localization,source-backed examples,complete,Selected full-name Alexandros Poulopoulos primary/tool contributions; review-style historical and mTOR overview records were not used.,,,0,https://pubmed.ncbi.nlm.nih.gov/37713292/; https://pubmed.ncbi.nlm.nih.gov/38154503/; https://pubmed.ncbi.nlm.nih.gov/40865536/,"The registry preserves this identity, but independent source evidence is still needed. | This institution is a historical roster label, not a sourced current appointment. | Lab model organisms are not yet source-backed; article-species mentions do not establish a lab model.",,unknown,0,0,0,0,0,0,0,0,0,0
Talia Lerner,early-career awardee,Northwestern University,neuroscience (awardee),NIH DP2,1,0.1,1,2016;2017;2019;2020;2021;2022;2023;2024;2025,0,0,9,,,unknown,unified_pubmed(full-name/affiliation-or-ORCID),last-author proxy,2025,,2026-09-05T03:57:12+00:00,3,pi_66916e7aa6f45ce98102aa330b6cb38f,unified-papers,unreviewed,,unreviewed roster label,,unknown,Computation and cognition; Learning and memory; Motor systems; Neural circuits and behavior; Neurodegeneration and aging; Sleep and circadian rhythms,MRI and neuroimaging; Optogenetics,,unknown,Mouse,SNc dopamine neurons form parallel nigrostriatal information streams; Basomedial amygdala mediates prefrontal top-down control of anxiety and fear; Nucleus accumbens D2R cells encode prior outcomes and causally control risky choice,anxiety; basomedial amygdala; D2R cells; dorsolateral striatum; dorsomedial striatum; fear freezing; fiber photometry; nigrostriatal circuits; nucleus accumbens; optogenetics; prior outcomes; risky decision-making; SNc dopamine neurons; top-down control; ventral medial prefrontal cortex,source-backed examples,complete,"Selected full-name Talia N. Lerner circuit contributions in dopamine subcircuits, top-down affect control, and risky decision-making.",,,0,https://pubmed.ncbi.nlm.nih.gov/26232229/; https://pubmed.ncbi.nlm.nih.gov/26536109/; https://pubmed.ncbi.nlm.nih.gov/27007845/,"The registry preserves this identity, but independent source evidence is still needed. | This institution is a historical roster label, not a sourced current appointment. | Lab model organisms are not yet source-backed; article-species mentions do not establish a lab model.",,unknown,0,0,1,0,0,0,0,0,0,0
Sarah Kocher,early-career awardee,Princeton University,neuroscience (awardee),NIH DP2,0,0.0,0,2016;2017;2018;2019;2020;2021;2022;2023;2024;2025,0,0,10,,,unknown,unified_pubmed(full-name/affiliation-or-ORCID),last-author proxy,2025,,2026-09-05T03:57:13+00:00,3,pi_129e17eb637050b6b9b255d154422392,unified-papers,unreviewed,,unreviewed roster label,,unknown,Cellular and molecular neuroscience; Development; Learning and memory; Neural circuits and behavior; Sensory systems,Sequencing and transcriptomics,,unknown,,SLEAP provides deep-learning multi-animal pose tracking for natural behavior; Comparative bee genomics reveals varied routes to eusociality; Genetic variants underlie a social polymorphism in halictid bees,bee genomes; behavior genetics; deep learning; eusociality; gene regulation; Lasioglossum albipes; multi-animal pose tracking; real-time tracking; SLEAP; social behavior; social evolution; social polymorphism; syntaxin 1a; transposable elements,source-backed examples,complete,Selected full-name Sarah D. Kocher contributions in behavioral quantification and social-insect evolution.,,,0,https://pubmed.ncbi.nlm.nih.gov/25977371/; https://pubmed.ncbi.nlm.nih.gov/30337532/; https://pubmed.ncbi.nlm.nih.gov/35379947/,"The registry preserves this identity, but independent source evidence is still needed. | This institution is a historical roster label, not a sourced current appointment. | Lab model organisms are not yet source-backed; article-species mentions do not establish a lab model.",,unknown,0,0,0,0,0,0,0,0,0,0
Andrew Leifer,early-career awardee,Princeton University,neuroscience (awardee),NIH DP2,1,0.1,1,2016;2017;2018;2019;2020;2021;2022;2024;2025,1,4,13,,,unknown,unified_pubmed(full-name/affiliation-or-ORCID),last-author proxy,2025,,2026-09-05T03:57:15+00:00,3,pi_5955e1c64b5655ee999a033121c42e12,unified-papers,unreviewed,,unreviewed roster label,,unknown,Cellular and molecular neuroscience; Computation and cognition; Learning and memory; Motor systems; Neural circuits and behavior; Sensory systems; Sleep and circadian rhythms,Calcium imaging; Computational modeling; Connectomics; Electrophysiology; Imaging and microscopy; MRI and neuroimaging; Optogenetics,,unknown,C. elegans; Drosophila,"Whole-brain calcium imaging at cellular resolution in freely behaving C. elegans; Optogenetic perturbation created a functional signal-propagation atlas of C. elegans neurons; Automated computer vision tracks neurons in a moving, deforming C. elegans brain",C. elegans; computer vision; deforming brain; extrasynaptic signaling; freely behaving animals; GCaMP6s; locomotion; Neuron Registration Vector Encoding; neuron tracking; optogenetic activation; signal propagation atlas; whole-brain calcium imaging,source-backed examples,complete,Selected full-name Andrew M. Leifer tools and discoveries for whole-brain C. elegans neural activity measurement and interpretation.,,,0,https://pubmed.ncbi.nlm.nih.gov/26712014/; https://pubmed.ncbi.nlm.nih.gov/28545068/; https://pubmed.ncbi.nlm.nih.gov/37914938/,"The registry preserves this identity, but independent source evidence is still needed. | This institution is a historical roster label, not a sourced current appointment. | Lab model organisms are not yet source-backed; article-species mentions do not establish a lab model.",,unknown,0,0,0,0,0,0,0,1,0,0
Kevin Beier,early-career awardee,UC Irvine,neuroscience (awardee),NIH DP2,0,0.0,0,2016;2017;2018;2019;2020;2021;2022;2023;2024;2025,0,0,0,,,unknown,unified_pubmed(full-name/affiliation-or-ORCID),last-author proxy,2025,,2026-09-05T04:36:58+00:00,3,pi_95b552bb90aa54a19ab983744ef9f437,unified-papers,unreviewed,,unreviewed roster label,,unknown,,,,unknown,,Systematic input-output mapping reveals VTA dopamine circuit architecture; TRIO viral-genetic tracing maps input-output organization of locus coeruleus noradrenaline circuits; Oxytocin gates social reward through VTA dopamine neurons,brain states; dopamine neurons; input-output mapping; locus coeruleus; motivated behavior; noradrenaline neurons; nucleus accumbens; oxytocin; prosocial behavior; rabies tracing; social reward; TRIO tracing; ventral tegmental area; viral-genetic tools; VTA dopamine neurons,source-backed examples,complete,Selected full-name Kevin T. Beier contributions in viral-genetic circuit mapping and social-reward dopamine circuitry.,,,0,https://pubmed.ncbi.nlm.nih.gov/26131933/; https://pubmed.ncbi.nlm.nih.gov/26232228/; https://pubmed.ncbi.nlm.nih.gov/28963257/,"The registry preserves this identity, but independent source evidence is still needed. | This institution is a historical roster label, not a sourced current appointment. | Lab model organisms are not yet source-backed; article-species mentions do not establish a lab model.",,unknown,0,0,0,0,0,0,0,0,0,0
Lindsay Schwarz,early-career awardee,St. Jude Children's Research Hospital,neuroscience (awardee),NIH DP2,0,0.0,0,2016;2017;2018;2019;2020;2021;2022;2023;2024;2025,1,0,2,,,unknown,unified_pubmed(full-name/affiliation-or-ORCID),last-author proxy,2025,,2026-09-05T04:36:58+00:00,3,pi_f426a001b14057ac935e783aff2825f8,unified-papers,unreviewed,,unreviewed roster label,,unknown,Learning and memory; Neural circuits and behavior,Calcium imaging; Imaging and microscopy,,unknown,Mouse; Rat,Viral-genetic tracing maps locus coeruleus noradrenaline circuit input-output organization; Systematic mapping reveals projection-biased VTA dopamine inputs and outputs; PreBötzinger complex neurons link breathing rhythm to arousal state,arousal; brain-wide inputs; breathing; Cdh9 Dbx1 neurons; forebrain projections; input selection; locus coeruleus; noradrenaline neurons; preBötzinger complex; projection-defined tracing; rabies tracing; reward circuitry; TRIO method; VTA dopamine neurons,source-backed examples,complete,Selected full-name Lindsay/Lindsay A. Schwarz circuit-mapping and neuronal activity contributions.,,,0,https://pubmed.ncbi.nlm.nih.gov/26131933/; https://pubmed.ncbi.nlm.nih.gov/26232228/; https://pubmed.ncbi.nlm.nih.gov/28360327/,"The registry preserves this identity, but independent source evidence is still needed. | This institution is a historical roster label, not a sourced current appointment. | Lab model organisms are not yet source-backed; article-species mentions do not establish a lab model.",,unknown,0,0,0,0,0,0,0,0,0,0
Hyejung Won,early-career awardee,UNC Chapel Hill,neuroscience (awardee),NIH DP2,2,0.2,2,2016;2017;2018;2019;2020;2021;2022;2024,1,0,10,,,unknown,unified_pubmed(full-name/affiliation-or-ORCID),last-author proxy,2025,,2026-09-05T03:57:20+00:00,3,pi_b28700342fe05a3f943ea7f82f05f4a1,unified-papers,unreviewed,,unreviewed roster label,,unknown,Cellular and molecular neuroscience; Computation and cognition; Development; Neural circuits and behavior,Sequencing and transcriptomics,,unknown,Human,MPRA maps allelic regulatory effects of schizophrenia-associated variants in human neural progenitors; Neuronal chromatin architecture prioritizes risk genes for smoking and alcohol-use traits; Schizophrenia genetic risk shows limited but cell-type-specific links to transcriptomic features,addiction circuitry; allelic regulatory activity; cell-type specificity; chromatin architecture; co-expression networks; dopaminergic neurons; H-MAGMA; Hi-C; human neural progenitors; linkage disequilibrium score regression; MPRA; schizophrenia GWAS; schizophrenia risk; smoking alcohol traits; transcriptomic features,source-backed examples,complete,Selected full-name Hyejung Won papers linking psychiatric and neurodegenerative risk variants to regulatory mechanisms.,,,0,https://pubmed.ncbi.nlm.nih.gov/34356078/; https://pubmed.ncbi.nlm.nih.gov/35422469/; https://pubmed.ncbi.nlm.nih.gov/37868037/,"The registry preserves this identity, but independent source evidence is still needed. | This institution is a historical roster label, not a sourced current appointment. | Lab model organisms are not yet source-backed; article-species mentions do not establish a lab model.",,unknown,0,0,0,0,0,0,0,1,0,1
Xiaochang Zhang,early-career awardee,University of Chicago,neuroscience (awardee),NIH DP2,0,0.0,0,2016;2017;2018;2019;2020;2021;2022;2023;2024;2025,1,0,8,,,unknown,unified_pubmed(full-name/affiliation-or-ORCID),last-author proxy,2025,,2026-09-05T03:57:22+00:00,3,pi_8f6170ef25fe5c04a3d99b7c3222875c,unified-papers,unreviewed,,unreviewed roster label,,unknown,Development,Organoids and stem-cell models; Sequencing and transcriptomics,,unknown,Human; Mouse,Single-cell profiling delineates progenitor diversity in the developing mouse neocortex; Redirecting SYNGAP1 alternative splicing upregulates expression in mice and human neurons; Single-cell long-read sequencing maps cell-type-specific and autism-associated exons in cerebral organoids,alternative splicing; autism intellectual disability; autism-associated exons; cell-type-specific splicing; cerebral organoids; Eomes-positive cells; mouse neocortex; neural progenitors; neuronal gene regulation; nonsense-mediated decay; radial glial cells; single-cell long-read sequencing; single-cell RNA sequencing; splice-switching oligonucleotide; SYNGAP1,source-backed examples,complete,The supplied batch candidates were initials-only namesakes and not identity-safe. I used neuro_stats same-ID clues and independently verified full-name Xiaochang Zhang PubMed primary records from the University of Chicago neocortex/splicing research context.,,,0,https://pubmed.ncbi.nlm.nih.gov/33649223/; https://pubmed.ncbi.nlm.nih.gov/36917980/; https://pubmed.ncbi.nlm.nih.gov/37889749/,"The registry preserves this identity, but independent source evidence is still needed. | This institution is a historical roster label, not a sourced current appointment. | Lab model organisms are not yet source-backed; article-species mentions do not establish a lab model. | Excluded 19 different-given-name candidates; review aliases if any exclusion is unexpected.",,unknown,0,0,0,0,0,0,0,0,0,0
Colenso Speer,early-career awardee,University of Maryland,neuroscience (awardee),NIH DP2,0,0.0,0,2016;2017;2018;2019;2020;2021;2022;2023;2024;2025,0,1,5,,,unknown,unified_pubmed(full-name/affiliation-or-ORCID),last-author proxy,2025,,2026-09-05T03:57:24+00:00,3,pi_16d8900444575cc687629cfebbd07f97,unified-papers,unreviewed,,unreviewed roster label,,unknown,Cellular and molecular neuroscience; Development; Learning and memory; Neural circuits and behavior; Sensory systems,Connectomics; Imaging and microscopy; Sequencing and transcriptomics,,unknown,Mouse,Spaghetti-monster fluorescent proteins expand multiplexed light and electron microscopy probes; Super-resolution imaging maps synaptic input fields of direction-selective retinal neurons; Early spontaneous retinal activity shapes ocular dominance columns and binocular receptive fields,array tomography; binocular receptive fields; development; direction-selective ganglion cells; electron microscopy; GABAergic inputs; mouse retina; multicolor imaging; neuronal labeling; ocular dominance columns; primary visual cortex; smFP probes; spontaneous retinal activity; super-resolution imaging; synaptic input fields,source-backed examples,complete,"Selected full-name Colenso M. Speer contributions in neural imaging probes, super-resolution synapse mapping, and retinal activity-dependent circuit development.",,,0,https://pubmed.ncbi.nlm.nih.gov/17046688/; https://pubmed.ncbi.nlm.nih.gov/25915120/; https://pubmed.ncbi.nlm.nih.gov/26435106/,"The registry preserves this identity, but independent source evidence is still needed. | This institution is a historical roster label, not a sourced current appointment. | Lab model organisms are not yet source-backed; article-species mentions do not establish a lab model.",,unknown,0,0,0,0,0,0,0,0,0,0
Mercedes Paredes,early-career awardee,"University of California, San Francisco",neuroscience (awardee),NIH DP2,0,0.0,0,2016;2017;2018;2019;2020;2021;2022;2023;2024;2025,1,0,2,,,unknown,unified_pubmed(full-name/affiliation-or-ORCID),last-author proxy,2025,,2026-09-05T03:57:26+00:00,3,pi_bd54035a426051e795517d346f9b1af3,unified-papers,unreviewed,,unreviewed roster label,,unknown,Development; Motor systems,,,unknown,Mouse,Human hippocampal neurogenesis declines sharply from childhood to undetectable adult levels; Developing cortical interneuron cell death is intrinsically timed; Young neurons migrate extensively into the infant human frontal lobe,adult neurogenesis; Bax-dependent apoptosis; cortical interneurons; dentate gyrus; frontal lobe; human hippocampus; infant human brain; inhibitory circuits; postnatal development; primate development; transplantation; young neuron migration; young neurons,source-backed examples,complete,Selected full-name Mercedes/Mercedes F. Paredes contributions in human/primate neurogenesis and cortical interneuron development.,,,0,https://pubmed.ncbi.nlm.nih.gov/23041929/; https://pubmed.ncbi.nlm.nih.gov/27846470/; https://pubmed.ncbi.nlm.nih.gov/29513649/,"The registry preserves this identity, but independent source evidence is still needed. | This institution is a historical roster label, not a sourced current appointment. | Lab model organisms are not yet source-backed; article-species mentions do not establish a lab model.",,unknown,0,0,0,0,0,0,0,0,0,0
Duygu Kuzum,early-career awardee,UC San Diego,neuroscience (awardee),NIH DP2,0,0.0,0,2016;2017;2018;2019;2020;2021;2022;2023;2024;2025,0,0,0,,,unknown,unified_pubmed(full-name/affiliation-or-ORCID),last-author proxy,2025,,2026-09-05T04:37:00+00:00,3,pi_808a66942e3f5a718fad7ec254992f3e,unified-papers,unreviewed,,unreviewed roster label,,unknown,,,,unknown,,Transparent graphene microelectrodes enable artifact-free optogenetics with deep two-photon imaging; Platinum nanoparticle paths lower graphene electrode impedance while preserving transparency; Transparent graphene electrodes support compact artifact-free closed-loop optogenetics,artifact-free optogenetics; calcium imaging; closed-loop optogenetics; cortical potentials; cortical recordings; electrophysiology; graphene microelectrodes; light-induced artifacts; low-impedance graphene; neural recordings; optical transparency; platinum nanoparticles; transparent electrodes; transparent graphene electrodes; two-photon imaging,source-backed examples,complete,Selected full-name Duygu Kuzum graphene neural-interface contributions; review/editorial items were avoided.,,,0,https://pubmed.ncbi.nlm.nih.gov/29559885/; https://pubmed.ncbi.nlm.nih.gov/29789548/; https://pubmed.ncbi.nlm.nih.gov/34084100/,"The registry preserves this identity, but independent source evidence is still needed. | This institution is a historical roster label, not a sourced current appointment. | Lab model organisms are not yet source-backed; article-species mentions do not establish a lab model.",,unknown,0,0,0,0,0,0,0,0,0,0
Gregory Corder,early-career awardee,University of Pennsylvania,neuroscience (awardee),NIH DP2,0,0.0,0,2016;2017;2018;2019;2020;2021;2022;2023;2024;2025,1,0,7,,,unknown,unified_pubmed(full-name/affiliation-or-ORCID),last-author proxy,2025,,2026-09-05T03:57:30+00:00,3,pi_2805237439515890a7a1170b9f3cefc2,unified-papers,unreviewed,,unreviewed roster label,,unknown,Neural circuits and behavior,Imaging and microscopy; Optogenetics; Organoids and stem-cell models,,unknown,Human; Mouse; Rat,Psilocybin-enhanced fear extinction is linked to cortical ensemble turnover; A nociceptive amygdala-striatal pathway modulates affective-motivational pain; VTA μ-opioid receptor neurons facilitate low sociability during protracted opioid abstinence,affective-motivational behavior; anterior cingulate cortex; basolateral amygdala; calcium imaging; chronic pain; cortical ensembles; fear extinction; morphine exposure; nociceptive ensemble; nucleus accumbens shell; opioid abstinence; psilocybin; retrosplenial cortex; social deficit; VTA MOR neurons,source-backed examples,complete,Selected full-name Gregory Corder 2025 primary papers; an older review was not used.,,,0,https://pubmed.ncbi.nlm.nih.gov/39900498/; https://pubmed.ncbi.nlm.nih.gov/40419686/; https://pubmed.ncbi.nlm.nih.gov/40700496/,"The registry preserves this identity, but independent source evidence is still needed. | This institution is a historical roster label, not a sourced current appointment. | Lab model organisms are not yet source-backed; article-species mentions do not establish a lab model.",,unknown,0,0,0,0,0,0,0,0,0,0
Lu Wei,early-career awardee,California Institute of Technology,neuroscience (awardee),NIH DP2,0,0.0,0,2016;2017;2018;2019;2020;2021;2022;2023;2024;2025,0,0,19,,,unknown,unified_pubmed(full-name/affiliation-or-ORCID),last-author proxy,2025,,2026-09-05T03:57:32+00:00,3,pi_8562def670c5598cb162cf4e2d2b4f48,unified-papers,unreviewed,,unreviewed roster label,,unknown,Cellular and molecular neuroscience; Computation and cognition; Learning and memory; Sensory systems,Computational modeling; Imaging and microscopy; Sequencing and transcriptomics,,unknown,Mouse; Zebrafish,Selective deuterium labeling with SRS quantifies native polyQ aggregates in live cells; VISTA enables super-resolution label-free volumetric vibrational imaging of biological tissue; BonFIRE provides bond-selective fluorescence imaging with single-molecule sensitivity,bond-selective fluorescence; BonFIRE; deuterium labeling; Huntington disease model; label-free microscopy; live-cell imaging; live-cell microscopy; mouse brain tissue; polyQ aggregates; single-molecule sensitivity; stimulated Raman scattering; super-resolution; vibrational imaging; VISTA,source-backed examples,complete,"The supplied batch candidates were initials-only namesakes and not identity-safe. I used same-ID neuro_stats clues and independently verified full-name Lu Wei PubMed primary papers, with Caltech directory/profile context for identity.",,,1,https://pubmed.ncbi.nlm.nih.gov/32341997/; https://pubmed.ncbi.nlm.nih.gov/34131146/; https://pubmed.ncbi.nlm.nih.gov/38162388/,"The registry preserves this identity, but independent source evidence is still needed. | This institution is a historical roster label, not a sourced current appointment. | Lab model organisms are not yet source-backed; article-species mentions do not establish a lab model. | 1 candidate papers remain unresolved and are not included in totals.",,unknown,0,0,0,0,0,0,0,0,0,0
Chethan Pandarinath,early-career awardee,Emory University,neuroscience (awardee),NIH DP2,0,0.0,0,2016;2017;2018;2019;2020;2021;2022;2023;2024;2025,1,0,7,,,unknown,unified_pubmed(full-name/affiliation-or-ORCID),last-author proxy,2025,,2026-09-05T03:57:34+00:00,3,pi_da322cffafca5e878cf526c133479f3e,unified-papers,unreviewed,,unreviewed roster label,,unknown,Computation and cognition; Learning and memory; Motor systems; Sensory systems,Calcium imaging; Computational modeling; Imaging and microscopy,,unknown,Mouse; Rat,Retinal-code strategy for prosthetic vision; AutoLFADS framework for single-trial neural population dynamics; RADICaL inference of population dynamics from calcium imaging,AutoLFADS; calcium imaging; deep learning; image reconstruction; macaque cortex; neural code; optogenetic transducers; population dynamics; population latents; RADICaL; retinal ganglion cells; retinal prosthetics; single-trial estimation; subframe resolution; two-photon imaging,source-backed examples,complete,Selected full-name matched neural prosthetic and neural-population modeling tools.,,,0,https://pubmed.ncbi.nlm.nih.gov/22891310/; https://pubmed.ncbi.nlm.nih.gov/36424431/; https://pubmed.ncbi.nlm.nih.gov/36443486/,"The registry preserves this identity, but independent source evidence is still needed. | This institution is a historical roster label, not a sourced current appointment. | Lab model organisms are not yet source-backed; article-species mentions do not establish a lab model.",,unknown,0,0,0,0,0,0,0,0,0,0
Jim Heys,early-career awardee,University of Utah,neuroscience (awardee),NIH DP2,0,0.0,0,2016;2017;2018;2019;2020;2021;2022;2023;2024;2025,0,0,0,,,unknown,unified_pubmed(full-name/affiliation-or-ORCID),last-author proxy,2025,,2026-09-05T03:57:35+00:00,3,pi_e0d5d381dad752f6bdcdb5982bb206e4,unified-papers,unreviewed,,unreviewed roster label,,unknown,,,,unknown,,Cellular-resolution micro-organization of grid cells; Medial entorhinal subcircuit representing elapsed time; MEC role in learning context-dependent interval timing,cellular-resolution imaging; context learning; episodic memory; grid cells; immobility; interval timing; medial entorhinal cortex; optogenetic inactivation; spatial coding; time cells; virtual navigation; virtual task,source-backed examples,complete,"Assigned candidates were namesake or initials-only non-neural records; official Utah/Heys-lab context verified James G. Heys, so additional primary entorhinal-cortex papers were used.",,,0,https://pubmed.ncbi.nlm.nih.gov/25467986/; https://pubmed.ncbi.nlm.nih.gov/30349104/; https://pubmed.ncbi.nlm.nih.gov/32966784/; https://pubmed.ncbi.nlm.nih.gov/38877306/,"The registry preserves this identity, but independent source evidence is still needed. | This institution is a historical roster label, not a sourced current appointment. | Lab model organisms are not yet source-backed; article-species mentions do not establish a lab model. | Excluded 1 different-given-name candidates; review aliases if any exclusion is unexpected.",,unknown,0,0,0,0,0,0,0,0,0,0
Justin English,early-career awardee,University of Utah,neuroscience (awardee),NIH DP2,0,0.0,0,2016;2017;2018;2019;2020;2021;2022;2023;2024;2025,0,0,5,,,unknown,unified_pubmed(full-name/affiliation-or-ORCID),last-author proxy,2025,,2026-09-05T03:57:37+00:00,3,pi_99d64925e391572d8dec459b637a6df8,unified-papers,unreviewed,,unreviewed roster label,,unknown,,Sequencing and transcriptomics,,unknown,,TRUPATH open-source GPCR transducerome biosensor platform; Deschloroclozapine as a rapid DREADD chemogenetic actuator; Structural pharmacology of human itch GPCRs,antagonist probes; BRET biosensors; chemogenetics; deschloroclozapine; DREADDs; G protein coupling; G proteins; GPCR transducerome; itch GPCRs; mice and monkeys; MRGPRX2; MRGPRX4; neuronal modulation; open-source probes; TRUPATH,source-backed examples,complete,Selected full-name matched molecular tool and receptor pharmacology contributions; older initials-only hippocampal LTP records were not assigned.,,,0,https://pubmed.ncbi.nlm.nih.gov/32367019/; https://pubmed.ncbi.nlm.nih.gov/32632286/; https://pubmed.ncbi.nlm.nih.gov/34789874/,"The registry preserves this identity, but independent source evidence is still needed. | This institution is a historical roster label, not a sourced current appointment. | Lab model organisms are not yet source-backed; article-species mentions do not establish a lab model. | Excluded 2 different-given-name candidates; review aliases if any exclusion is unexpected.",,unknown,0,0,0,0,0,0,0,0,0,0
Christopher Makinson,early-career awardee,Columbia University,neuroscience (awardee),NIH DP2,0,0.0,0,2016;2017;2018;2019;2020;2021;2022;2023;2024;2025,0,0,1,,,unknown,unified_pubmed(full-name/affiliation-or-ORCID),last-author proxy,2025,,2026-09-05T03:57:38+00:00,3,pi_8c7128a012ee5995bef1076cd77764a9,unified-papers,unreviewed,,unreviewed roster label,,unknown,Cellular and molecular neuroscience; Learning and memory,,,unknown,Mouse,Human cortical spheroids modeling cortical development; Scn8a regulation of thalamocortical synchrony in epilepsy models; Long-term maturation of human cortical organoids,3D culture; absence epilepsy; epigenetic clock; functional synapses; human cortical organoids; human cortical spheroids; network activity; network synchrony; NMDA receptors; pluripotent stem cells; postnatal transitions; reticular thalamus; RNA editing; Scn8a; thalamocortical circuits,source-backed examples,complete,Selected full-name matched disease-model and human organoid papers with distinct neural-development and epilepsy scope.,,,0,https://pubmed.ncbi.nlm.nih.gov/26005811/; https://pubmed.ncbi.nlm.nih.gov/28238546/; https://pubmed.ncbi.nlm.nih.gov/33619405/,"The registry preserves this identity, but independent source evidence is still needed. | This institution is a historical roster label, not a sourced current appointment. | Lab model organisms are not yet source-backed; article-species mentions do not establish a lab model.",,unknown,0,0,0,0,0,0,0,0,0,0
Xiaoyin Chen,early-career awardee,Allen Institute,neuroscience (awardee),NIH DP2,0,0.0,0,2016;2017;2018;2019;2020;2021;2022;2023;2024;2025,0,1,2,,,unknown,unified_pubmed(full-name/affiliation-or-ORCID),last-author proxy,2025,,2026-09-05T03:57:40+00:00,3,pi_e5fd0e8750315ee0a05f7d0fd927b711,unified-papers,unreviewed,,unreviewed roster label,,unknown,Cellular and molecular neuroscience; Neural circuits and behavior,Connectomics; Sequencing and transcriptomics,,unknown,Mouse,BARseq high-throughput mapping of long-range neuronal projections; BARseq2 linking projections with spatial transcriptional profiles; Whole-cortex BARseq map of input-dependent area identity,area identity; auditory cortex; BARseq; BARseq2; gene expression; in situ sequencing; input dependence; long-range projections; mouse cortex; neuronal types; projection mapping; single-neuron throughput; spatial transcriptomics; whole cortex,source-backed examples,complete,"Assigned candidates were initials-only namesakes; official Allen Institute context verified Xiaoyin Chen and BARseq work, so additional primary connectomics papers were used.",,,0,https://pubmed.ncbi.nlm.nih.gov/31626774/; https://pubmed.ncbi.nlm.nih.gov/33972801/; https://pubmed.ncbi.nlm.nih.gov/38658747/,"The registry preserves this identity, but independent source evidence is still needed. | This institution is a historical roster label, not a sourced current appointment. | Lab model organisms are not yet source-backed; article-species mentions do not establish a lab model.",,unknown,0,0,0,0,0,0,0,0,0,0
Carlos Ponce,early-career awardee,Harvard Medical School,neuroscience (awardee),NIH DP2,0,0.0,0,2016;2017;2018;2019;2020;2021;2022;2023;2024;2025,0,0,5,,,unknown,unified_pubmed(full-name/affiliation-or-ORCID),last-author proxy,2025,,2026-09-05T03:57:41+00:00,3,pi_583a5d18e72559068bb2d86e6a7d836c,unified-papers,unreviewed,,unreviewed roster label,,unknown,Computation and cognition; Learning and memory; Neural circuits and behavior; Sensory systems,Computational modeling; Imaging and microscopy; MRI and neuroimaging,,unknown,Nonhuman primates,Parallel visual pathways integrating motion and depth; Face viewing experience required for face-domain formation; Generative image evolution revealing visual-neuron preferences,binocular disparity; category domains; deep generative network; face deprivation; face domains; inferotemporal cortex; macaque cortex; macaque MT; motion processing; neuronal preferences; parallel pathways; synthetic images; visual coding; visual cortex; visual experience,source-backed examples,complete,Selected full-name matched primate visual neuroscience papers and skipped Chagas namesake records.,,,0,https://pubmed.ncbi.nlm.nih.gov/18193039/; https://pubmed.ncbi.nlm.nih.gov/28869581/; https://pubmed.ncbi.nlm.nih.gov/31051108/,"The registry preserves this identity, but independent source evidence is still needed. | This institution is a historical roster label, not a sourced current appointment. | Lab model organisms are not yet source-backed; article-species mentions do not establish a lab model.",,unknown,0,0,0,0,0,0,0,0,0,0
Adam Granger,early-career awardee,Broad Institute,neuroscience (awardee),NIH DP2,0,0.0,0,2016;2017;2018;2019;2020;2021;2022;2023;2024;2025,0,0,0,,,unknown,unified_pubmed(full-name/affiliation-or-ORCID),last-author proxy,2025,,2026-09-05T03:57:48+00:00,3,pi_c1de86abe1e75c42b041808b7d326e3a,unified-papers,unreviewed,,unreviewed roster label,,unknown,,,,unknown,,LTP dependence on AMPA receptor reserve pool rather than subunit tail; Corelease of acetylcholine and GABA from forebrain cholinergic neurons; Target-specific acetylcholine and GABA cotransmission by cortical ChAT neurons,acetylcholine; AMPA receptors; CA1 pyramidal neurons; cholinergic neurons; cortical ChAT neurons; forebrain; GABA; GABA corelease; GluA1; LTP; optogenetic activation; reserve pool; target-specific transmission; VIP interneurons,source-backed examples,complete,Selected full-name matched synaptic-plasticity and cholinergic signaling contributions.,,,0,https://pubmed.ncbi.nlm.nih.gov/23235828/; https://pubmed.ncbi.nlm.nih.gov/25723967/; https://pubmed.ncbi.nlm.nih.gov/32613945/,"The registry preserves this identity, but independent source evidence is still needed. | This institution is a historical roster label, not a sourced current appointment. | Lab model organisms are not yet source-backed; article-species mentions do not establish a lab model.",,unknown,0,0,0,0,0,0,0,0,0,0
Rachel Buckley,early-career awardee,Harvard Medical School,neuroscience (awardee),NIH DP2,0,0.0,0,2016;2017;2018;2019;2020;2021;2022;2023;2024;2025,0,0,9,,,unknown,unified_pubmed(full-name/affiliation-or-ORCID),last-author proxy,2025,,2026-09-05T03:57:48+00:00,3,pi_065175d1380e5bb1bc188f340e8efb7a,unified-papers,unreviewed,,unreviewed roster label,,unknown,Computation and cognition; Learning and memory; Neurodegeneration and aging,Computational modeling; Imaging and microscopy; MRI and neuroimaging,,unknown,,"Sex differences linking amyloid and regional tau deposition; Longitudinal amyloid, tau, and cognition associations in preclinical Alzheimer disease; Subjective cognitive decline and dementia incidence across cohorts",Alzheimer disease; amyloid; amyloid PET; clinically normal aging; cognition; dementia incidence; longitudinal cohort; multicenter cohorts; preclinical Alzheimer disease; risk factors; sex differences; subjective cognitive decline; tau; tau PET,source-backed examples,complete,Selected full-name matched Alzheimer biomarker and subjective-cognitive-decline cohort studies.,,,2,https://pubmed.ncbi.nlm.nih.gov/30555032/; https://pubmed.ncbi.nlm.nih.gov/30715078/; https://pubmed.ncbi.nlm.nih.gov/31157827/,"The registry preserves this identity, but independent source evidence is still needed. | This institution is a historical roster label, not a sourced current appointment. | Lab model organisms are not yet source-backed; article-species mentions do not establish a lab model. | 2 candidate papers remain unresolved and are not included in totals.",,unknown,0,0,0,0,0,0,0,0,0,0
Deblina Sarkar,early-career awardee,Massachusetts Institute of Technology,neuroscience (awardee),NIH DP2,0,0.0,0,2016;2017;2018;2019;2020;2021;2022;2023;2024;2025,0,0,7,,,unknown,unified_pubmed(full-name/affiliation-or-ORCID),last-author proxy,2025,,2026-09-05T03:57:51+00:00,3,pi_09b014af934d5849950b947416cd3b07,unified-papers,unreviewed,,unreviewed roster label,,unknown,,,,unknown,Mouse,MoS₂ field-effect transistors for label-free biosensing; Subthermionic tunnel FET with an atomically thin channel; Field-free switching in all-van-der-Waals spin-orbit torque systems,2D materials; atomically thin channel; field-effect transistor; label-free biosensor; low-power electronics; MoS2; nonvolatile memory; PMA ferromagnet; protein sensing; room-temperature switching; spin-orbit torque; subthermionic switching; transition-metal dichalcogenide; tunnel FET; van der Waals magnets,source-backed examples,complete,Selected full-name matched nanoelectronic and biosensing papers; these are enabling bioengineering contributions rather than direct neuroscience discoveries.,,,0,https://pubmed.ncbi.nlm.nih.gov/24588742/; https://pubmed.ncbi.nlm.nih.gov/26432247/; https://pubmed.ncbi.nlm.nih.gov/38489365/,"The registry preserves this identity, but independent source evidence is still needed. | This institution is a historical roster label, not a sourced current appointment. | Lab model organisms are not yet source-backed; article-species mentions do not establish a lab model.",,unknown,0,0,0,0,0,0,0,0,0,0
Elizabeth Crouch,early-career awardee,"University of California, San Francisco",neuroscience (awardee),NIH DP2,0,0.0,0,2016;2017;2018;2019;2020;2021;2022;2023;2024;2025,0,0,1,,,unknown,unified_pubmed(full-name/affiliation-or-ORCID),last-author proxy,2025,,2026-09-05T03:57:52+00:00,3,pi_ac42131555235114bad6dac1188ac7d5,unified-papers,unreviewed,,unreviewed roster label,,unknown,,,,unknown,,Prenatal human brain endothelial and mural cell angiogenesis atlas; Protocol for profiling human brain vascular cells and organoid interactions; Immune-cell disruption of angiogenesis in germinal matrix hemorrhage,angiogenesis; endothelial cells; FACS; germinal matrix hemorrhage; human brain vascular cells; microglia; mural cells; organoids; prenatal brain; prenatal human brain; prenatal tissue; proinflammatory immune cells; single-cell transcriptomics,source-backed examples,complete,Assigned batch candidates were a public-health namesake; official UCSF/CrouchLab sources verified Elizabeth E. Crouch and her neurovascular primary papers.,,,0,https://pubmed.ncbi.nlm.nih.gov/36179668/; https://pubmed.ncbi.nlm.nih.gov/38102365/; https://pubmed.ncbi.nlm.nih.gov/39349662/,"The registry preserves this identity, but independent source evidence is still needed. | This institution is a historical roster label, not a sourced current appointment. | Lab model organisms are not yet source-backed; article-species mentions do not establish a lab model.",,unknown,0,0,0,0,0,0,0,0,0,0
Xinzhu Yu,early-career awardee,University of Illinois,neuroscience (awardee),NIH DP2,0,0.0,0,2016;2017;2018;2019;2020;2021;2022;2023;2024;2025,0,0,1,,,unknown,unified_pubmed(full-name/affiliation-or-ORCID),last-author proxy,2025,,2026-09-05T04:37:00+00:00,3,pi_266c61a44d235c63b4e7ede59d3d904e,unified-papers,unreviewed,,unreviewed roster label,,unknown,Glia and neuroimmunology; Neural circuits and behavior,,,unknown,Mouse,Rapid synapse formation and stabilization during enduring motor learning; Striatal astrocyte calcium signaling modulation of microcircuits and repetitive behavior; Prefrontal astrocyte modulation of neuronal populations controlling anxiety-like behavior,anxiety-like behavior; astrocyte-neuron interface; calcium signaling; dendritic spines; GAT-3; medium spiny neurons; motor cortex; motor learning; prefrontal astrocytes; proteomics; repetitive behavior; striatal astrocytes; structural plasticity; synapse stabilization,source-backed examples,complete,"Closed the prior gap by retaining the valid motor-learning full-name match and adding independently verified Xinzhu Yu astrocyte-neuron signaling papers from direct NCBI records plus official Illinois/ORCID/Khakh-lab context; namesake lymphoma, Alzheimer-model, and materials records remain excluded.",,,0,https://pubmed.ncbi.nlm.nih.gov/19946267/; https://pubmed.ncbi.nlm.nih.gov/30174118/; https://pubmed.ncbi.nlm.nih.gov/40841557/,"The registry preserves this identity, but independent source evidence is still needed. | This institution is a historical roster label, not a sourced current appointment. | Lab model organisms are not yet source-backed; article-species mentions do not establish a lab model. | Excluded 7 different-given-name candidates; review aliases if any exclusion is unexpected.",,unknown,0,0,0,0,0,0,0,0,0,0
Sarah Stern,early-career awardee,Max Planck Florida Institute for Neuroscience,neuroscience (awardee),NIH DP2,0,0.0,0,2016;2017;2018;2019;2020;2021;2022;2023;2024;2025,0,0,3,,,unknown,unified_pubmed(full-name/affiliation-or-ORCID),last-author proxy,2025,,2026-09-05T03:57:55+00:00,3,pi_63750bec9b495d8da59ea261e411085f,unified-papers,unreviewed,,unreviewed roster label,,unknown,Learning and memory; Neural circuits and behavior,,,unknown,Mouse,Astrocyte-neuron lactate transport required for long-term memory; IGF-II enhancement of memory consolidation,astrocyte lactate; forgetting prevention; hippocampus; IGF-II; long-term memory; LTP maintenance; MCT transporters; memory consolidation; protein synthesis,source-backed examples,complete,Selected the two full-name matched neuroscience primary papers; other supplied records were initials-only namesakes and not used.,,,0,https://pubmed.ncbi.nlm.nih.gov/21270887/; https://pubmed.ncbi.nlm.nih.gov/21376239/,"The registry preserves this identity, but independent source evidence is still needed. | This institution is a historical roster label, not a sourced current appointment. | Lab model organisms are not yet source-backed; article-species mentions do not establish a lab model.",,unknown,0,0,0,0,0,0,0,0,0,0
Benjamin Bartelle,early-career awardee,Arizona State University,neuroscience (awardee),NIH DP2,0,0.0,0,2016;2017;2018;2019;2020;2021;2022;2023;2024;2025,0,0,2,,,unknown,unified_pubmed(full-name/affiliation-or-ORCID),last-author proxy,2025,,2026-09-05T04:37:02+00:00,3,pi_b6a2f9a855275acabf9ca19a8aa4278f,unified-papers,unreviewed,,unreviewed roster label,,unknown,Cellular and molecular neuroscience; Glia and neuroimmunology; Learning and memory,Imaging and microscopy; MRI and neuroimaging; Sequencing and transcriptomics,,unknown,Mouse,DMT1 as a genetically controlled MRI reporter protein; Manganese-based MRI contrast agent for intracellular calcium sensing; Wireless resonant MRI circuits for minimally invasive biophysical sensing,biophysical fields; calcium sensing; DMT1; genetic contrast; implantable transducers; in vivo imaging; intracellular signaling; manganese contrast agent; manganese-enhanced MRI; minimally invasive; MRI; MRI reporter; MRI sensing; optogenetic stimulation; wireless resonant circuits,source-backed examples,complete,Selected full-name matched MRI reporter and sensing technologies.,,,0,https://pubmed.ncbi.nlm.nih.gov/23065715/; https://pubmed.ncbi.nlm.nih.gov/30796208/; https://pubmed.ncbi.nlm.nih.gov/30932065/,"The registry preserves this identity, but independent source evidence is still needed. | This institution is a historical roster label, not a sourced current appointment. | Lab model organisms are not yet source-backed; article-species mentions do not establish a lab model.",,unknown,0,0,0,0,0,0,0,0,0,0
Richard Sando,early-career awardee,Vanderbilt University,neuroscience (awardee),NIH DP2,0,0.0,0,2016;2017;2018;2019;2020;2021;2022;2023;2024;2025,0,0,2,,,unknown,unified_pubmed(full-name/affiliation-or-ORCID),last-author proxy,2025,,2026-09-05T03:57:59+00:00,3,pi_64ef6c92ad425a1eb1e617235789e515,unified-papers,unreviewed,,unreviewed roster label,,unknown,Cellular and molecular neuroscience; Learning and memory,,,unknown,Mouse,HDAC4 transcriptional program for synaptic plasticity and memory; Latrophilin-mediated target recognition and synapse specificity; Teneurin structural basis for circuit-wiring adhesion,circuit wiring; cryo-EM; entorhinal-hippocampal synapses; FLRT; HDAC4; latrophilin; latrophilin binding; memory; NMDA receptors; synapse specificity; synaptic adhesion; synaptic plasticity; teneurin; transcriptional repression,source-backed examples,complete,Selected full-name matched synapse molecular mechanisms spanning transcriptional control and adhesion specificity.,,,0,https://pubmed.ncbi.nlm.nih.gov/23141539/; https://pubmed.ncbi.nlm.nih.gov/28972101/; https://pubmed.ncbi.nlm.nih.gov/29677516/; https://pubmed.ncbi.nlm.nih.gov/30792275/,"The registry preserves this identity, but independent source evidence is still needed. | This institution is a historical roster label, not a sourced current appointment. | Lab model organisms are not yet source-backed; article-species mentions do not establish a lab model.",,unknown,0,0,0,0,0,0,0,0,0,0
Vidhya Rangaraju,early-career awardee,Max Planck Florida Institute for Neuroscience,neuroscience (awardee),NIH DP2,0,0.0,0,2016;2017;2018;2019;2020;2021;2022;2023;2024;2025,0,0,1,,,unknown,unified_pubmed(full-name/affiliation-or-ORCID),last-author proxy,2025,,2026-09-05T03:58:00+00:00,3,pi_a642328cc5e55c34b534ab7642103e90,unified-papers,unreviewed,,unreviewed roster label,,unknown,Cellular and molecular neuroscience; Learning and memory,,,unknown,,Activity-driven local ATP synthesis supporting synaptic function; Stable dendritic mitochondrial compartments fuel local synaptic translation; VAP-dependent stabilization of dendritic mitochondria for synaptic plasticity,actin tethering; dendritic mitochondria; energy compartments; glycolysis; local translation; mitochondria; postsynaptic spines; presynaptic ATP; protein synthesis; Syn-ATP; synaptic plasticity; synaptic vesicle cycle; VAP,source-backed examples,complete,Selected full-name matched neuronal bioenergetics and local-translation mechanisms.,,,0,https://pubmed.ncbi.nlm.nih.gov/24529383/; https://pubmed.ncbi.nlm.nih.gov/30612742/; https://pubmed.ncbi.nlm.nih.gov/38177103/,"The registry preserves this identity, but independent source evidence is still needed. | This institution is a historical roster label, not a sourced current appointment. | Lab model organisms are not yet source-backed; article-species mentions do not establish a lab model.",,unknown,0,0,0,0,0,0,0,0,0,0
Dhananjay Bambah-Mukku,early-career awardee,UC San Diego,neuroscience (awardee),NIH DP2,0,0.0,0,2016;2017;2018;2019;2020;2021;2022;2023;2024;2025,0,0,0,,,unknown,unified_pubmed(full-name/affiliation-or-ORCID),last-author proxy,2025,,2026-09-05T04:37:03+00:00,3,pi_b1de394b4d055b82bab33cc247491d65,unified-papers,unreviewed,,unreviewed roster label,,unknown,,,,unknown,,"Molecular, spatial, and functional atlas of hypothalamic preoptic region; Matrix imprinting and clearing for multiplexed FISH; BDNF-C/EBPβ autoregulatory feedback in hippocampal memory consolidation",BDNF; C/EBPβ; CREB; hippocampus; hypothalamic preoptic region; matrix imprinting; memory consolidation; MERFISH; multiplexed FISH; single-cell profiling; single-molecule RNA; social behavior; spatial atlas; spatial transcriptomics; tissue clearing,source-backed examples,complete,Selected full-name matched memory-mechanism and spatial-transcriptomics contributions.,,,0,https://pubmed.ncbi.nlm.nih.gov/25209292/; https://pubmed.ncbi.nlm.nih.gov/27911841/; https://pubmed.ncbi.nlm.nih.gov/30385464/,"The registry preserves this identity, but independent source evidence is still needed. | This institution is a historical roster label, not a sourced current appointment. | Lab model organisms are not yet source-backed; article-species mentions do not establish a lab model.",,unknown,0,0,0,0,0,0,0,0,0,0
Preeya Khanna,early-career awardee,"University of California, Berkeley",neuroscience (awardee),NIH DP2,0,0.0,0,2016;2017;2018;2019;2020;2021;2022;2023;2024;2025,0,0,0,,,unknown,unified_pubmed(full-name/affiliation-or-ORCID),last-author proxy,2025,,2026-09-05T03:58:03+00:00,3,pi_6e178a52d0f550be98cb4f3bfb6372d3,unified-papers,unreviewed,,unreviewed roster label,,unknown,,,,unknown,,Motor-cortical beta oscillations linked to delayed movement onset; Low-frequency stimulation enhancing ensemble co-firing and dexterity after stroke,beta oscillations; dexterity; ensemble co-firing; low-frequency stimulation; macaque reaching; motor cortex; neurofeedback; perilesional cortex; population activity; stroke recovery,source-backed examples,complete,Selected the two full-name matched motor-cortex primary papers; remaining candidates were unrelated initials-only namesakes.,,,0,https://pubmed.ncbi.nlm.nih.gov/28467303/; https://pubmed.ncbi.nlm.nih.gov/33571430/,"The registry preserves this identity, but independent source evidence is still needed. | This institution is a historical roster label, not a sourced current appointment. | Lab model organisms are not yet source-backed; article-species mentions do not establish a lab model.",,unknown,0,0,0,0,0,0,0,0,0,0
Ryoma Hattori,early-career awardee,Max Planck Florida Institute for Neuroscience,neuroscience (awardee),NIH DP2,0,0.0,0,2016;2017;2018;2019;2020;2021;2022;2023;2024;2025,0,0,0,,,unknown,unified_pubmed(full-name/affiliation-or-ORCID),last-author proxy,2025,,2026-09-05T03:58:03+00:00,3,pi_6838db1190a95dd889e18581e1685209,unified-papers,unreviewed,,unreviewed roster label,,unknown,,,,unknown,,Retrosplenial history-dependent value coding during learning; Orbitofrontal cortex mediation of meta-reinforcement learning; Transparent graphene microelectrodes for simultaneous electrophysiology and deep two-photon imaging,decision making; electrophysiology; graphene microelectrodes; history signals; learning; meta-reinforcement learning; optical transparency; orbitofrontal cortex; retrosplenial cortex; reversal learning; synaptic plasticity; transgenic mice; two-photon imaging; value coding; value signals,source-backed examples,complete,Selected full-name matched decision-circuit and neural-interface contributions; older initials-only cardiovascular records were not used.,,,0,https://pubmed.ncbi.nlm.nih.gov/31080067/; https://pubmed.ncbi.nlm.nih.gov/34084100/; https://pubmed.ncbi.nlm.nih.gov/37957318/,"The registry preserves this identity, but independent source evidence is still needed. | This institution is a historical roster label, not a sourced current appointment. | Lab model organisms are not yet source-backed; article-species mentions do not establish a lab model.",,unknown,0,0,0,0,0,0,0,0,0,0
Shuo Chen,early-career awardee,New York University,neuroscience (awardee),NIH DP2,0,0.0,0,2016;2017;2018;2019;2020;2021;2022;2023;2024;2025,0,0,0,,,unknown,unified_pubmed(full-name/affiliation-or-ORCID),last-author proxy,2025,,2026-09-05T18:53:20+00:00,3,pi_bb96a63dbb6c5b69947efafc536ee5b6,unified-papers,source-backed,,unreviewed roster label,,unknown,,,,unknown,,Hypothalamic novelty signals shaping hippocampal memory; Nanoparticle-enabled optical access to deep-brain activity,contextual novelty; deep-brain activity; hippocampal projections; near-infrared light; optical neuromodulation; social memory; supramammillary nucleus; upconversion nanoparticles,source-backed examples,complete,"Independent NIH identity, lab publication list and full-author records identify the NYU/NKI Shuo Chen and corroborate both earlier primary anchors.",,,3,https://commonfund.nih.gov/newinnovator/fundedresearch; https://europepmc.org/article/MED/29439241; https://europepmc.org/article/MED/32999460,"This institution is a historical roster label, not a sourced current appointment. | Lab model organisms are not yet source-backed; article-species mentions do not establish a lab model. | 3 candidate papers remain unresolved and are not included in totals. | Excluded 6 different-given-name candidates; review aliases if any exclusion is unexpected.",,unknown,0,0,0,0,0,0,0,0,0,0
Bridget Ostrem,early-career awardee,"University of California, San Francisco",neuroscience (awardee),NIH DP2,0,0.0,0,2016;2017;2018;2019;2020;2021;2022;2023;2024;2025,0,0,2,,,unknown,unified_pubmed(full-name/affiliation-or-ORCID),last-author proxy,2025,,2026-09-05T03:58:06+00:00,3,pi_50cab40e9ebf55fe9c86145e52c4100b,unified-papers,unreviewed,,unreviewed roster label,,unknown,Glia and neuroimmunology,,,unknown,Mouse,Control of outer radial glial mitotic somal translocation; MORC2 ATPase-module variants causing neurodevelopmental disorder; Microglia-dependent fetal brain response to maternal inflammation,craniofacial dysmorphism; exome sequencing; fetal brain; growth retardation; human cortex; maternal inflammation; microglia; mitotic somal translocation; MORC2; myosin II; neurodevelopment; neurodevelopmental disorder; outer radial glia; ROCK; rodent model,source-backed examples,complete,Selected full-name matched neurodevelopmental and clinical-neurology papers; unrelated fertility-treatment work was not used.,,,0,https://pubmed.ncbi.nlm.nih.gov/25088420/; https://pubmed.ncbi.nlm.nih.gov/32693025/; https://pubmed.ncbi.nlm.nih.gov/38775708/,"The registry preserves this identity, but independent source evidence is still needed. | This institution is a historical roster label, not a sourced current appointment. | Lab model organisms are not yet source-backed; article-species mentions do not establish a lab model.",,unknown,0,0,0,0,0,0,0,0,0,0
Jacqueline A. Palmer,early-career awardee,University of Minnesota,neuroscience (awardee),NIH DP2,0,0.0,0,2016;2017;2018;2019;2020;2021;2022;2023;2024;2025,0,0,0,,,unknown,unified_pubmed(full-name/affiliation-or-ORCID),last-author proxy,2025,,2026-09-05T18:53:23+00:00,3,pi_25a9ae365a935c1d830a863dc771246c,unified-papers,source-backed,,unreviewed roster label,,unknown,,,,unknown,,Motor-cortical network flexibility and poststroke walking; Preliminary exercise-related changes in poststroke inhibitory control,aerobic exercise; chronic stroke; cortical response timing; executive function; motor-cortical networks; network flexibility; poststroke inhibitory control; walking biomechanics,source-backed examples,complete,Independent Minnesota publication list and primary full-author records corroborate Jacqueline A. Palmer and two distinct primary findings.,,,0,https://commonfund.nih.gov/newinnovator/fundedresearch; https://europepmc.org/article/MED/34570636; https://europepmc.org/article/MED/37436187; https://med.umn.edu/bio/jacqueline-palmer,"This institution is a historical roster label, not a sourced current appointment. | Lab model organisms are not yet source-backed; article-species mentions do not establish a lab model. | Excluded 3 different-given-name candidates; review aliases if any exclusion is unexpected.",,unknown,0,0,0,0,0,0,0,0,0,0
Richard S. Smith,early-career awardee,Northwestern University,neuroscience (awardee),NIH DP2,0,0.0,0,2016;2017;2018;2019;2020;2021;2022;2023;2024;2025,0,0,0,,,unknown,unified_pubmed(full-name/affiliation-or-ORCID),last-author proxy,2025,,2026-09-05T18:53:21+00:00,3,pi_b4f33d3cd6bb5da69c49779499c441f9,unified-papers,source-backed,,unreviewed roster label,,unknown,,,,unknown,,SCN3A channel function in prenatal cortical development,cortical folding; oral-motor development; prenatal cortical development; SCN3A,source-backed examples,complete,Independent Northwestern identity and lab research page connect Richard S. Smith to the earlier primary SCN3A paper.,,,2,https://europepmc.org/article/MED/30146301; https://news.feinberg.northwestern.edu/2025/10/08/smith-honored-with-nih-new-innovator-award/; https://www.pharm.northwestern.edu/faculty/profile.html?xid=53994,"This institution is a historical roster label, not a sourced current appointment. | Lab model organisms are not yet source-backed; article-species mentions do not establish a lab model. | 2 candidate papers remain unresolved and are not included in totals. | Excluded 4 different-given-name candidates; review aliases if any exclusion is unexpected.",,unknown,0,0,0,0,0,0,0,0,0,0
Melanie Maya Kaelberer,early-career awardee,University of Arizona,neuroscience (awardee),NIH DP2,0,0.0,0,2016;2017;2018;2019;2020;2021;2022;2023;2024;2025,0,0,0,,,unknown,unified_pubmed(full-name/affiliation-or-ORCID),last-author proxy,2025,,2026-09-05T04:37:04+00:00,3,pi_cb55ac791fc75bf1afb54461ce2068b2,unified-papers,unreviewed,,unreviewed roster label,,unknown,,,,unknown,,Neuropod-vagal circuit for rapid gut nutrient sensory transduction; Vagal pathway for gut-induced reward; Gut sensor-cell mechanism for sugar preference over sweetener,dopamine; duodenal neuropod cells; glutamate; glutamatergic signaling; gut-brain circuit; gut-induced reward; neuropod cells; nutrient sensing; parabrachial relay; self-stimulation; sugar preference; sweetener; vagal sensory neurons; vagus nerve,source-backed examples,complete,Selected full-name matched gut-brain sensory transduction papers centered on neuropod/vagal circuits.,,,0,https://pubmed.ncbi.nlm.nih.gov/30237325/; https://pubmed.ncbi.nlm.nih.gov/30245012/; https://pubmed.ncbi.nlm.nih.gov/35027761/,"The registry preserves this identity, but independent source evidence is still needed. | This institution is a historical roster label, not a sourced current appointment. | Lab model organisms are not yet source-backed; article-species mentions do not establish a lab model.",,unknown,0,0,0,0,0,0,0,0,0,0
