Name,Group,Institution,Field,Awards,CNS_total,CNS_avg_per_yr,CNS_years_covered,CNS_gap_years,NeuronNatNeuro_total,eLife_total,nonCNS_total,Lab_start_year,First_senior_paper,Career_stage,Count_source,Authorship_measure,Career_reference_year,Lab_age_source,Count_fetched_at,Count_method_version,Researcher_ID,Publication_model,Identity_status,Current_institution,Institution_status,HHMI_status,HHMI_source_status,Topics,Methods,Model_organisms,Model_organism_status,Paper_species_mentions,Contribution_titles,Contribution_keywords,Contribution_status,Contribution_review_status,Contribution_review_reason,Active_years_in_window,CNS_per_active_year,Unresolved_papers,Source_URLs,Review_notes,Faculty_appointment_year,Faculty_appointment_status,CNS_2016,CNS_2017,CNS_2018,CNS_2019,CNS_2020,CNS_2021,CNS_2022,CNS_2023,CNS_2024,CNS_2025
Karl Deisseroth,HHMI,Stanford University,Neuroscience (HHMI),,23,2.3,9,2024,6,0,17,,,established,unified_pubmed(full-name/affiliation-or-ORCID),last-author proxy,2025,,2026-09-05T03:40:54+00:00,3,pi_b646f9ff376958788977f9fe70c49523,unified-papers,unreviewed,,unreviewed roster label,Listed in legacy HHMI cohort,unreviewed,Cellular and molecular neuroscience; Computation and cognition; Learning and memory; Motor systems; Neural circuits and behavior; Sensory systems,Calcium imaging; Electrophysiology; Imaging and microscopy; MRI and neuroimaging; Optogenetics; Sequencing and transcriptomics,,unknown,C. elegans; Human; Mouse; Rat; Zebrafish,Millisecond optogenetic control of mammalian neural activity; Parvalbumin interneuron control of cortical gamma rhythms; CLARITY intact-tissue molecular and structural imaging,Channelrhodopsin-2; CLARITY; gamma oscillations; hydrogel tissue clearing; intact brain imaging; macromolecule labeling; mammalian neurons; millisecond spiking; neocortical circuits; optical neural control; optogenetic modulation; parvalbumin interneurons; signal transmission; synaptic transmission; three-dimensional anatomy,source-backed examples,complete,"Selected three distinct, full-name matched primary-paper examples spanning optogenetic control, circuit discovery, and tissue-clearing methods.",,,0,https://pubmed.ncbi.nlm.nih.gov/16116447/; https://pubmed.ncbi.nlm.nih.gov/19396159/; https://pubmed.ncbi.nlm.nih.gov/23575631/,"The registry preserves this identity, but independent source evidence is still needed. | This institution is a historical roster label, not a sourced current appointment. | Lab model organisms are not yet source-backed; article-species mentions do not establish a lab model.",,unknown,6,2,3,4,2,1,1,3,0,1
Eric Gouaux,HHMI,Oregon Health & Science University,Neuroscience (HHMI),,18,1.8,9,2020,0,6,25,,,established,unified_pubmed(full-name/affiliation-or-ORCID),last-author proxy,2025,,2026-09-05T03:41:21+00:00,3,pi_84f869e3dd655a97be21e29c6f58b3b5,unified-papers,unreviewed,,unreviewed roster label,Listed in legacy HHMI cohort,unreviewed,Cellular and molecular neuroscience; Learning and memory; Motor systems; Neurodegeneration and aging; Sensory systems; Sleep and circadian rhythms,Connectomics; Electrophysiology; Imaging and microscopy,,unknown,C. elegans; Human; Mouse; Rat; Zebrafish,LeuT structure revealing neurotransmitter transporter architecture; ASIC1 structure and proton-gating mechanism; AMPA receptor architecture and gating principles,acid-sensing ion channel; AMPA receptor; ASIC1; channel gating; GluA2; ion channel structure; ionotropic glutamate receptors; LeuT; neurotransmitter transporters; occluded site; pain sensing; proton activation; sodium chloride cotransport; substrate binding; symmetry mismatch,source-backed examples,complete,Selected full-name matched structural biology papers on neurotransmitter transporters and ion channels.,,,0,https://pubmed.ncbi.nlm.nih.gov/16041361/; https://pubmed.ncbi.nlm.nih.gov/17882215/; https://pubmed.ncbi.nlm.nih.gov/19946266/,"The registry preserves this identity, but independent source evidence is still needed. | This institution is a historical roster label, not a sourced current appointment. | Lab model organisms are not yet source-backed; article-species mentions do not establish a lab model.",,unknown,3,2,3,2,0,4,1,1,1,1
Liqun Luo,HHMI,Stanford University,Neuroscience (HHMI),,18,1.8,8,2016;2022,6,5,27,,,established,unified_pubmed(full-name/affiliation-or-ORCID),last-author proxy,2025,,2026-09-05T03:41:35+00:00,3,pi_a1cccefbe3a152c5b7209b9276db8cf0,unified-papers,unreviewed,,unreviewed roster label,Listed in legacy HHMI cohort,unreviewed,Cellular and molecular neuroscience; Computation and cognition; Development; Glia and neuroimmunology; Learning and memory; Motor systems; Neural circuits and behavior; Sensory systems,Computational modeling; Electrophysiology; Imaging and microscopy; Optogenetics; Sequencing and transcriptomics,Fruit fly; Mouse,source-backed examples,Drosophila; Mouse,TRAP2 activity-dependent neuronal access; MARCM genetic mosaic analysis; Teneurin-mediated synaptic partner matching,activity-dependent labeling; gene function; genetic access; genetic mosaics; MARCM; memory retrieval; mosaic analysis; neuronal ensembles; neuronal morphogenesis; olfactory circuits; single-neuron labeling; synaptic partner matching; Ten-a; Ten-m; teneurin; TRAP2; wiring specificity,source-backed examples,not recorded,,,,0,https://luolab.stanford.edu/people/lab-alumni; https://luolab.stanford.edu/research; https://luolab.stanford.edu/research/tool-development; https://pmc.ncbi.nlm.nih.gov/articles/PMC3345284/; https://pmc.ncbi.nlm.nih.gov/articles/PMC6387639/; https://pubmed.ncbi.nlm.nih.gov/10197526/,"The registry preserves this identity, but independent source evidence is still needed. | This institution is a historical roster label, not a sourced current appointment.",,unknown,0,3,2,1,4,3,0,1,1,3
Xiaowei Zhuang,HHMI,Harvard University,Neuroscience (HHMI),,16,1.6,8,2017;2024,0,4,22,,,established,unified_pubmed(full-name/affiliation-or-ORCID),last-author proxy,2025,,2026-09-05T04:36:47+00:00,3,pi_14c78c6067b05979974050055f8ebd78,unified-papers,source-backed,Harvard University,source-backed current profile,HHMI Investigator (official profile lists 2005-present),source-backed,Cellular and molecular neuroscience; Computation and cognition; Development; Glia and neuroimmunology; Learning and memory; Motor systems; Neural circuits and behavior; Neurodegeneration and aging; Sensory systems,Computational modeling; Imaging and microscopy; Sequencing and transcriptomics,,unknown,C. elegans; Drosophila; Human; Mouse; Rat,STORM localizes photoswitchable fluorophores for sub-diffraction fluorescence imaging; MERFISH enables spatially resolved multiplexed RNA profiling in single cells; STORM revealed a periodic actin-spectrin cytoskeleton in axons,actin rings; axon cytoskeleton; error-robust encoding; fluorescence microscopy; MERFISH; nanometer localization; photoswitchable fluorophores; single-cell profiling; single-molecule RNA imaging; sodium channels; spatial transcriptomics; spectrin periodicity; STORM imaging; STORM microscopy; sub-diffraction imaging,source-backed examples,complete,"Selected distinct full-name Xiaowei Zhuang contributions spanning super-resolution microscopy, spatial transcriptomics, and neuronal cytoskeletal organization.",,,1,https://pubmed.ncbi.nlm.nih.gov/16896339/; https://pubmed.ncbi.nlm.nih.gov/23239625/; https://pubmed.ncbi.nlm.nih.gov/25858977/; https://www.hhmi.org/scientists/xiaowei-zhuang; https://zhuang.harvard.edu/CV_XZ.pdf#page=1; https://zhuang.harvard.edu/pi.html,Lab model organisms are not yet source-backed; article-species mentions do not establish a lab model. | 1 candidate papers remain unresolved and are not included in totals. | Excluded 3 different-given-name candidates; review aliases if any exclusion is unexpected.,2001,source-backed,3,0,3,2,1,1,3,1,0,2
David D. Ginty,HHMI,Harvard Medical School,Neuroscience (HHMI),,14,1.4,7,2017;2018;2025,8,1,15,,,established,unified_pubmed(full-name/affiliation-or-ORCID),last-author proxy,2025,,2026-09-05T03:41:54+00:00,3,pi_d5b640306c635bfb84233740fa2c99e3,unified-papers,unreviewed,,unreviewed roster label,Listed in legacy HHMI cohort,unreviewed,Cellular and molecular neuroscience; Development; Glia and neuroimmunology; Learning and memory; Motor systems; Neural circuits and behavior; Sensory systems,Connectomics; Electrophysiology; Imaging and microscopy; Optogenetics; Sequencing and transcriptomics,,unknown,Mouse,Cutaneous LTMR organization of hairy-skin touch; Cellular and synaptic architecture of the LTMR-recipient dorsal horn; Developmental emergence of somatosensory neuron transcriptional identity,dorsal horn columns; hair follicle end organs; low-threshold mechanoreceptors; LTMR-recipient zone; mouse genetic tools; mouse hairy skin; single-cell transcriptomic atlas; somatosensory neurogenesis; spinal interneuron diversity; subtype transcription factors; target-derived NGF; touch pathways,source-backed examples,complete,"Selected full-name, field-consistent primary papers on somatosensory neuron organization and touch-circuit architecture.",,,0,https://pubmed.ncbi.nlm.nih.gov/22196735/; https://pubmed.ncbi.nlm.nih.gov/28041852/; https://pubmed.ncbi.nlm.nih.gov/31915380/,"The registry preserves this identity, but independent source evidence is still needed. | This institution is a historical roster label, not a sourced current appointment. | Lab model organisms are not yet source-backed; article-species mentions do not establish a lab model.",,unknown,2,0,0,1,3,2,2,1,3,0
Ardem Patapoutian,HHMI,Scripps Research,Neuroscience (HHMI),,13,1.3,7,2017;2019;2024,1,2,10,,,established,unified_pubmed(full-name/affiliation-or-ORCID),last-author proxy,2025,,2026-09-05T03:42:09+00:00,3,pi_72dc3e89b2ce5ac887a217b449c0e054,unified-papers,unreviewed,,unreviewed roster label,Listed in legacy HHMI cohort,unreviewed,Cellular and molecular neuroscience; Motor systems; Neural circuits and behavior; Sensory systems,Connectomics; Imaging and microscopy; Optogenetics,,unknown,Human; Mouse,Piezo proteins as mechanically activated cation channels; Piezo proteins form an evolutionarily conserved ion-channel family; TRPM8 cold and menthol sensory channel,cold sensation; dorsal root ganglia; ion channel family; mechanically activated currents; mechanotransduction; menthol; Piezo pore; Piezo1; Piezo2; purified Piezo1; temperature-sensing neurons; TRPM8,source-backed examples,complete,Selected full-name sensory-transduction primary papers and combined closely related Piezo discovery/follow-up evidence.,,,1,https://pubmed.ncbi.nlm.nih.gov/11893340/; https://pubmed.ncbi.nlm.nih.gov/20813920/; https://pubmed.ncbi.nlm.nih.gov/22343900/,"The registry preserves this identity, but independent source evidence is still needed. | This institution is a historical roster label, not a sourced current appointment. | Lab model organisms are not yet source-backed; article-species mentions do not establish a lab model. | 1 candidate papers remain unresolved and are not included in totals.",,unknown,2,0,3,0,1,1,1,3,0,2
Michelle Monje,HHMI,Stanford University,Neuroscience (HHMI),,13,1.3,7,2016;2020;2021,5,1,37,,,established,unified_pubmed(full-name/affiliation-or-ORCID),last-author proxy,2025,,2026-09-05T03:42:25+00:00,3,pi_4a7eaf7ff93f5f739c8a1ae30dd367c4,unified-papers,unreviewed,,unreviewed roster label,Listed in legacy HHMI cohort,unreviewed,Cellular and molecular neuroscience; Computation and cognition; Development; Glia and neuroimmunology; Learning and memory; Motor systems; Neural circuits and behavior; Sensory systems,Electrophysiology; Optogenetics; Organoids and stem-cell models; Sequencing and transcriptomics,,unknown,Mouse; Rat,Neuronal activity promotes adaptive myelination; Neuronal-activity-regulated neuroligin-3 dependency in glioma; GD2-CAR T cells for H3K27M-mutated diffuse midline gliomas,adaptive myelination; diffuse midline glioma; GD2-CAR T cells; H3K27M mutation; high-grade glioma; motor function; neuroligin-3; neuronal activity; oligodendrogenesis; phase I trial; PI3K-mTOR; premotor cortex,source-backed examples,complete,"Selected full-name neurodevelopment, neuro-oncology and early clinical-translation primary papers.",,,0,https://pubmed.ncbi.nlm.nih.gov/24727982/; https://pubmed.ncbi.nlm.nih.gov/25913192/; https://pubmed.ncbi.nlm.nih.gov/28959975/; https://pubmed.ncbi.nlm.nih.gov/35130560/,"The registry preserves this identity, but independent source evidence is still needed. | This institution is a historical roster label, not a sourced current appointment. | Lab model organisms are not yet source-backed; article-species mentions do not establish a lab model.",,unknown,0,2,1,1,0,0,2,3,1,3
David J. Anderson,HHMI,California Institute of Technology,Neuroscience (HHMI),,12,1.2,8,2016;2023,5,2,10,,,established,unified_pubmed(full-name/affiliation-or-ORCID),last-author proxy,2025,,2026-09-05T04:36:37+00:00,3,pi_271074fa981f58a8a7676b959ccd45ff,unified-papers,source-backed,California Institute of Technology,source-backed current profile,HHMI Investigator Program (official profile lists 1989-present),source-backed,Cellular and molecular neuroscience; Learning and memory; Neural circuits and behavior,Calcium imaging; Imaging and microscopy; Optogenetics; Sequencing and transcriptomics,,unknown,Drosophila; Mouse,OLIG1/OLIG2 coupling of neuronal and glial subtype specification; Drosophila circuit node integrating arousal and aggression signals; Tac2 control of a distributed social-isolation brain state,aSP2 neurons; distributed brain state; Drosophila aggression; motoneuron specification; mouse behavior; neurokinin B; neuromodulatory input; octopamine; OLIG1; OLIG2; oligodendrocyte differentiation; social behavior; social isolation stress; spinal cord progenitors; Tac2,source-backed examples,complete,"Closed prior gap using the source-backed Caltech/ORCID identity for David J. Anderson, retaining the valid OLIG1/2 paper and adding verified Caltech-lab primary emotional-behavior circuit papers rather than namesake records.",,,5,https://davidandersonlab.caltech.edu/documents/27178/DJA_CV_02082362.pdf#page=1; https://davidandersonlab.caltech.edu/people/professor-david-j-anderson; https://feeds.library.caltech.edu/people/Anderson-D-J/; https://pub.orcid.org/v3.0/0000-0001-6175-3872/personal-details; https://pubmed.ncbi.nlm.nih.gov/11955447/; https://pubmed.ncbi.nlm.nih.gov/28858617/; https://pubmed.ncbi.nlm.nih.gov/29775595/; https://www.bbe.caltech.edu/people/david-j-anderson; https://www.hhmi.org/scientists/david-j-anderson,Lab model organisms are not yet source-backed; article-species mentions do not establish a lab model. | 5 candidate papers remain unresolved and are not included in totals. | Excluded 2 different-given-name candidates; review aliases if any exclusion is unexpected.,1986,source-backed,0,1,1,1,3,1,1,0,3,1
Thomas C. Südhof,HHMI,Stanford University,Neuroscience (HHMI),,12,1.2,7,2018;2022;2023,9,5,61,,,established,unified_pubmed(full-name/affiliation-or-ORCID),last-author proxy,2025,,2026-09-05T03:43:31+00:00,3,pi_8f6d72dfa2c9560db0b009534d7fe9c6,unified-papers,unreviewed,,unreviewed roster label,Listed in legacy HHMI cohort,unreviewed,Cellular and molecular neuroscience; Computation and cognition; Development; Glia and neuroimmunology; Learning and memory; Motor systems; Neural circuits and behavior; Neurodegeneration and aging; Sensory systems,Calcium imaging; Computational modeling; Electrophysiology; Imaging and microscopy; Optogenetics; Organoids and stem-cell models; Sequencing and transcriptomics,,unknown,Human; Mouse,Alpha-synuclein promotes presynaptic SNARE-complex assembly; An autism-linked neuroligin-3 mutation increases inhibitory synaptic transmission in mice; Defined transcription factors directly convert fibroblasts into functional neurons,alpha-synuclein; Ascl1; autism model; Brn2; fibroblast conversion; induced neurons; inhibitory synapses; mouse social behavior; Myt1l; neurodegeneration; neuroligin-3; presynaptic terminal; R451C mutation; SNARE complex; synaptobrevin-2,source-backed examples,complete,"Selected full-name Thomas C. Südhof examples from synaptic transmission, autism-linked synaptic mutation, and neuron induction; large consortium/resource and closely related induction follow-ups were not duplicated.",,,2,https://pubmed.ncbi.nlm.nih.gov/17823315/; https://pubmed.ncbi.nlm.nih.gov/20107439/; https://pubmed.ncbi.nlm.nih.gov/20798282/,"The registry preserves this identity, but independent source evidence is still needed. | This institution is a historical roster label, not a sourced current appointment. | Lab model organisms are not yet source-backed; article-species mentions do not establish a lab model. | 2 candidate papers remain unresolved and are not included in totals.",,unknown,1,3,0,2,1,2,0,0,2,1
Joseph R. Ecker,HHMI,Salk Institute for Biological Studies,Neuroscience (HHMI),,10,1.0,7,2019;2022;2024,1,3,28,,,established,unified_pubmed(full-name/affiliation-or-ORCID),last-author proxy,2025,,2026-09-05T03:42:57+00:00,3,pi_4b1ceab861bc5420b920f56d50f0b043,unified-papers,unreviewed,,unreviewed roster label,Listed in legacy HHMI cohort,unreviewed,Cellular and molecular neuroscience; Computation and cognition; Development; Learning and memory,Imaging and microscopy; Organoids and stem-cell models; Sequencing and transcriptomics,,unknown,Human; Mouse,Single-base Arabidopsis epigenome maps; Base-resolution human DNA methylomes; Integrative reference human epigenomes,Arabidopsis methylome; differentiation; DNA methylome; human embryonic stem cells; methylC-seq; non-CG methylation; reference epigenomes; regulatory elements; Roadmap Epigenomics; small RNAs; trait variants; transcriptome,source-backed examples,complete,"Selected full-name epigenomics resources that span plant, mammalian and consortium-scale regulatory maps.",,,0,https://pubmed.ncbi.nlm.nih.gov/18423832/; https://pubmed.ncbi.nlm.nih.gov/19829295/; https://pubmed.ncbi.nlm.nih.gov/25693563/,"The registry preserves this identity, but independent source evidence is still needed. | This institution is a historical roster label, not a sourced current appointment. | Lab model organisms are not yet source-backed; article-species mentions do not establish a lab model.",,unknown,3,1,1,0,1,1,0,2,0,1
Mark J. Schnitzer,HHMI,Stanford University,Neuroscience (HHMI),,9,0.9,8,2019;2023,1,0,6,,,established,unified_pubmed(full-name/affiliation-or-ORCID),last-author proxy,2025,,2026-09-05T03:41:31+00:00,3,pi_c0778d973bb35896ba834bf4ae85e5a7,unified-papers,unreviewed,,unreviewed roster label,Listed in legacy HHMI cohort,unreviewed,Cellular and molecular neuroscience; Learning and memory; Motor systems; Neural circuits and behavior; Neurodegeneration and aging; Sensory systems; Sleep and circadian rhythms,Calcium imaging; Electrophysiology; Imaging and microscopy; MRI and neuroimaging; Optogenetics,,unknown,Drosophila; Mouse,Miniaturized integrated fluorescence microscope for behaving animals; Long-term dynamics of CA1 place-cell codes; Cerebellar granule-cell encoding of reward expectation,behaving mice; CA1; calcium imaging; cerebellar granule cells; cerebellar microzones; cognitive cerebellum; fluorescence imaging; freely behaving mice; learning; longitudinal calcium imaging; miniature microscope; place cells; reward expectation; spatial representation; two-photon imaging,source-backed examples,complete,Selected full-name matched examples across miniature imaging technology and discoveries enabled by cellular-scale recordings.,,,0,https://pubmed.ncbi.nlm.nih.gov/21909102/; https://pubmed.ncbi.nlm.nih.gov/23396101/; https://pubmed.ncbi.nlm.nih.gov/28321129/,"The registry preserves this identity, but independent source evidence is still needed. | This institution is a historical roster label, not a sourced current appointment. | Lab model organisms are not yet source-backed; article-species mentions do not establish a lab model.",,unknown,1,1,1,0,1,1,2,0,1,1
Charles S. Zuker,HHMI,Columbia University,Neuroscience (HHMI),,8,0.8,7,2016;2017;2023,2,0,2,,,established,unified_pubmed(full-name/affiliation-or-ORCID),last-author proxy,2025,,2026-09-05T03:41:39+00:00,3,pi_1e40ff5eb79b578294e979392d25f3f7,unified-papers,unreviewed,,unreviewed roster label,Listed in legacy HHMI cohort,unreviewed,Glia and neuroimmunology; Learning and memory; Neural circuits and behavior; Sensory systems,Imaging and microscopy,,unknown,Human; Mouse,"T1R receptor logic for amino-acid, sweet, and umami taste; T2R bitter taste receptors and aversive coding logic; Dedicated cellular substrates for sour and sodium taste",behavioral aversion; bitter taste; dedicated cells; ENaC; labeled cells; PKD2L1; sodium taste; sour taste; sweet taste; T1R1+3; T1R2+3; T2R receptors; taste coding; taste receptor cells; umami taste,source-backed examples,complete,"Selected full-name matched taste-receptor discoveries, grouping related modality-coding papers where appropriate.",,,0,https://pubmed.ncbi.nlm.nih.gov/11894099/; https://pubmed.ncbi.nlm.nih.gov/14636554/; https://pubmed.ncbi.nlm.nih.gov/15759003/; https://pubmed.ncbi.nlm.nih.gov/16929298/; https://pubmed.ncbi.nlm.nih.gov/20107438/,"The registry preserves this identity, but independent source evidence is still needed. | This institution is a historical roster label, not a sourced current appointment. | Lab model organisms are not yet source-backed; article-species mentions do not establish a lab model.",,unknown,0,0,1,1,1,1,1,0,1,2
Steven McCarroll,HHMI,Harvard Medical School,Neuroscience (HHMI),,8,0.8,5,2017;2019;2021;2022;2023,1,0,8,,,established,unified_pubmed(full-name/affiliation-or-ORCID),last-author proxy,2025,,2026-09-05T03:42:51+00:00,3,pi_c31a80fff45b5ecab9314f6e35d1fb14,unified-papers,unreviewed,,unreviewed roster label,Listed in legacy HHMI cohort,unreviewed,Cellular and molecular neuroscience; Computation and cognition; Glia and neuroimmunology; Learning and memory; Motor systems; Neurodegeneration and aging,Organoids and stem-cell models; Sequencing and transcriptomics,,unknown,Human; Mouse,"Drop-seq for massively parallel single-cell RNA profiling; ExAC catalogue of protein-coding variation in 60,706 people; Schizophrenia GWAS implicating neuronal and synaptic biology",constraint metrics; Drop-seq; ExAC; fine mapping; GWAS loci; human exomes; nanoliter droplets; protein-truncating variants; retinal cell atlas; schizophrenia genetics; single-cell RNA-seq; synaptic biology,source-backed examples,complete,Selected full-name single-cell and human-genetics resources with clear primary-data contributions.,,,0,https://pubmed.ncbi.nlm.nih.gov/26000488/; https://pubmed.ncbi.nlm.nih.gov/27535533/; https://pubmed.ncbi.nlm.nih.gov/35396580/,"The registry preserves this identity, but independent source evidence is still needed. | This institution is a historical roster label, not a sourced current appointment. | Lab model organisms are not yet source-backed; article-species mentions do not establish a lab model.",,unknown,1,0,1,0,4,0,0,0,1,1
Christopher A. Walsh,HHMI,Boston Children's Hospital,Neuroscience (HHMI),,8,0.8,6,2018;2019;2020;2023,6,1,43,,,established,unified_pubmed(full-name/affiliation-or-ORCID),last-author proxy,2025,,2026-09-05T03:43:05+00:00,3,pi_d2bb704d760d5a2b957f643d42558771,unified-papers,unreviewed,,unreviewed roster label,Listed in legacy HHMI cohort,unreviewed,Cellular and molecular neuroscience; Computation and cognition; Development; Glia and neuroimmunology; Learning and memory; Motor systems; Neural circuits and behavior; Neurodegeneration and aging; Sensory systems,Electrophysiology; Imaging and microscopy; MRI and neuroimaging; Organoids and stem-cell models; Sequencing and transcriptomics,,unknown,Human; Mouse; Zebrafish,β-catenin control of neural precursor proliferation and cortical size; 16p11.2 microdeletion and microduplication associated with autism; Autism genomic architecture from de novo CNVs and sequencing,16p11.2; autism risk loci; autism spectrum disorder; cell-cycle exit; copy-number variation; cortical size; de novo CNVs; developmental delay; neural precursors; rare variants; TADA; β-catenin,source-backed examples,complete,Selected full-name cortical-development and autism-genetics primary papers while avoiding broad psychiatric-genetics consortium records with less specific Walsh contribution evidence.,,,0,https://pubmed.ncbi.nlm.nih.gov/12130776/; https://pubmed.ncbi.nlm.nih.gov/18184952/; https://pubmed.ncbi.nlm.nih.gov/26402605/,"The registry preserves this identity, but independent source evidence is still needed. | This institution is a historical roster label, not a sourced current appointment. | Lab model organisms are not yet source-backed; article-species mentions do not establish a lab model. | Excluded 5 different-given-name candidates; review aliases if any exclusion is unexpected.",,unknown,2,1,0,0,0,1,1,0,1,2
Oliver Hobert,HHMI,Columbia University,Neuroscience (HHMI),,8,0.8,6,2017;2022;2023;2024,1,9,70,,,established,unified_pubmed(full-name/affiliation-or-ORCID),last-author proxy,2025,,2026-09-05T03:43:24+00:00,3,pi_75f6d91e26915b4d83a5800003833d1d,unified-papers,unreviewed,,unreviewed roster label,Listed in legacy HHMI cohort,unreviewed,Cellular and molecular neuroscience; Computation and cognition; Development; Learning and memory; Motor systems; Neural circuits and behavior; Sensory systems,Connectomics; Imaging and microscopy; Organoids and stem-cell models; Sequencing and transcriptomics,,unknown,C. elegans; Drosophila; Mouse,The lsy-6 microRNA controls left-right neuronal asymmetry in C. elegans; Functional mapping assigned interneuron classes to C. elegans locomotory behavior; Starvation can induce transgenerational small-RNA inheritance in C. elegans,AIY interneurons; AIZ interneurons; ASE neurons; C. elegans; C. elegans lifespan; chemoreceptor expression; chemosensory signaling; left-right asymmetry; locomotory behavior; lsy-6 microRNA; nutrition genes; RIB interneurons; small RNAs; starvation; transgenerational inheritance,source-backed examples,complete,Selected full-name Oliver Hobert primary research contributions; a review and a no-abstract method candidate were not used.,,,0,https://pubmed.ncbi.nlm.nih.gov/12838583/; https://pubmed.ncbi.nlm.nih.gov/14685240/; https://pubmed.ncbi.nlm.nih.gov/25018105/,"The registry preserves this identity, but independent source evidence is still needed. | This institution is a historical roster label, not a sourced current appointment. | Lab model organisms are not yet source-backed; article-species mentions do not establish a lab model.",,unknown,1,0,2,1,2,1,0,0,0,1
Vanessa Ruta,HHMI,Rockefeller University,Neuroscience (HHMI),,7,0.7,5,2016;2017;2020;2022;2023,1,0,1,,,established,unified_pubmed(full-name/affiliation-or-ORCID),last-author proxy,2025,,2026-09-05T03:41:29+00:00,3,pi_f9e9c964d6f85937991c98ff1ebb9a54,unified-papers,unreviewed,,unreviewed roster label,Listed in legacy HHMI cohort,unreviewed,Cellular and molecular neuroscience; Learning and memory; Motor systems; Neural circuits and behavior; Sensory systems,Imaging and microscopy,,unknown,Drosophila,Structural logic of insect olfactory receptors; Mushroom-body neuromodulation as a switchboard for sensory processing; Sexual arousal gating of visual processing during courtship,behavioral flexibility; cryo-EM; dopamine; Drosophila courtship; Drosophila mushroom body; insect olfactory receptors; internal state; LC10a visual pathway; odor tuning; odorant recognition; olfactory signals; Orco; P1 neurons; synaptic modulation; visual gain,source-backed examples,complete,"Selected full-name matched structural and circuit-level work on olfaction, neuromodulation, and courtship.",,,0,https://pubmed.ncbi.nlm.nih.gov/26687359/; https://pubmed.ncbi.nlm.nih.gov/30111839/; https://pubmed.ncbi.nlm.nih.gov/34234348/; https://pubmed.ncbi.nlm.nih.gov/34349260/,"The registry preserves this identity, but independent source evidence is still needed. | This institution is a historical roster label, not a sourced current appointment. | Lab model organisms are not yet source-backed; article-species mentions do not establish a lab model.",,unknown,0,0,2,1,0,2,0,0,1,1
Bernardo L. Sabatini,HHMI,Harvard Medical School,Neuroscience (HHMI),,7,0.7,6,2017;2018;2019;2022,10,5,32,,,established,unified_pubmed(full-name/affiliation-or-ORCID),last-author proxy,2025,,2026-09-05T03:41:50+00:00,3,pi_110c8c0215fa592e82ebcaaef0abd80f,unified-papers,unreviewed,,unreviewed roster label,Listed in legacy HHMI cohort,unreviewed,Cellular and molecular neuroscience; Computation and cognition; Glia and neuroimmunology; Learning and memory; Motor systems; Neural circuits and behavior; Sensory systems,Computational modeling; Electrophysiology; Imaging and microscopy; Optogenetics; Sequencing and transcriptomics,,unknown,Mouse; Rat,ScanImage software for flexible laser-scanning microscopy; Amyloid-β oligomer and dimer effects on synapses and memory; All-optical electrophysiology with engineered rhodopsins,all-optical electrophysiology; Alzheimer disease; amyloid-beta oligomers; CheRiff; custom microscopes; data acquisition; dendritic spines; laser scanning microscopy; NMDA receptors; open source software; Optopatch; QuasAr; ScanImage; synapse loss; voltage imaging,source-backed examples,complete,Selected full-name matched tool and synaptic-mechanism papers with clear primary-source support.,,,0,https://pubmed.ncbi.nlm.nih.gov/12801419/; https://pubmed.ncbi.nlm.nih.gov/17360908/; https://pubmed.ncbi.nlm.nih.gov/18568035/; https://pubmed.ncbi.nlm.nih.gov/24952910/,"The registry preserves this identity, but independent source evidence is still needed. | This institution is a historical roster label, not a sourced current appointment. | Lab model organisms are not yet source-backed; article-species mentions do not establish a lab model.",,unknown,1,0,0,0,1,2,0,1,1,1
Catherine Dulac,HHMI,Harvard University,Neuroscience (HHMI),,7,0.7,4,2016;2019;2020;2021;2023;2024,0,1,8,,,established,unified_pubmed(full-name/affiliation-or-ORCID),last-author proxy,2025,,2026-09-05T03:42:02+00:00,3,pi_0e094a1f7cbe505dbc00de39eefd3227,unified-papers,unreviewed,,unreviewed roster label,Listed in legacy HHMI cohort,unreviewed,Cellular and molecular neuroscience; Computation and cognition; Development; Glia and neuroimmunology; Learning and memory; Neural circuits and behavior; Sensory systems; Sleep and circadian rhythms,Calcium imaging; Electrophysiology; Imaging and microscopy; Optogenetics; Sequencing and transcriptomics,,unknown,Mouse,Olfactory pathways to reproductive neuroendocrine neurons; Latent male sexual-behavior circuit in the female mouse brain; Sex-specific processing of social cues in medial amygdala,GnRH neurons; mating behavior; medial amygdala; mouse courtship; olfactory pathways; reproduction; sex-specific behavior; sexually dimorphic representation; social cues; Trpc2 mutant females; vomeronasal organ; vomeronasal pathway,source-backed examples,complete,Selected full-name primary papers on chemosensory and social-behavior circuit mechanisms in mice.,,,0,https://pubmed.ncbi.nlm.nih.gov/16290037/; https://pubmed.ncbi.nlm.nih.gov/17676034/; https://pubmed.ncbi.nlm.nih.gov/24894465/,"The registry preserves this identity, but independent source evidence is still needed. | This institution is a historical roster label, not a sourced current appointment. | Lab model organisms are not yet source-backed; article-species mentions do not establish a lab model.",,unknown,0,1,2,0,0,0,1,0,0,3
Gaby Maimon,HHMI,Rockefeller University,Neuroscience (HHMI),,7,0.7,6,2016;2018;2019;2020,1,0,5,,,established,unified_pubmed(full-name/affiliation-or-ORCID),last-author proxy,2025,,2026-09-05T03:42:04+00:00,3,pi_7d844c79e577575b93a1591bf4c83021,unified-papers,unreviewed,,unreviewed roster label,Listed in legacy HHMI cohort,unreviewed,Cellular and molecular neuroscience; Computation and cognition; Learning and memory; Motor systems; Neural circuits and behavior; Sensory systems,Calcium imaging; Electrophysiology; Imaging and microscopy; Optogenetics,,unknown,Drosophila,Central-complex circuit architecture for angular integration; Vector computation for allocentric travelling direction; Converting allocentric goals into egocentric steering commands,allocentric travelling angle; angular velocity; coordinate transformation; Drosophila central complex; EPG neurons; fan-shaped body; FC2 neurons; goal-directed navigation; heading estimate; PFL3 cells; shifting neurons; steering signal; vector arithmetic,source-backed examples,complete,Selected full-name Drosophila navigation papers with distinct computation-to-circuit findings.,,,0,https://pubmed.ncbi.nlm.nih.gov/28538731/; https://pubmed.ncbi.nlm.nih.gov/34912112/; https://pubmed.ncbi.nlm.nih.gov/38326612/,"The registry preserves this identity, but independent source evidence is still needed. | This institution is a historical roster label, not a sourced current appointment. | Lab model organisms are not yet source-backed; article-species mentions do not establish a lab model.",,unknown,0,2,0,0,0,1,1,1,1,1
Jeffrey M. Friedman,HHMI,Rockefeller University,Neuroscience (HHMI),,7,0.7,6,2018;2019;2023;2025,1,1,18,,,established,unified_pubmed(full-name/affiliation-or-ORCID),last-author proxy,2025,,2026-09-05T03:42:16+00:00,3,pi_288c551e43055d0ebc2257e86f488080,unified-papers,unreviewed,,unreviewed roster label,Listed in legacy HHMI cohort,unreviewed,Cellular and molecular neuroscience; Learning and memory; Motor systems; Neural circuits and behavior; Neurodegeneration and aging,Calcium imaging; Electrophysiology; Imaging and microscopy; Optogenetics; Organoids and stem-cell models; Sequencing and transcriptomics,,unknown,Mouse,Leptin-BDNF pathway controlling adipose sympathetic innervation; Profiling glucose-sensing neurons that include hypoglycemia-activated GHRH cells,adipose tissue; BDNF PVH neurons; Gck promoter; GHRH neurons; glucose-sensing neurons; leptin signaling; sympathetic innervation; transcriptional profiling,source-backed examples,complete,"Selected Rockefeller/HHMI full-name candidate papers; same-name clinical pharmacology, bariatric and rehabilitation candidates were excluded as identity/context mismatches, and initials-only anchors were left for parent review.",,,0,https://pubmed.ncbi.nlm.nih.gov/24093682/; https://pubmed.ncbi.nlm.nih.gov/32699414/,"The registry preserves this identity, but independent source evidence is still needed. | This institution is a historical roster label, not a sourced current appointment. | Lab model organisms are not yet source-backed; article-species mentions do not establish a lab model.",,unknown,1,1,0,0,1,1,1,0,2,0
Mark A. Krasnow,HHMI,Stanford University,Neuroscience (HHMI),,7,0.7,6,2016;2021;2023;2024,1,1,7,,,established,unified_pubmed(full-name/affiliation-or-ORCID),last-author proxy,2025,,2026-09-05T03:42:32+00:00,3,pi_574463a5e25653ccbc7039ac18224de5,unified-papers,unreviewed,,unreviewed roster label,Listed in legacy HHMI cohort,unreviewed,Cellular and molecular neuroscience; Neural circuits and behavior,Optogenetics; Organoids and stem-cell models; Sequencing and transcriptomics,,unknown,Human; Mouse,AT2 cells as postnatal alveolar stem cells; Single-cell reconstruction of distal lung epithelial hierarchies; Molecular cell atlas of the human lung,alveolar differentiation; alveolar type 2 cells; cell-type localization; distal lung epithelium; EGFR-KRAS; human lung atlas; lineage hierarchy; lineage tracing; lung evolution; lung renewal; single-cell RNA-seq,source-backed examples,complete,Selected full-name lung-development and cell-atlas primary papers with coherent epithelial/stem-cell scope.,,,1,https://pubmed.ncbi.nlm.nih.gov/24499815/; https://pubmed.ncbi.nlm.nih.gov/24739965/; https://pubmed.ncbi.nlm.nih.gov/33208946/,"The registry preserves this identity, but independent source evidence is still needed. | This institution is a historical roster label, not a sourced current appointment. | Lab model organisms are not yet source-backed; article-species mentions do not establish a lab model. | 1 candidate papers remain unresolved and are not included in totals.",,unknown,0,1,1,1,1,0,1,0,0,2
Zachary A. Knight,HHMI,"University of California, San Francisco",Neuroscience (HHMI),,7,0.7,5,2018;2020;2021;2024;2025,6,1,10,,,established,unified_pubmed(full-name/affiliation-or-ORCID),last-author proxy,2025,,2026-09-05T03:42:55+00:00,3,pi_ae70844268d254b38777816ad6c9feaa,unified-papers,unreviewed,,unreviewed roster label,Listed in legacy HHMI cohort,unreviewed,Neural circuits and behavior; Sensory systems,Calcium imaging; Imaging and microscopy; Optogenetics; Sequencing and transcriptomics,,unknown,Mouse,Pharmacological map of PI3K isoforms and insulin signaling; Sensory food detection rapidly resets arcuate feeding-circuit activity; Vagal sensory neuron classes controlling feeding,AgRP inhibition; AgRP neurons; chemical genetics; fiber photometry; food cues; gut-brain axis; insulin signaling; intestinal mechanoreceptors; p110alpha; PI3K inhibitors; POMC neurons; vagal sensory neurons,source-backed examples,complete,Selected full-name chemical-biology and feeding-circuit papers while keeping early non-neural work separate from later neuroscience scope.,,,0,https://pubmed.ncbi.nlm.nih.gov/16647110/; https://pubmed.ncbi.nlm.nih.gov/25703096/; https://pubmed.ncbi.nlm.nih.gov/31730854/,"The registry preserves this identity, but independent source evidence is still needed. | This institution is a historical roster label, not a sourced current appointment. | Lab model organisms are not yet source-backed; article-species mentions do not establish a lab model.",,unknown,1,1,0,2,0,0,2,1,0,0
Rachel I. Wilson,HHMI,Harvard Medical School,Neuroscience (HHMI),,6,0.6,5,2017;2018;2020;2023;2025,6,1,15,,,established,unified_pubmed(full-name/affiliation-or-ORCID),last-author proxy,2025,,2026-09-05T03:43:10+00:00,3,pi_a4bf76ae859f5639824b1307c2ae63e3,unified-papers,unreviewed,,unreviewed roster label,Listed in legacy HHMI cohort,unreviewed,Cellular and molecular neuroscience; Computation and cognition; Learning and memory; Motor systems; Neural circuits and behavior; Sensory systems,Computational modeling; Connectomics; Electrophysiology; Optogenetics,,unknown,Drosophila,Drosophila antennal lobe transforms primary odor inputs into broader second-order representations; GABAergic inhibition shapes odor-evoked spatiotemporal patterns in fly olfactory circuits; Divisive normalization operates in Drosophila olfactory population coding,antennal lobe; antennal lobe inhibition; divisive normalization; Drosophila; Drosophila olfaction; feedforward input; GABAergic local neurons; lateral inhibition; lateral interactions; odor discrimination; odor representations; olfactory population codes; projection neurons,source-backed examples,complete,"The batch candidates matched other Rachel/R. Wilsons or non-neuroscience topics, so additional PubMed primary records with full-name Rachel I Wilson authorship in Drosophila olfaction were verified and used.",,,0,https://pubmed.ncbi.nlm.nih.gov/14684826/; https://pubmed.ncbi.nlm.nih.gov/16207866/; https://pubmed.ncbi.nlm.nih.gov/20435004/,"The registry preserves this identity, but independent source evidence is still needed. | This institution is a historical roster label, not a sourced current appointment. | Lab model organisms are not yet source-backed; article-species mentions do not establish a lab model. | Excluded 3 different-given-name candidates; review aliases if any exclusion is unexpected.",,unknown,1,0,0,1,0,1,1,0,2,0
Stephen D. Liberles,HHMI,Harvard Medical School,Neuroscience (HHMI),,6,0.6,6,2017;2018;2019;2025,2,2,8,,,established,unified_pubmed(full-name/affiliation-or-ORCID),last-author proxy,2025,,2026-09-05T03:43:27+00:00,3,pi_12c7101f66f85ee5a74876849e13d6fa,unified-papers,unreviewed,,unreviewed roster label,Listed in legacy HHMI cohort,unreviewed,Cellular and molecular neuroscience; Motor systems; Neural circuits and behavior; Sensory systems,Optogenetics; Sequencing and transcriptomics,,unknown,Drosophila; Mouse,Trace amine-associated receptors form a second olfactory chemosensory receptor class; Genetically defined vagal sensory neuron subtypes oppositely regulate breathing; PIEZO channels mediate neuronal baroreceptor sensing of blood pressure,baroreceptor reflex; blood pressure control; breathing control; lung innervation; mouse olfaction; nodose ganglia; Npy2r neurons; olfactory epithelium; P2ry1 neurons; PIEZO1; PIEZO2; social cues; TAAR receptors; vagal afferents; volatile amines,source-backed examples,complete,Selected full-name Stephen D. Liberles contributions spanning olfactory chemosensation and genetically defined visceral sensory pathways.,,,0,https://pubmed.ncbi.nlm.nih.gov/16878137/; https://pubmed.ncbi.nlm.nih.gov/25892222/; https://pubmed.ncbi.nlm.nih.gov/30361375/,"The registry preserves this identity, but independent source evidence is still needed. | This institution is a historical roster label, not a sourced current appointment. | Lab model organisms are not yet source-backed; article-species mentions do not establish a lab model.",,unknown,1,0,0,0,1,1,1,1,1,0
Leslie B. Vosshall,HHMI,Rockefeller University,Neuroscience (HHMI),,5,0.5,4,2017;2020;2021;2023;2024;2025,1,4,14,,,established,unified_pubmed(full-name/affiliation-or-ORCID),last-author proxy,2025,,2026-09-05T03:41:15+00:00,3,pi_6c92eef23923599ebc517bc4f71fac0b,unified-papers,unreviewed,,unreviewed roster label,Listed in legacy HHMI cohort,unreviewed,Cellular and molecular neuroscience; Learning and memory; Neural circuits and behavior; Sensory systems,Calcium imaging; Computational modeling; Imaging and microscopy; Optogenetics; Sequencing and transcriptomics,,unknown,C. elegans; Drosophila; Human; Mouse,Or83b/Orco as a universal insect olfactory coreceptor; Insect odorant receptors as ligand-gated ion channels; Ionotropic receptor family for Drosophila chemosensation,cation conductance; chemosensory receptors; Drosophila olfaction; insect odorant receptors; ionotropic receptors; ligand-gated ion channels; odor tuning; odorant receptors; olfactory transduction; Or83b; Or83b complexes; Orco; sensory cilia; sensory dendrites,source-backed examples,complete,"Selected full-name matched insect chemosensation papers, grouping closely related Or83b/Orco coreceptor evidence.",,,0,https://pubmed.ncbi.nlm.nih.gov/15339651/; https://pubmed.ncbi.nlm.nih.gov/16402857/; https://pubmed.ncbi.nlm.nih.gov/18408712/; https://pubmed.ncbi.nlm.nih.gov/19135896/,"The registry preserves this identity, but independent source evidence is still needed. | This institution is a historical roster label, not a sourced current appointment. | Lab model organisms are not yet source-backed; article-species mentions do not establish a lab model.",,unknown,1,0,2,1,0,0,1,0,0,0
Kay Tye,HHMI,Salk Institute for Biological Studies,Neuroscience (HHMI),,5,0.5,4,2016;2017;2020;2023;2024;2025,1,2,8,,,established,unified_pubmed(full-name/affiliation-or-ORCID),last-author proxy,2025,,2026-09-05T03:42:36+00:00,3,pi_09145f96b93355a8a58622806ccad86d,unified-papers,unreviewed,,unreviewed roster label,Listed in legacy HHMI cohort,unreviewed,Learning and memory; Neural circuits and behavior; Sensory systems,Calcium imaging; Electrophysiology; Imaging and microscopy; Optogenetics,,unknown,Mouse; Rat,Basolateral-to-central amygdala projection bidirectionally controls anxiety; Input-specific VTA circuits for reward and aversion; Fiber photometry of VTA-NAc dynamics during social behavior,anxiety behavior; aversion circuit; BLA-CeA projection; dopamine neurons; fiber photometry; optogenetics; projection dynamics; projection targeting; reward circuit; social interaction; ventral tegmental area; VTA-NAc projection,source-backed examples,complete,Selected full-name primary papers on projection-specific emotional and social circuits.,,,0,https://pubmed.ncbi.nlm.nih.gov/21389985/; https://pubmed.ncbi.nlm.nih.gov/23064228/; https://pubmed.ncbi.nlm.nih.gov/24949967/,"The registry preserves this identity, but independent source evidence is still needed. | This institution is a historical roster label, not a sourced current appointment. | Lab model organisms are not yet source-backed; article-species mentions do not establish a lab model.",,unknown,0,0,1,1,0,1,2,0,0,0
Daniel Kronauer,HHMI,Rockefeller University,Neuroscience (HHMI),,5,0.5,4,2016;2019;2020;2021;2024;2025,0,2,42,,,established,unified_pubmed(full-name/affiliation-or-ORCID),last-author proxy,2025,,2026-09-05T03:42:38+00:00,3,pi_cd8d88ca6118510e983a38c2dbffa4fe,unified-papers,unreviewed,,unreviewed roster label,Listed in legacy HHMI cohort,unreviewed,Cellular and molecular neuroscience; Computation and cognition; Learning and memory; Neural circuits and behavior; Sensory systems,Calcium imaging; Computational modeling; Imaging and microscopy; Sequencing and transcriptomics,,unknown,,Clonal raider ant genome as a social-behavior model resource; Odorant-receptor coreceptor required for ant social behavior and antennal-lobe glomeruli; Insulin-like peptide mechanism for reproductive division of labor in ants,ant pheromone perception; antennal lobe glomeruli; Cerapachys biroi; clonal raider ant; division of labor; eusociality; insulin-like peptide 2; larval signals; orco mutants; reproductive division of labor; social behavior; social evolution,source-backed examples,complete,"Selected full-name ant model-system, sensory and social-evolution primary papers.",,,2,https://pubmed.ncbi.nlm.nih.gov/24508170/; https://pubmed.ncbi.nlm.nih.gov/28802042/; https://pubmed.ncbi.nlm.nih.gov/30049879/,"The registry preserves this identity, but independent source evidence is still needed. | This institution is a historical roster label, not a sourced current appointment. | Lab model organisms are not yet source-backed; article-species mentions do not establish a lab model. | 2 candidate papers remain unresolved and are not included in totals.",,unknown,0,1,1,0,0,0,1,2,0,0
S. Lawrence Zipursky,HHMI,"University of California, Los Angeles",Neuroscience (HHMI),,5,0.5,3,2016;2017;2018;2019;2021;2023;2024,6,0,6,,,established,unified_pubmed(full-name/affiliation-or-ORCID),last-author proxy,2025,,2026-09-05T04:36:45+00:00,3,pi_2f1dcc0623bf5b48a1a1992554d160a6,unified-papers,unreviewed,,unreviewed roster label,Listed in legacy HHMI cohort,unreviewed,Cellular and molecular neuroscience; Development; Glia and neuroimmunology; Neural circuits and behavior; Sensory systems,Calcium imaging; Connectomics; Imaging and microscopy; Sequencing and transcriptomics,,unknown,Drosophila; Mouse,Dscam alternative splicing creates isoform-specific homophilic receptors; Dscam-mediated self-recognition controls dendrite self-avoidance; Dscam diversity required for neuronal wiring and self-recognition,alternative splicing; axon guidance; dendrite self-avoidance; Drosophila brain; Drosophila da neurons; Dscam; Dscam cytoplasmic tail; Dscam diversity; homophilic binding; neuronal wiring; self versus nonself; self-recognition,source-backed examples,complete,"Selected full-name Dscam primary papers that distinguish molecular binding, dendrite self-avoidance and wiring diversity.",,,1,https://pubmed.ncbi.nlm.nih.gov/15339666/; https://pubmed.ncbi.nlm.nih.gov/17482551/; https://pubmed.ncbi.nlm.nih.gov/17851526/,"The registry preserves this identity, but independent source evidence is still needed. | This institution is a historical roster label, not a sourced current appointment. | Lab model organisms are not yet source-backed; article-species mentions do not establish a lab model. | 1 candidate papers remain unresolved and are not included in totals.",,unknown,0,0,0,0,1,0,2,0,0,2
Susumu Tonegawa,HHMI,Massachusetts Institute of Technology,Neuroscience (HHMI),,5,0.5,3,2018;2019;2021;2022;2023;2024;2025,6,0,14,,,established,unified_pubmed(full-name/affiliation-or-ORCID),last-author proxy,2025,,2026-09-05T03:43:08+00:00,3,pi_a6c995f3a1c25af09e32961423186df4,unified-papers,unreviewed,,unreviewed roster label,Listed in legacy HHMI cohort,unreviewed,Cellular and molecular neuroscience; Computation and cognition; Learning and memory; Neural circuits and behavior; Neurodegeneration and aging; Sleep and circadian rhythms,Electrophysiology; Imaging and microscopy; Optogenetics,,unknown,Mouse,"Optogenetic reactivation of hippocampal engram cells evokes fear-memory recall; Prefrontal, hippocampal, and amygdala engrams reorganize during systems consolidation; Dentate gyrus NMDA receptors support hippocampal pattern separation",basolateral amygdala; CA3 firing modulation; context discrimination; contextual fear memory; dentate gyrus; fear-memory recall; hippocampal engram cells; hippocampal engrams; mouse memory; NMDA receptor NR1; optogenetic reactivation; pattern separation; prefrontal engram cells; systems consolidation,source-backed examples,complete,Selected three distinct mouse hippocampal memory examples with full-name Susumu Tonegawa authorship; closely related engram follow-ups were kept separate only where they support distinct claims.,,,0,https://pubmed.ncbi.nlm.nih.gov/17556551/; https://pubmed.ncbi.nlm.nih.gov/22441246/; https://pubmed.ncbi.nlm.nih.gov/28386011/,"The registry preserves this identity, but independent source evidence is still needed. | This institution is a historical roster label, not a sourced current appointment. | Lab model organisms are not yet source-backed; article-species mentions do not establish a lab model.",,unknown,2,2,0,0,1,0,0,0,0,0
Massimo Scanziani,HHMI,"University of California, San Francisco",Neuroscience (HHMI),,5,0.5,5,2017;2021;2023;2024;2025,3,0,6,,,established,unified_pubmed(full-name/affiliation-or-ORCID),last-author proxy,2025,,2026-09-05T03:43:16+00:00,3,pi_e90f779e2edb5c91872bf07f2afd7cc1,unified-papers,unreviewed,,unreviewed roster label,Listed in legacy HHMI cohort,unreviewed,Cellular and molecular neuroscience; Computation and cognition; Learning and memory; Motor systems; Neural circuits and behavior; Sensory systems,Calcium imaging; Computational modeling; Electrophysiology; Imaging and microscopy,,unknown,Mouse,Molecularly distinct interneurons form a complementary disinhibitory circuit motif; Parvalbumin-cell synapses equalize excitation-inhibition ratios across visual cortical neurons; Somatostatin interneurons mediate cortical surround suppression in visual cortex,activity-dependent matching; disinhibition; excitation-inhibition ratio; horizontal cortical axons; layer 2/3 pyramidal cells; mouse cortex; parvalbumin cells; parvalbumin interneurons; somatostatin cells; somatostatin interneurons; surround suppression; VIP cells; visual cortex; visual cortex interneurons; visual receptive field,source-backed examples,complete,"Selected three full-name Massimo Scanziani mouse cortical-circuit papers covering interneuron connectivity, excitation-inhibition matching, and sensory contextual modulation.",,,0,https://pubmed.ncbi.nlm.nih.gov/23060193/; https://pubmed.ncbi.nlm.nih.gov/23817549/; https://pubmed.ncbi.nlm.nih.gov/25043046/,"The registry preserves this identity, but independent source evidence is still needed. | This institution is a historical roster label, not a sourced current appointment. | Lab model organisms are not yet source-backed; article-species mentions do not establish a lab model.",,unknown,1,0,1,1,1,0,1,0,0,0
Ilana B. Witten,HHMI,Princeton University,Neuroscience (HHMI),,4,0.4,3,2016;2018;2020;2021;2022;2023;2024,7,2,15,,,established,unified_pubmed(full-name/affiliation-or-ORCID),last-author proxy,2025,,2026-09-05T03:40:59+00:00,3,pi_029c839d3f5d5c8eb6dce9a087c2e2d9,unified-papers,unreviewed,,unreviewed roster label,Listed in legacy HHMI cohort,unreviewed,Cellular and molecular neuroscience; Computation and cognition; Learning and memory; Motor systems; Neural circuits and behavior; Sensory systems,Calcium imaging; Electrophysiology; Imaging and microscopy; Optogenetics,,unknown,Mouse; Rat,Recombinase-driver rat lines for cell-type optogenetics; Causal dopamine prediction-error signal for cue-reward learning; Specialized coding of behavioral variables in VTA dopamine neurons,cell-type targeting; Cre-driver rats; cue-reward learning; dopamine neurons; functional clusters; intracranial self-stimulation; optogenetic activation; optogenetics; prediction error; reinforcement; reward encoding; two-photon imaging; virtual reality; VTA dopamine neurons,source-backed examples,complete,Selected full-name matched papers spanning optogenetic animal tools and dopamine circuit computations.,,,0,https://pubmed.ncbi.nlm.nih.gov/22153370/; https://pubmed.ncbi.nlm.nih.gov/23708143/; https://pubmed.ncbi.nlm.nih.gov/31142844/,"The registry preserves this identity, but independent source evidence is still needed. | This institution is a historical roster label, not a sourced current appointment. | Lab model organisms are not yet source-backed; article-species mentions do not establish a lab model.",,unknown,0,1,0,1,0,0,0,0,0,2
Erich D. Jarvis,HHMI,Rockefeller University,Neuroscience (HHMI),,4,0.4,3,2016;2017;2018;2020;2022;2024;2025,0,1,24,,,established,unified_pubmed(full-name/affiliation-or-ORCID),last-author proxy,2025,,2026-09-05T03:42:00+00:00,3,pi_79a7402c3e145cb0a663cdf0377d7458,unified-papers,unreviewed,,unreviewed roster label,Listed in legacy HHMI cohort,unreviewed,Cellular and molecular neuroscience; Computation and cognition; Learning and memory; Motor systems; Neural circuits and behavior; Sensory systems,Sequencing and transcriptomics,,unknown,Human; Mouse,Whole-genome resolution of early modern-bird branches; High-quality vertebrate reference genome assembly strategy; Single-sample haplotype-resolved diploid genome assembly,48 bird genomes; assembly errors; diploid genomes; haplotype-resolved assembly; Hi-C data; incomplete lineage sorting; long-read assemblies; Neoaves phylogeny; PacBio HiFi reads; reference genomes; Vertebrate Genomes Project; vocal learning gains,source-backed examples,complete,Selected full-name comparative-genomics primary papers with clear Jarvis authorship and organism/genome scope.,,,0,https://pubmed.ncbi.nlm.nih.gov/25504713/; https://pubmed.ncbi.nlm.nih.gov/33911273/; https://pubmed.ncbi.nlm.nih.gov/35332338/,"The registry preserves this identity, but independent source evidence is still needed. | This institution is a historical roster label, not a sourced current appointment. | Lab model organisms are not yet source-backed; article-species mentions do not establish a lab model.",,unknown,0,0,0,1,0,2,0,1,0,0
Li Ye,HHMI,Scripps Research,Neuroscience (HHMI),NIH DP2,4,0.4,3,2016;2017;2018;2019;2020;2021;2024,1,0,6,,,established,unified_pubmed(full-name/affiliation-or-ORCID),last-author proxy,2025,,2026-09-05T03:42:44+00:00,3,pi_b85c7109745c5d3995afb2a3ad6b96e3,unified-papers,unreviewed,,unreviewed roster label,Listed in legacy HHMI cohort,unreviewed,Neural circuits and behavior; Sensory systems,Imaging and microscopy; Optogenetics,,unknown,Mouse,"Advanced CLARITY and light-sheet imaging for intact tissues; Basomedial amygdala pathway for top-down regulation of fear and anxiety; Prefrontal ensembles linking valence, wiring and molecular phenotype",basomedial amygdala; CLARITY; experience valence; fear and anxiety; hydrogel-based technology; intact tissue imaging; light-sheet microscopy; NPAS4; prefrontal cortex ensembles; top-down control; ventral mPFC; whole-brain staining,source-backed examples,complete,"Selected Stanford/Scripps neuroscience-context full-name papers; adipocyte, virology and other same-name candidates were not used because the profile identity/context was ambiguous for them.",,,0,https://pubmed.ncbi.nlm.nih.gov/24945384/; https://pubmed.ncbi.nlm.nih.gov/26536109/; https://pubmed.ncbi.nlm.nih.gov/27238022/,"The registry preserves this identity, but independent source evidence is still needed. | This institution is a historical roster label, not a sourced current appointment. | Lab model organisms are not yet source-backed; article-species mentions do not establish a lab model.",,unknown,0,0,0,0,0,0,2,1,0,1
Cornelia Bargmann,HHMI,Rockefeller University,Neuroscience (HHMI),,4,0.4,3,2019;2020;2021;2022;2023;2024;2025,2,6,15,,,established,unified_pubmed(full-name/affiliation-or-ORCID),last-author proxy,2025,,2026-09-05T03:58:12+00:00,3,pi_41229fad7a0755799344c2599221220f,unified-papers,unreviewed,,unreviewed roster label,Listed in legacy HHMI cohort,unreviewed,Cellular and molecular neuroscience; Computation and cognition; Learning and memory; Motor systems; Neural circuits and behavior; Sensory systems,Calcium imaging; Electrophysiology; Imaging and microscopy; MRI and neuroimaging; Optogenetics,,unknown,C. elegans; Zebrafish,C. elegans local-search and dispersal navigation circuit; GCaMP3 calcium indicator for neural activity imaging across model organisms; iGluSnFR fluorescent reporter for glutamate neurotransmission,AIB interneurons; AWC neurons; C. elegans; calcium imaging; Drosophila; GCaMP3; glutamate reporter; iGluSnFR; in vivo imaging; local search; mouse cortex; navigation; synaptic transmission; worms,source-backed examples,complete,Selected full-name matched C. elegans circuit and sensor/tool papers from the assigned evidence.,,,0,https://pubmed.ncbi.nlm.nih.gov/15689400/; https://pubmed.ncbi.nlm.nih.gov/19898485/; https://pubmed.ncbi.nlm.nih.gov/23314171/,"The registry preserves this identity, but independent source evidence is still needed. | This institution is a historical roster label, not a sourced current appointment. | Lab model organisms are not yet source-backed; article-species mentions do not establish a lab model. | Excluded 1 different-given-name candidates; review aliases if any exclusion is unexpected.",,unknown,2,1,1,0,0,0,0,0,0,0
Mikhail Shapiro,HHMI,California Institute of Technology,Neuroscience (HHMI),,3,0.3,3,2016;2017;2020;2021;2022;2024;2025,1,0,48,,,established,unified_pubmed(full-name/affiliation-or-ORCID),last-author proxy,2025,,2026-09-05T03:40:57+00:00,3,pi_3aeff650cf995c72a83bc7a1be768ba3,unified-papers,unreviewed,,unreviewed roster label,Listed in legacy HHMI cohort,unreviewed,Cellular and molecular neuroscience; Learning and memory; Neural circuits and behavior,Connectomics; Imaging and microscopy; MRI and neuroimaging,,unknown,Human; Mouse; Rat,Infrared excitation through membrane-capacitance changes; Biogenic gas vesicles as ultrasound molecular reporters; Mechanosensitive-channel mechanism for focused-ultrasound neuronal excitation,biosensors; calcium accumulation; cell depolarization; cortical neurons; electrostatic mechanism; focused ultrasound; gas vesicles; genetically encoded contrast; infrared stimulation; mechanosensitive channels; membrane capacitance; molecular imaging; optical stimulation; ultrasonic neuromodulation; ultrasound reporters,source-backed examples,complete,Selected full-name matched work on physical mechanisms and molecular tools for noninvasive imaging or neuromodulation.,,,1,https://pubmed.ncbi.nlm.nih.gov/22415827/; https://pubmed.ncbi.nlm.nih.gov/24633522/; https://pubmed.ncbi.nlm.nih.gov/35078979/,"The registry preserves this identity, but independent source evidence is still needed. | This institution is a historical roster label, not a sourced current appointment. | Lab model organisms are not yet source-backed; article-species mentions do not establish a lab model. | 1 candidate papers remain unresolved and are not included in totals.",,unknown,0,0,1,1,0,0,0,1,0,0
Loren M. Frank,HHMI,"University of California, San Francisco",Neuroscience (HHMI),,3,0.3,3,2017;2018;2019;2021;2022;2024;2025,5,1,17,,,established,unified_pubmed(full-name/affiliation-or-ORCID),last-author proxy,2025,,2026-09-05T03:41:09+00:00,3,pi_591cf63fc4cb58b1afe9b29ba21983b7,unified-papers,unreviewed,,unreviewed roster label,Listed in legacy HHMI cohort,unreviewed,Computation and cognition; Learning and memory; Motor systems; Neural circuits and behavior; Sleep and circadian rhythms,Computational modeling; Electrophysiology; Imaging and microscopy,,unknown,Mouse; Rat,Awake hippocampal replay of remote experiences; Awake sharp-wave ripples support spatial memory; Cortical-hippocampal-cortical loop during memory consolidation,auditory cortex; awake replay; hippocampal replay; hippocampal SWRs; hippocampus; memory consolidation; memory retrieval; memory-guided decisions; place cells; remote experiences; replay content; sharp-wave ripples; sleep; spatial memory; waking behavior,source-backed examples,complete,Selected full-name matched hippocampal replay and sharp-wave ripple studies with distinct memory implications.,,,0,https://pubmed.ncbi.nlm.nih.gov/19525943/; https://pubmed.ncbi.nlm.nih.gov/22555434/; https://pubmed.ncbi.nlm.nih.gov/27941790/,"The registry preserves this identity, but independent source evidence is still needed. | This institution is a historical roster label, not a sourced current appointment. | Lab model organisms are not yet source-backed; article-species mentions do not establish a lab model.",,unknown,1,0,0,0,1,0,0,1,0,0
Cagla Eroglu,HHMI,Duke University,Neuroscience (HHMI),,3,0.3,3,2018;2019;2020;2021;2022;2023;2024,3,0,20,,,established,unified_pubmed(full-name/affiliation-or-ORCID),last-author proxy,2025,,2026-09-05T03:41:11+00:00,3,pi_d93b62a99e8d581dbe0169c9edc4e16a,unified-papers,unreviewed,,unreviewed roster label,Listed in legacy HHMI cohort,unreviewed,Cellular and molecular neuroscience; Development; Glia and neuroimmunology; Learning and memory; Motor systems; Neural circuits and behavior; Sensory systems,Computational modeling; Imaging and microscopy; Organoids and stem-cell models,,unknown,Human; Mouse; Rat,Astrocyte hevin assembly and refinement of thalamocortical synapses; Astrocytic neuroligins link astrocyte morphogenesis to synaptogenesis; Rapid unbiased dendritic-spine classification from Golgi staining,astrocyte morphogenesis; astrocytes; astrocytic neuroligins; cortical synapses; dendritic spines; Golgi-Cox staining; hevin; neurexin neuroligin bridge; neurexins; spine morphology; synaptogenesis; thalamocortical synapses; unbiased classification; visual cortex,source-backed examples,complete,Selected full-name matched astrocyte-synapse mechanisms plus a practical spine-analysis method.,,,0,https://pubmed.ncbi.nlm.nih.gov/25208214/; https://pubmed.ncbi.nlm.nih.gov/25517933/; https://pubmed.ncbi.nlm.nih.gov/26771491/; https://pubmed.ncbi.nlm.nih.gov/29120426/,"The registry preserves this identity, but independent source evidence is still needed. | This institution is a historical roster label, not a sourced current appointment. | Lab model organisms are not yet source-backed; article-species mentions do not establish a lab model.",,unknown,1,1,0,0,0,0,0,0,0,1
Steven W. Flavell,HHMI,Massachusetts Institute of Technology,Neuroscience (HHMI),McKnight Scholar,3,0.3,2,2016;2017;2019;2020;2021;2022;2024;2025,0,3,9,,,established,unified_pubmed(full-name/affiliation-or-ORCID),last-author proxy,2025,,2026-09-05T19:26:14+00:00,3,pi_d51a57bfa5745114aac518746fac76c2,unified-papers,source-backed,,unreviewed roster label,Listed in legacy HHMI cohort,unreviewed,Cellular and molecular neuroscience; Glia and neuroimmunology; Learning and memory; Motor systems; Neural circuits and behavior; Sensory systems,Connectomics; Sequencing and transcriptomics,,unknown,C. elegans; Drosophila,Serotonin and PDF control opposing C. elegans roaming and dwelling states; ASIC-mediated food responses in an enteric serotonergic neuron; Brain-wide atlas of behavior representations across C. elegans states,ASIC channels; behavior atlas; brain-wide calcium imaging; C. elegans; food ingestion; foraging behavior; internal state; NSM neuron; PDF neuropeptide; roaming dwelling states; serotonin; timescales,source-backed examples,complete,Closed prior gap by rejecting the S. U. Flavell hematology namesakes and using official MIT/Picower/Flavell-lab evidence linking this profile to Steven W. Flavell C. elegans behavioral-state papers.,,,0,https://bcs.mit.edu/news/modeling-complex-behavior-simple-organism; https://flavell.mit.edu/publications/; https://pubmed.ncbi.nlm.nih.gov/23972393/; https://pubmed.ncbi.nlm.nih.gov/30580965/; https://pubmed.ncbi.nlm.nih.gov/37607537/,"This institution is a historical roster label, not a sourced current appointment. | Lab model organisms are not yet source-backed; article-species mentions do not establish a lab model.",,unknown,0,0,1,0,0,0,0,2,0,0
Kafui Dzirasa,HHMI,Duke University,Neuroscience (HHMI),,3,0.3,2,2016;2017;2019;2021;2022;2023;2024;2025,3,0,6,,,established,unified_pubmed(full-name/affiliation-or-ORCID),last-author proxy,2025,,2026-09-05T03:41:38+00:00,3,pi_51732be6035351ffb1fd2959e0d525f8,unified-papers,unreviewed,,unreviewed roster label,Listed in legacy HHMI cohort,unreviewed,Computation and cognition; Learning and memory; Neural circuits and behavior; Sleep and circadian rhythms,Computational modeling; Optogenetics,,unknown,Mouse,Brain-wide dynamics encoding depression vulnerability; Dynamically timed corticolimbic stimulation of stress-compensatory circuitry; Brain-wide electrical dynamics of individual social behavior,amygdala; closed-loop stimulation; corticolimbic circuitry; depression vulnerability; infralimbic cortex; local field potentials; machine learning; medial dorsal thalamus; prefrontal cortex; prelimbic cortex; social behavior; stress; theta oscillations; ventral hippocampus; ventral tegmental area,source-backed examples,complete,Selected full-name matched primary studies using distributed electrophysiology and stimulation to study affective and social brain states.,,,1,https://pubmed.ncbi.nlm.nih.gov/28728677/; https://pubmed.ncbi.nlm.nih.gov/29502969/; https://pubmed.ncbi.nlm.nih.gov/35294900/,"The registry preserves this identity, but independent source evidence is still needed. | This institution is a historical roster label, not a sourced current appointment. | Lab model organisms are not yet source-backed; article-species mentions do not establish a lab model. | 1 candidate papers remain unresolved and are not included in totals.",,unknown,0,0,1,0,2,0,0,0,0,0
Lisa Giocomo,HHMI,Stanford University,Neuroscience (HHMI),,3,0.3,2,2016;2017;2018;2020;2021;2022;2023;2025,8,1,22,,,established,unified_pubmed(full-name/affiliation-or-ORCID),last-author proxy,2025,,2026-09-05T03:41:57+00:00,3,pi_ef0c079ae01a5a949a5c011c40d79a13,unified-papers,unreviewed,,unreviewed roster label,Listed in legacy HHMI cohort,unreviewed,Computation and cognition; Learning and memory; Motor systems; Neural circuits and behavior; Sensory systems,Computational modeling; Connectomics; Imaging and microscopy,,unknown,Mouse; Rat; Zebrafish,Subthreshold oscillation frequency linked to grid-cell spacing; Environmental boundaries correct accumulated grid-cell error; Rules for integrating landmark and self-motion cues in entorhinal navigation codes,border cells; boundary interactions; dorsal-ventral axis; entorhinal grid cells; grid cells; grid-cell drift; optic flow; path integration; rat medial entorhinal cortex; self-motion cues; subthreshold oscillations; virtual navigation,source-backed examples,complete,"Selected full-name entorhinal cortex papers linking cellular physiology, landmarks and mixed navigational codes.",,,0,https://pubmed.ncbi.nlm.nih.gov/17379810/; https://pubmed.ncbi.nlm.nih.gov/25892299/; https://pubmed.ncbi.nlm.nih.gov/30038279/,"The registry preserves this identity, but independent source evidence is still needed. | This institution is a historical roster label, not a sourced current appointment. | Lab model organisms are not yet source-backed; article-species mentions do not establish a lab model.",,unknown,0,0,0,1,0,0,0,0,2,0
Huda Y. Zoghbi,HHMI,Baylor College of Medicine,Neuroscience (HHMI),,3,0.3,3,2016;2017;2019;2020;2023;2024;2025,11,12,62,,,established,unified_pubmed(full-name/affiliation-or-ORCID),last-author proxy,2025,,2026-09-05T03:42:06+00:00,3,pi_5f8cd31936b254a191575d29d50c5a71,unified-papers,unreviewed,,unreviewed roster label,Listed in legacy HHMI cohort,unreviewed,Cellular and molecular neuroscience; Computation and cognition; Development; Learning and memory; Motor systems; Neural circuits and behavior; Neurodegeneration and aging; Sensory systems,Electrophysiology; Imaging and microscopy; Organoids and stem-cell models; Sequencing and transcriptomics,,unknown,Drosophila; Human; Mouse; Rat,Truncated MeCP2 mouse model of Rett-like neurological disease; MeCP2 can activate as well as repress neuronal transcription; Polyglutamine expansion alters native ATXN1 protein complexes in SCA1,ATXN1; CREB1 association; histone H3 hyperacetylation; hypothalamus; MeCP2 transcription; MeCP2 truncation; neurological regression; polyglutamine expansion; RBM17 and capicua complexes; Rett syndrome; Rett syndrome mouse model; spinocerebellar ataxia type 1,source-backed examples,complete,"Selected full-name, Baylor-context primary candidates from the updated global cache; retained the Rett mouse-model entry and avoided initials-only anchors that remain alias-sensitive.",,,0,https://pubmed.ncbi.nlm.nih.gov/12160743/; https://pubmed.ncbi.nlm.nih.gov/18337722/; https://pubmed.ncbi.nlm.nih.gov/18511691/,"The registry preserves this identity, but independent source evidence is still needed. | This institution is a historical roster label, not a sourced current appointment. | Lab model organisms are not yet source-backed; article-species mentions do not establish a lab model.",,unknown,0,0,1,0,0,1,1,0,0,0
Kang Shen,HHMI,Stanford University,Neuroscience (HHMI),,3,0.3,3,2016;2017;2019;2021;2023;2024;2025,5,5,33,,,established,unified_pubmed(full-name/affiliation-or-ORCID),last-author proxy,2025,,2026-09-05T03:42:41+00:00,3,pi_a4bc680830385ef4b49a65fd5d8869ea,unified-papers,unreviewed,,unreviewed roster label,Listed in legacy HHMI cohort,unreviewed,Cellular and molecular neuroscience; Development; Learning and memory; Neurodegeneration and aging; Sensory systems,Imaging and microscopy; Organoids and stem-cell models,,unknown,C. elegans; Drosophila; Mouse; Rat,Wnt signaling positions neuromuscular connectivity by inhibiting ectopic synapses; Glial netrin signaling promotes local synaptogenesis; Phase separation of scaffold molecules in active-zone assembly,active zone; AIY-RIA synapses; C. elegans; DA9 motor neuron; ELKS-1; glial guideposts; phase separation; SYD-2 liprin-alpha; synapse patterning; UNC-40 DCC; UNC-6 netrin; Wnt signaling,source-backed examples,complete,"Selected full-name C. elegans synapse-development papers with distinct extracellular, glial and active-zone mechanisms.",,,1,https://pubmed.ncbi.nlm.nih.gov/17719547/; https://pubmed.ncbi.nlm.nih.gov/17916735/; https://pubmed.ncbi.nlm.nih.gov/33208945/,"The registry preserves this identity, but independent source evidence is still needed. | This institution is a historical roster label, not a sourced current appointment. | Lab model organisms are not yet source-backed; article-species mentions do not establish a lab model. | 1 candidate papers remain unresolved and are not included in totals. | Excluded 3 different-given-name candidates; review aliases if any exclusion is unexpected.",,unknown,0,0,1,0,1,0,1,0,0,0
Axel T. Brunger,HHMI,Stanford University,Neuroscience (HHMI),,3,0.3,3,2016;2018;2019;2020;2021;2023;2025,1,4,22,,,established,unified_pubmed(full-name/affiliation-or-ORCID),last-author proxy,2025,,2026-09-05T03:42:53+00:00,3,pi_e7939a473b9351bfae3e773f88d784bf,unified-papers,unreviewed,,unreviewed roster label,Listed in legacy HHMI cohort,unreviewed,Cellular and molecular neuroscience; Learning and memory,Connectomics; Imaging and microscopy,,unknown,Mouse; Rat,CNS crystallography and NMR structure-determination software; Architecture of synaptotagmin-SNARE machinery for neuronal exocytosis; Primed SNARE-complexin-synaptotagmin complex for fast release,bulk solvent refinement; CNS software; complexin; crystal structure; crystallography; neuronal exocytosis; NMR structure determination; primed prefusion complex; SNARE complex; synaptotagmin; synaptotagmin-1; synchronous release,source-backed examples,complete,Selected full-name structural-biology tools and synaptic exocytosis mechanism papers.,,,1,https://pubmed.ncbi.nlm.nih.gov/18007608/; https://pubmed.ncbi.nlm.nih.gov/26280336/; https://pubmed.ncbi.nlm.nih.gov/28813412/,"The registry preserves this identity, but independent source evidence is still needed. | This institution is a historical roster label, not a sourced current appointment. | Lab model organisms are not yet source-backed; article-species mentions do not establish a lab model. | 1 candidate papers remain unresolved and are not included in totals.",,unknown,0,1,0,0,0,0,1,0,1,0
Carlos D. Brody,HHMI,Princeton University,Neuroscience (HHMI),,3,0.3,3,2016;2017;2019;2020;2021;2022;2023,3,5,16,,,established,unified_pubmed(full-name/affiliation-or-ORCID),last-author proxy,2025,,2026-09-05T03:43:22+00:00,3,pi_14d450b0a69b557cb770a0577e3f0cb4,unified-papers,unreviewed,,unreviewed roster label,Listed in legacy HHMI cohort,unreviewed,Computation and cognition; Learning and memory; Neural circuits and behavior; Sensory systems,Computational modeling; Electrophysiology; Imaging and microscopy; Optogenetics,,unknown,Mouse; Rat,Rats and humans can accumulate pulse evidence with little memory noise; Parietal and frontal cortices encode evidence accumulation differently; Posterior parietal cortex represents sensory history that biases behavior,computational modeling; decision noise; evidence accumulation; evidence tuning curves; frontal orienting fields; optogenetic silencing; posterior parietal cortex; pulse-timing task; rat behavior; rat decision-making; rats and humans; sensory history; working memory task,source-backed examples,complete,"Selected full-name Carlos D. Brody contributions in quantitative decision behavior, cortical circuit interpretation, and sensory-history effects.",,,0,https://pubmed.ncbi.nlm.nih.gov/23559254/; https://pubmed.ncbi.nlm.nih.gov/25600270/; https://pubmed.ncbi.nlm.nih.gov/29414944/,"The registry preserves this identity, but independent source evidence is still needed. | This institution is a historical roster label, not a sourced current appointment. | Lab model organisms are not yet source-backed; article-species mentions do not establish a lab model.",,unknown,0,0,1,0,0,0,0,0,1,1
Ian Maze,HHMI,Icahn School of Medicine at Mount Sinai,Neuroscience (HHMI),,3,0.3,3,2016;2017;2018;2021;2022;2023;2024,1,0,18,,,established,unified_pubmed(full-name/affiliation-or-ORCID),last-author proxy,2025,,2026-09-05T03:43:34+00:00,3,pi_32858d3c60b9525680da390e44350bd4,unified-papers,unreviewed,,unreviewed roster label,Listed in legacy HHMI cohort,unreviewed,Cellular and molecular neuroscience; Computation and cognition; Development; Glia and neuroimmunology; Learning and memory; Neural circuits and behavior; Neurodegeneration and aging; Sleep and circadian rhythms,Organoids and stem-cell models; Sequencing and transcriptomics,,unknown,Human; Mouse; Rat,Histone serotonylation marks permissive chromatin and enhances TFIID binding; Dorsal raphe histone serotonylation contributes to stress- and antidepressant-linked plasticity; MDD-associated ZBTB7A dysregulation in OFC astrocytes promotes stress susceptibility,antidepressants; astrocyte reactivity; chronic social defeat stress; dorsal raphe nucleus; H3K4me3Q5ser; histone serotonylation; major depressive disorder; orbitofrontal cortex; permissive transcription; serotonergic neurons; stress susceptibility; TFIID binding; ZBTB7A,source-backed examples,complete,Selected full-name Ian Maze primary research contributions; review and non-neuroscience candidates were excluded.,,,1,https://pubmed.ncbi.nlm.nih.gov/30867594/; https://pubmed.ncbi.nlm.nih.gov/38871707/; https://pubmed.ncbi.nlm.nih.gov/40516534/,"The registry preserves this identity, but independent source evidence is still needed. | This institution is a historical roster label, not a sourced current appointment. | Lab model organisms are not yet source-backed; article-species mentions do not establish a lab model. | 1 candidate papers remain unresolved and are not included in totals.",,unknown,0,0,0,1,1,0,0,0,0,1
Dmitriy Aronov,HHMI,Columbia University,Neuroscience (HHMI),NIH DP2,2,0.2,2,2016;2017;2018;2019;2020;2021;2022;2023,0,1,3,,,established,unified_pubmed(full-name/affiliation-or-ORCID),last-author proxy,2025,,2026-09-05T03:40:53+00:00,3,pi_db47778fb46b52c6b0a5ba46e9870fc9,unified-papers,unreviewed,,unreviewed roster label,Listed in legacy HHMI cohort,unreviewed,Learning and memory; Motor systems; Neural circuits and behavior; Sensory systems,,,unknown,,Flexible use of cache memories in food-caching birds; Hippocampal barcodes for episodic cache memories; Remote gaze activation of hippocampal place codes,cache retrieval; chickadee hippocampus; chickadees; episodic memory; food caching; food-caching birds; gaze coding; head saccades; hippocampal barcodes; memory retrieval; place cells; probabilistic behavior models; remote spatial reasoning; sparse neural patterns; spatial memory,source-backed examples,complete,Selected full-name matched chickadee memory and spatial-coding studies; an initials-only 2021 candidate was not needed for the curated examples.,,,1,https://pubmed.ncbi.nlm.nih.gov/35467526/; https://pubmed.ncbi.nlm.nih.gov/38554707/; https://pubmed.ncbi.nlm.nih.gov/40500454/,"The registry preserves this identity, but independent source evidence is still needed. | This institution is a historical roster label, not a sourced current appointment. | Lab model organisms are not yet source-backed; article-species mentions do not establish a lab model. | 1 candidate papers remain unresolved and are not included in totals.",,unknown,0,0,0,0,0,0,0,0,1,1
Beth Stevens,HHMI,Boston Children's Hospital,Neuroscience (HHMI),,2,0.2,2,2017;2018;2019;2020;2021;2022;2023;2025,2,1,22,,,established,unified_pubmed(full-name/affiliation-or-ORCID),last-author proxy,2025,,2026-09-05T03:41:02+00:00,3,pi_0c921b9cf8e35fca9b4f48dac8da2882,unified-papers,unreviewed,,unreviewed roster label,Listed in legacy HHMI cohort,unreviewed,Cellular and molecular neuroscience; Computation and cognition; Development; Glia and neuroimmunology; Learning and memory; Neural circuits and behavior; Neurodegeneration and aging; Sensory systems,Organoids and stem-cell models; Sequencing and transcriptomics,,unknown,Human; Mouse,Single-cell atlas of microglial states across lifespan and injury; CD47-SIRPα brake on microglia-mediated synapse pruning; In vitro platform for manipulating human microglial states,brain injury; brain substrates; CD47-SIRPα; disease-associated microglia; human microglial states; iPSC-derived microglia; lifespan; microglia; MITF; multiple sclerosis lesions; neuronal activity; retinogeniculate system; single-cell RNA sequencing; synapse pruning,source-backed examples,complete,"Selected full-name matched primary papers on microglial states, synapse pruning mechanisms, and human microglia modeling.",,,0,https://pubmed.ncbi.nlm.nih.gov/30308165/; https://pubmed.ncbi.nlm.nih.gov/30471926/; https://pubmed.ncbi.nlm.nih.gov/37500887/,"The registry preserves this identity, but independent source evidence is still needed. | This institution is a historical roster label, not a sourced current appointment. | Lab model organisms are not yet source-backed; article-species mentions do not establish a lab model.",,unknown,1,0,0,0,0,0,0,0,1,0
Amita Sehgal,HHMI,University of Pennsylvania,Neuroscience (HHMI),,2,0.2,2,2016;2017;2019;2021;2022;2023;2024;2025,1,9,55,,,established,unified_pubmed(full-name/affiliation-or-ORCID),last-author proxy,2025,,2026-09-05T03:41:26+00:00,3,pi_322b524b3d345ce88809c77d4789150e,unified-papers,unreviewed,,unreviewed roster label,Listed in legacy HHMI cohort,unreviewed,Cellular and molecular neuroscience; Computation and cognition; Glia and neuroimmunology; Learning and memory; Motor systems; Neural circuits and behavior; Neurodegeneration and aging; Sensory systems; Sleep and circadian rhythms,Electrophysiology; Optogenetics; Organoids and stem-cell models; Sequencing and transcriptomics,,unknown,Drosophila; Human; Mouse; Rat,Adult mushroom bodies regulate Drosophila sleep; SLEEPLESS as a sleep-promoting factor; JETLAG-mediated light resetting of the circadian clock,brain loci; circadian entrainment; cryptochrome; Drosophila clock; Drosophila genetics; Drosophila sleep; JETLAG; membrane excitability; mushroom bodies; PKA activity; Shaker potassium current; sleep homeostasis; sleep regulation; SLEEPLESS; TIMELESS degradation,source-backed examples,complete,Selected full-name matched Drosophila sleep and circadian mechanism studies.,,,1,https://pubmed.ncbi.nlm.nih.gov/16760980/; https://pubmed.ncbi.nlm.nih.gov/16794082/; https://pubmed.ncbi.nlm.nih.gov/18635795/,"The registry preserves this identity, but independent source evidence is still needed. | This institution is a historical roster label, not a sourced current appointment. | Lab model organisms are not yet source-backed; article-species mentions do not establish a lab model. | 1 candidate papers remain unresolved and are not included in totals. | Excluded 1 different-given-name candidates; review aliases if any exclusion is unexpected.",,unknown,0,0,1,0,1,0,0,0,0,0
Chenghua Gu,HHMI,Harvard Medical School,Neuroscience (HHMI),,2,0.2,2,2016;2017;2018;2019;2021;2022;2023;2024,4,2,12,,,established,unified_pubmed(full-name/affiliation-or-ORCID),last-author proxy,2025,,2026-09-05T03:43:00+00:00,3,pi_7f75eabc615c5d21b343493c0a7fe34e,unified-papers,unreviewed,,unreviewed roster label,Listed in legacy HHMI cohort,unreviewed,Computation and cognition; Glia and neuroimmunology; Neural circuits and behavior; Sensory systems,Computational modeling; Imaging and microscopy; Optogenetics; Organoids and stem-cell models,,unknown,Mouse; Zebrafish,Sensory neural activity shapes cortical vascular networks; Suppression of transcytosis governs blood-retinal barrier formation; Endothelial caveolae pathway in neurovascular coupling,arteriolar endothelial cells; barrel cortex; blood-retinal barrier; caveolae; CNS endothelium; neurovascular coupling; neurovascular interactions; sensory input; tight junctions; transcytosis; vascular density,source-backed examples,complete,Selected full-name neurovascular and blood-CNS barrier primary papers with distinct mechanisms.,,,0,https://pubmed.ncbi.nlm.nih.gov/25155955/; https://pubmed.ncbi.nlm.nih.gov/28334606/; https://pubmed.ncbi.nlm.nih.gov/32076269/,"The registry preserves this identity, but independent source evidence is still needed. | This institution is a historical roster label, not a sourced current appointment. | Lab model organisms are not yet source-backed; article-species mentions do not establish a lab model.",,unknown,0,0,0,0,1,0,0,0,0,1
Pietro De Camilli,HHMI,Yale University,Neuroscience (HHMI),,2,0.2,2,2017;2019;2020;2021;2022;2023;2024;2025,2,0,38,,,established,unified_pubmed(full-name/affiliation-or-ORCID),last-author proxy,2025,,2026-09-05T03:43:02+00:00,3,pi_7505975000175ed0be043264caec1594,unified-papers,unreviewed,,unreviewed roster label,Listed in legacy HHMI cohort,unreviewed,Cellular and molecular neuroscience; Learning and memory; Motor systems; Neurodegeneration and aging,Imaging and microscopy; Optogenetics; Organoids and stem-cell models,,unknown,C. elegans; Drosophila; Mouse; Rat; Zebrafish,Dynamin GTP-dependent twisting mechanism for membrane fission; Activity-dependent requirement for dynamin 1 in synaptic vesicle endocytosis; Synapsin liquid phase for synaptic vesicle clustering,CaMKII phosphorylation; clathrin-coated pits; dynamin; dynamin 1; GTP hydrolysis; high stimulation; liquid-liquid phase separation; longitudinal tension; membrane fission; synapsin; synaptic vesicle clusters; synaptic vesicle endocytosis,source-backed examples,complete,"Selected full-name synaptic-vesicle, membrane-fission and phase-separation primary papers.",,,0,https://pubmed.ncbi.nlm.nih.gov/16648839/; https://pubmed.ncbi.nlm.nih.gov/17463283/; https://pubmed.ncbi.nlm.nih.gov/29976799/,"The registry preserves this identity, but independent source evidence is still needed. | This institution is a historical roster label, not a sourced current appointment. | Lab model organisms are not yet source-backed; article-species mentions do not establish a lab model.",,unknown,1,0,1,0,0,0,0,0,0,0
Susan L. Ackerman,HHMI,"University of California, San Diego",Neuroscience (HHMI),Klingenstein-Simons,2,0.2,2,2016;2017;2019;2020;2021;2022;2023;2024,0,1,2,,,established,unified_pubmed(full-name/affiliation-or-ORCID),last-author proxy,2025,,2026-09-05T03:43:20+00:00,3,pi_3348ea9baebd5d8d8650468c60991eb0,unified-papers,unreviewed,,unreviewed roster label,Listed in legacy HHMI cohort,unreviewed,Development; Motor systems; Neurodegeneration and aging,,,unknown,Mouse,A tRNA-synthetase editing defect links translational infidelity to neurodegeneration; A CNS-specific tRNA mutation plus loss of ribosome rescue causes neurodegeneration; SIL1 cochaperone disruption connects ER stress with Purkinje-cell neurodegeneration,alanyl-tRNA synthetase; BiP cochaperone; CNS-specific tRNA; ER stress; GTPBP2; misfolded proteins; neurodegeneration; Pelota; Purkinje cell loss; Purkinje cells; ribosome stalling; SIL1; sticky mouse; translational fidelity; woozy mutant mouse,source-backed examples,complete,Selected full-name Susan L. Ackerman mouse-neurodegeneration papers; an unrelated colonography record was excluded despite a name match.,,,0,https://pubmed.ncbi.nlm.nih.gov/16116427/; https://pubmed.ncbi.nlm.nih.gov/16906134/; https://pubmed.ncbi.nlm.nih.gov/25061210/,"The registry preserves this identity, but independent source evidence is still needed. | This institution is a historical roster label, not a sourced current appointment. | Lab model organisms are not yet source-backed; article-species mentions do not establish a lab model.",,unknown,0,0,1,0,0,0,0,0,0,1
Michael Yartsev,HHMI,"University of California, Berkeley",Neuroscience (HHMI),"Klingenstein-Simons, McKnight Scholar, NIH DP2, Pew Biomedical, Searle Scholar",1,0.1,1,2016;2018;2019;2020;2021;2022;2023;2024;2025,0,0,1,,,established,unified_pubmed(full-name/affiliation-or-ORCID),last-author proxy,2025,,2026-09-05T03:40:51+00:00,3,pi_101c85f46949521da6762265a292e31a,unified-papers,unreviewed,,unreviewed roster label,Listed in legacy HHMI cohort,unreviewed,,,,unknown,,Bat grid cells without continuous theta oscillations; Three-dimensional hippocampal place coding in flying bats; Inter-brain neural correlations during natural bat social interactions,Egyptian fruit bat; entorhinal cortex; flying bats; grid cells; hippocampal place cells; inter-brain correlation; local field potentials; social bats; social interactions; spatial coding; theta oscillations; three-dimensional space; volumetric representation; wireless electrophysiology; wireless telemetry,source-backed examples,complete,Selected full-name matched neuroscience papers centered on bat spatial and social neural coding; an unrelated cardiac-regeneration coauthorship was not used.,,,0,https://pubmed.ncbi.nlm.nih.gov/22051680/; https://pubmed.ncbi.nlm.nih.gov/23599496/; https://pubmed.ncbi.nlm.nih.gov/31230710/; https://www.mcknight.org/programs/the-mcknight-endowment-fund-for-neuroscience/scholar-awards/awardees/,"The registry preserves this identity, but independent source evidence is still needed. | This institution is a historical roster label, not a sourced current appointment. | Lab model organisms are not yet source-backed; article-species mentions do not establish a lab model.",,unknown,0,1,0,0,0,0,0,0,0,0
Michael Brainard,HHMI,"University of California, San Francisco",Neuroscience (HHMI),,1,0.1,1,2016;2017;2018;2019;2020;2022;2023;2024;2025,1,0,4,,,established,unified_pubmed(full-name/affiliation-or-ORCID),last-author proxy,2025,,2026-09-05T03:41:04+00:00,3,pi_503911ad8ecd533098e95ebab307a119,unified-papers,unreviewed,,unreviewed roster label,Listed in legacy HHMI cohort,unreviewed,Cellular and molecular neuroscience; Learning and memory; Motor systems; Neural circuits and behavior,Electrophysiology; Sequencing and transcriptomics,,unknown,,Basal ganglia-forebrain control of real-time song modulation; Performance variability enables adult birdsong plasticity; Transcriptomic identities of songbird vocal-circuit neurons,adult birdsong; anterior forebrain pathway; avian pallium; basal ganglia; birdsong; motor exploration; motor learning; performance variability; pitch adaptation; projection neurons; reinforcement learning; single-cell RNA sequencing; song variability; songbird vocal circuits; vocal learning,source-backed examples,complete,Selected full-name matched contributions to birdsong motor learning and vocal-circuit cell identity.,,,0,https://pubmed.ncbi.nlm.nih.gov/15703748/; https://pubmed.ncbi.nlm.nih.gov/18097411/; https://pubmed.ncbi.nlm.nih.gov/33574185/,"The registry preserves this identity, but independent source evidence is still needed. | This institution is a historical roster label, not a sourced current appointment. | Lab model organisms are not yet source-backed; article-species mentions do not establish a lab model.",,unknown,0,0,0,0,0,1,0,0,0,0
Tirin Moore,HHMI,Stanford University,Neuroscience (HHMI),,1,0.1,1,2016;2017;2018;2019;2020;2021;2022;2023;2025,2,2,21,,,established,unified_pubmed(full-name/affiliation-or-ORCID),last-author proxy,2025,,2026-09-05T03:41:13+00:00,3,pi_6352715332385f84988cfe29550e54a3,unified-papers,unreviewed,,unreviewed roster label,Listed in legacy HHMI cohort,unreviewed,Cellular and molecular neuroscience; Computation and cognition; Learning and memory; Motor systems; Neural circuits and behavior; Sensory systems,Imaging and microscopy,,unknown,Nonhuman primates,Frontal eye field signals modulate V4 receptive-field competition; Prefrontal D1 dopamine control of visual cortical signals; Pre-saccadic compression of visual space in prefrontal cortex,area V4; D1 receptors; frontal eye field; macaque V4; macaques; microstimulation; prefrontal cortex; prefrontal dopamine; receptive fields; saccade preparation; space compression; spatial attention; visual cortex; visual receptive fields,source-backed examples,complete,Selected full-name matched studies on frontal-eye-field and prefrontal control of visual attention.,,,0,https://pubmed.ncbi.nlm.nih.gov/16731516/; https://pubmed.ncbi.nlm.nih.gov/21572439/; https://pubmed.ncbi.nlm.nih.gov/24670771/,"The registry preserves this identity, but independent source evidence is still needed. | This institution is a historical roster label, not a sourced current appointment. | Lab model organisms are not yet source-backed; article-species mentions do not establish a lab model. | Excluded 1 different-given-name candidates; review aliases if any exclusion is unexpected.",,unknown,0,0,0,0,0,0,0,0,1,0
Viviana Gradinaru,HHMI,California Institute of Technology,Neuroscience (HHMI),,1,0.1,1,2016;2017;2018;2019;2021;2022;2023;2024;2025,5,1,29,,,established,unified_pubmed(full-name/affiliation-or-ORCID),last-author proxy,2025,,2026-09-05T03:41:19+00:00,3,pi_eb04cedc42295c49aeec173e76795ab2,unified-papers,unreviewed,,unreviewed roster label,Listed in legacy HHMI cohort,unreviewed,Cellular and molecular neuroscience; Computation and cognition; Glia and neuroimmunology; Learning and memory; Motor systems; Neural circuits and behavior,Connectomics; Imaging and microscopy; Optogenetics; Organoids and stem-cell models; Sequencing and transcriptomics,,unknown,Human; Mouse; Nonhuman primates; Rat,PACT/PARS whole-organ and whole-body tissue clearing; CREATE-selected AAV variants for systemic brain gene transfer; Gut-seeded α-synuclein pathology in aged mice,AAV-PHP.B; adult mouse CNS; aged mice; capsid evolution; CREATE; enteric nervous system; gut-to-brain progression; intact tissue imaging; PACT; Parkinson disease model; PARS; single-cell phenotyping; systemic gene delivery; whole-body clearing; α-synuclein,source-backed examples,complete,"Selected full-name matched contributions covering tissue clearing, engineered AAV delivery, and a disease-relevant circuit pathology model.",,,0,https://pubmed.ncbi.nlm.nih.gov/25088144/; https://pubmed.ncbi.nlm.nih.gov/26829320/; https://pubmed.ncbi.nlm.nih.gov/32066981/,"The registry preserves this identity, but independent source evidence is still needed. | This institution is a historical roster label, not a sourced current appointment. | Lab model organisms are not yet source-backed; article-species mentions do not establish a lab model.",,unknown,0,0,0,0,1,0,0,0,0,0
H. Robert Horvitz,HHMI,Massachusetts Institute of Technology,Neuroscience (HHMI),,1,0.1,1,2016;2017;2018;2019;2020;2022;2023;2024;2025,0,3,13,,,established,unified_pubmed(full-name/affiliation-or-ORCID),last-author proxy,2025,,2026-09-05T04:36:40+00:00,3,pi_cf287ac7899856ccb0a593edfe778b51,unified-papers,unreviewed,,unreviewed roster label,Listed in legacy HHMI cohort,unreviewed,Cellular and molecular neuroscience; Development; Learning and memory; Motor systems; Neural circuits and behavior; Neurodegeneration and aging; Sensory systems,,,unknown,C. elegans; Mouse,MicroRNA profiles for classifying human cancers; let-7 family microRNAs in C. elegans developmental timing; Xkr8/CED-8 promotion of apoptotic phosphatidylserine exposure,apoptosis; C. elegans; CED-8; cell-corpse engulfment; developmental timing; diagnostic signatures; flow cytometry beads; hbl-1 regulation; human cancers; let-7 family; microRNA profiling; mir-48; phosphatidylserine exposure; tumor differentiation; Xkr8,source-backed examples,complete,Selected full-name matched primary papers on microRNA function and conserved apoptotic-cell clearance mechanisms.,,,0,https://pubmed.ncbi.nlm.nih.gov/15944708/; https://pubmed.ncbi.nlm.nih.gov/16139228/; https://pubmed.ncbi.nlm.nih.gov/23845944/,"The registry preserves this identity, but independent source evidence is still needed. | This institution is a historical roster label, not a sourced current appointment. | Lab model organisms are not yet source-backed; article-species mentions do not establish a lab model.",,unknown,0,0,0,0,0,1,0,0,0,0
Richard D. Palmiter,HHMI,University of Washington,Neuroscience (HHMI),,1,0.1,1,2016;2017;2019;2020;2021;2022;2023;2024;2025,5,2,23,,,established,unified_pubmed(full-name/affiliation-or-ORCID),last-author proxy,2025,,2026-09-05T03:41:24+00:00,3,pi_ba5b5fb6f5745b0697bc429930f0dfd3,unified-papers,unreviewed,,unreviewed roster label,Listed in legacy HHMI cohort,unreviewed,Cellular and molecular neuroscience; Learning and memory; Neural circuits and behavior; Sleep and circadian rhythms,Calcium imaging; Imaging and microscopy; Optogenetics; Sequencing and transcriptomics,,unknown,Mouse,Adult NPY/AgRP neurons are essential for feeding; Parabrachial CGRP circuit suppressing appetite; Paraventricular thalamus to central amygdala fear circuit,adult ablation; AgRP ablation; appetite suppression; BDNF-TrkB; central amygdala; CGRP neurons; energy balance; fear conditioning; feeding behavior; hypothalamus; NPY/AgRP neurons; parabrachial nucleus; paraventricular thalamus; stress,source-backed examples,complete,"Selected full-name matched neural-circuit studies on feeding and fear, avoiding less central non-neural coauthorships.",,,0,https://pubmed.ncbi.nlm.nih.gov/16254186/; https://pubmed.ncbi.nlm.nih.gov/24121436/; https://pubmed.ncbi.nlm.nih.gov/25600269/,"The registry preserves this identity, but independent source evidence is still needed. | This institution is a historical roster label, not a sourced current appointment. | Lab model organisms are not yet source-backed; article-species mentions do not establish a lab model.",,unknown,0,0,1,0,0,0,0,0,0,0
Doris Y. Tsao,HHMI,"University of California, Berkeley",Neuroscience (HHMI),,1,0.1,1,2016;2017;2018;2019;2020;2021;2022;2023;2024,0,0,1,,,established,unified_pubmed(full-name/affiliation-or-ORCID),last-author proxy,2025,,2026-09-05T03:41:41+00:00,3,pi_6aa42b16764c576e8d9c52bce71bb6ba,unified-papers,unreviewed,,unreviewed roster label,Listed in legacy HHMI cohort,unreviewed,Sensory systems,,,unknown,,Macaque face-selective patch system; Interconnected and functionally differentiated face-patch network; Coordinate-like code for facial identity in primate face patches,face cells; face patches; face-selective cells; facial identity; fMRI; hierarchical network; linear face space; macaque; macaque face patches; macaque temporal lobe; microstimulation fMRI; object processing; population coding; ventral temporal cortex; viewpoint invariance,source-backed examples,complete,Selected full-name matched papers charting the macaque face-patch system from localization to coding mechanism.,,,0,https://pubmed.ncbi.nlm.nih.gov/12925854/; https://pubmed.ncbi.nlm.nih.gov/16456083/; https://pubmed.ncbi.nlm.nih.gov/18535247/; https://pubmed.ncbi.nlm.nih.gov/21051642/; https://pubmed.ncbi.nlm.nih.gov/28575666/,"The registry preserves this identity, but independent source evidence is still needed. | This institution is a historical roster label, not a sourced current appointment. | Lab model organisms are not yet source-backed; article-species mentions do not establish a lab model.",,unknown,0,0,0,0,0,0,0,0,0,1
Chris Q. Doe,HHMI,University of Oregon,Neuroscience (HHMI),,1,0.1,1,2016;2017;2018;2019;2020;2022;2023;2024;2025,0,12,32,,,established,unified_pubmed(full-name/affiliation-or-ORCID),last-author proxy,2025,,2026-09-05T03:41:45+00:00,3,pi_ca332d23d2d85503a0b7b9c11ff9940e,unified-papers,unreviewed,,unreviewed roster label,Listed in legacy HHMI cohort,unreviewed,Cellular and molecular neuroscience; Development; Glia and neuroimmunology; Learning and memory; Motor systems; Neural circuits and behavior; Sensory systems,Connectomics; Imaging and microscopy; Optogenetics; Organoids and stem-cell models; Sequencing and transcriptomics,,unknown,Drosophila; Mouse,Drosophila enhancer-line tools for neuroanatomy and neurogenetics; Type II neuroblast lineages with transit-amplifying progenitors; Polarity and cargo mechanisms balancing neuroblast self-renewal and differentiation,adult brain; aPKC; Brat; Drosophila; Drosophila brain; enhancer lines; ganglion mother cells; Lgl Pins; Miranda cargo; neural stem cells; neuroblast self-renewal; neurogenetics; site-specific recombination; transit amplifying cells; Type II neuroblasts,source-backed examples,complete,Selected full-name matched Drosophila resources and neuroblast stem-cell mechanisms.,,,0,https://pubmed.ncbi.nlm.nih.gov/16357871/; https://pubmed.ncbi.nlm.nih.gov/16549393/; https://pubmed.ncbi.nlm.nih.gov/18548484/; https://pubmed.ncbi.nlm.nih.gov/18621688/,"The registry preserves this identity, but independent source evidence is still needed. | This institution is a historical roster label, not a sourced current appointment. | Lab model organisms are not yet source-backed; article-species mentions do not establish a lab model.",,unknown,0,0,0,0,0,1,0,0,0,0
Michael Rosbash,HHMI,Brandeis University,Neuroscience (HHMI),,1,0.1,1,2017;2018;2019;2020;2021;2022;2023;2024;2025,2,4,30,,,established,unified_pubmed(full-name/affiliation-or-ORCID),last-author proxy,2025,,2026-09-05T03:41:48+00:00,3,pi_499476e110c05723ae1cc3dc5818f1bb,unified-papers,unreviewed,,unreviewed roster label,Listed in legacy HHMI cohort,unreviewed,Cellular and molecular neuroscience; Motor systems; Neural circuits and behavior; Neurodegeneration and aging; Sleep and circadian rhythms,Imaging and microscopy; Optogenetics; Sequencing and transcriptomics,,unknown,Drosophila; Human,Coupled morning and evening circadian oscillators in Drosophila; Nascent-Seq analysis of circadian transcriptional regulation; TRIBE for cell-specific RNA-binding protein target identification,ADAR editing; cell-specific targets; circadian transcription; CLOCK BMAL1; Drosophila circadian clock; Drosophila neurons; evening oscillator; locomotor rhythms; morning oscillator; mouse liver; Nascent-Seq; PDF neurons; post-transcriptional regulation; RNA-binding proteins; TRIBE,source-backed examples,complete,"Selected full-name matched circadian circuit, transcriptional, and RNA-targeting contributions.",,,0,https://pubmed.ncbi.nlm.nih.gov/15483615/; https://pubmed.ncbi.nlm.nih.gov/16281038/; https://pubmed.ncbi.nlm.nih.gov/23150795/; https://pubmed.ncbi.nlm.nih.gov/27040499/,"The registry preserves this identity, but independent source evidence is still needed. | This institution is a historical roster label, not a sourced current appointment. | Lab model organisms are not yet source-backed; article-species mentions do not establish a lab model.",,unknown,1,0,0,0,0,0,0,0,0,0
Gwyneth Card,HHMI,Columbia University,Neuroscience (HHMI),,1,0.1,1,2016;2017;2018;2019;2020;2021;2022;2024;2025,0,0,1,,,established,unified_pubmed(full-name/affiliation-or-ORCID),last-author proxy,2025,,2026-09-05T03:41:56+00:00,3,pi_53328eadc804559d89cae3a0342ad720,unified-papers,unreviewed,,unreviewed roster label,Listed in legacy HHMI cohort,unreviewed,Cellular and molecular neuroscience; Computation and cognition; Neural circuits and behavior; Sensory systems,,,unknown,Drosophila,Visually mediated motor planning for Drosophila escape; Spike-timing mechanism for escape action selection; Functional map of Drosophila descending sensory-motor pathways,descending neurons; Drosophila escape; giant fiber interneuron; looming threat; motor planning; parallel escape circuits; postural adjustments; sensory-motor connectivity; spike timing; takeoff choice; transgenic driver lines; walking and flight neuropils,source-backed examples,complete,"Selected full-name Drosophila primary papers spanning escape planning, action selection and descending pathway organization.",,,0,https://pubmed.ncbi.nlm.nih.gov/18760606/; https://pubmed.ncbi.nlm.nih.gov/24908103/; https://pubmed.ncbi.nlm.nih.gov/29943730/,"The registry preserves this identity, but independent source evidence is still needed. | This institution is a historical roster label, not a sourced current appointment. | Lab model organisms are not yet source-backed; article-species mentions do not establish a lab model.",,unknown,0,0,0,0,0,0,0,1,0,0
Scott M. Sternson,HHMI,"University of California, San Diego",Neuroscience (HHMI),,1,0.1,1,2016;2017;2018;2019;2020;2021;2022;2023;2024,0,0,0,,,established,unified_pubmed(full-name/affiliation-or-ORCID),last-author proxy,2025,,2026-09-05T03:42:14+00:00,3,pi_05d7e684bf4c558c85ce2bc2f4946b24,unified-papers,unreviewed,,unreviewed roster label,Listed in legacy HHMI cohort,unreviewed,Cellular and molecular neuroscience; Neural circuits and behavior,,,unknown,Rat,AGRP neurons rapidly orchestrate feeding behavior; PVH oxytocin-node circuit for AGRP-evoked hunger; Need-sensing neurons as negative-valence teaching signals,AGRP neurons; AGRP projections; calcium imaging; conditioned preference; feeding behavior; homeostatic motivation; hunger circuit; optogenetic stimulation; oxytocin neurons; paraventricular hypothalamus; POMC neurons; thirst neurons,source-backed examples,complete,Selected full-name mouse hypothalamic-circuit papers on feeding motivation and hunger circuitry.,,,0,https://pubmed.ncbi.nlm.nih.gov/21209617/; https://pubmed.ncbi.nlm.nih.gov/22801496/; https://pubmed.ncbi.nlm.nih.gov/25915020/,"The registry preserves this identity, but independent source evidence is still needed. | This institution is a historical roster label, not a sourced current appointment. | Lab model organisms are not yet source-backed; article-species mentions do not establish a lab model.",,unknown,0,0,0,0,0,0,0,0,0,1
Xinzhong Dong,HHMI,The Johns Hopkins University,Neuroscience (HHMI),,1,0.1,1,2016;2017;2018;2019;2020;2021;2022;2023;2024,6,1,26,,,established,unified_pubmed(full-name/affiliation-or-ORCID),last-author proxy,2025,,2026-09-05T03:42:18+00:00,3,pi_31f2fcdc8c3d5db8bcd5c72a30c397c9,unified-papers,unreviewed,,unreviewed roster label,Listed in legacy HHMI cohort,unreviewed,Glia and neuroimmunology; Learning and memory; Motor systems; Neural circuits and behavior; Sensory systems,Calcium imaging; Electrophysiology; Imaging and microscopy; MRI and neuroimaging,,unknown,Human; Mouse,MrgprA3-positive sensory neurons specifically linked to itch; Mast-cell receptor mechanism for pseudo-allergic drug reactions; Mast-cell Mrgpr pathway driving non-histaminergic itch,allergic contact dermatitis; chronic itch; dorsal root ganglion; mast cells; MrgprA3 neurons; Mrgprb2; Mrgprb2 mast cells; MRGPRX2; non-histaminergic itch; pruritogens; pseudo-allergic reactions,source-backed examples,complete,"Selected full-name primary papers on itch, nociceptor and mast-cell receptor mechanisms.",,,0,https://pubmed.ncbi.nlm.nih.gov/23263443/; https://pubmed.ncbi.nlm.nih.gov/25517090/; https://pubmed.ncbi.nlm.nih.gov/31027996/,"The registry preserves this identity, but independent source evidence is still needed. | This institution is a historical roster label, not a sourced current appointment. | Lab model organisms are not yet source-backed; article-species mentions do not establish a lab model. | Excluded 4 different-given-name candidates; review aliases if any exclusion is unexpected.",,unknown,0,0,0,0,0,0,0,0,0,1
Albert Lee,HHMI,Beth Israel Deaconess Medical Center,Neuroscience (HHMI),,1,0.1,1,2016;2017;2018;2019;2020;2021;2022;2024;2025,0,0,0,,,established,unified_pubmed(full-name/affiliation-or-ORCID),last-author proxy,2025,,2026-09-05T04:36:43+00:00,3,pi_a13e0e3e224d579bbea498758fa2cd2b,unified-papers,unreviewed,,unreviewed roster label,Listed in legacy HHMI cohort,unreviewed,Learning and memory,,,unknown,Rat,Hippocampal sequential experience replay during slow-wave sleep; Whole-cell recordings from neurons in freely moving rats; Single-cell excitability gating of hippocampal place-field emergence,behavioral neuroscience; CA1 excitability; freely moving rats; hippocampal CA1; hippocampal place fields; intracellular physiology; memory consolidation; sequence replay; single-cell manipulation; slow-wave sleep; somatic depolarization; whole-cell recording,source-backed examples,complete,Selected full-name Albert K. Lee hippocampal neuroscience primary candidates from the updated global cache; same-name medicine and non-neuroscience records were excluded.,,,0,https://pubmed.ncbi.nlm.nih.gov/12495631/; https://pubmed.ncbi.nlm.nih.gov/16908406/; https://pubmed.ncbi.nlm.nih.gov/22904011/,"The registry preserves this identity, but independent source evidence is still needed. | This institution is a historical roster label, not a sourced current appointment. | Lab model organisms are not yet source-backed; article-species mentions do not establish a lab model. | Excluded 15 different-given-name candidates; review aliases if any exclusion is unexpected.",,unknown,0,0,0,0,0,0,0,1,0,0
Edwin R. Chapman,HHMI,University of Wisconsin–Madison,Neuroscience (HHMI),,1,0.1,1,2016;2017;2019;2020;2021;2022;2023;2024;2025,2,3,28,,,established,unified_pubmed(full-name/affiliation-or-ORCID),last-author proxy,2025,,2026-09-05T03:42:34+00:00,3,pi_ef31568e9a235671aa881255336af1c5,unified-papers,unreviewed,,unreviewed roster label,Listed in legacy HHMI cohort,unreviewed,Cellular and molecular neuroscience; Learning and memory; Neurodegeneration and aging,Connectomics; Electrophysiology; Imaging and microscopy,,unknown,C. elegans; Drosophila; Mouse; Rat,Synaptotagmin and SNAREs reconstitute Ca2+-regulated membrane fusion; PIP2 primes rapid synaptotagmin membrane response; SV2 as the protein receptor for botulinum neurotoxin A,botulinum neurotoxin A; C2B domain; Ca2+-triggered fusion; exocytosis; neuronal entry; PIP2; rapid exocytosis; SNARE proteins; SV2; synaptic vesicle protein; synaptotagmin I; synaptotagmin-1,source-backed examples,complete,Selected full-name synaptic-vesicle release/endocytosis and neurotoxin receptor papers.,,,0,https://pubmed.ncbi.nlm.nih.gov/14718921/; https://pubmed.ncbi.nlm.nih.gov/15044754/; https://pubmed.ncbi.nlm.nih.gov/16543415/,"The registry preserves this identity, but independent source evidence is still needed. | This institution is a historical roster label, not a sourced current appointment. | Lab model organisms are not yet source-backed; article-species mentions do not establish a lab model. | Excluded 2 different-given-name candidates; review aliases if any exclusion is unexpected.",,unknown,0,0,1,0,0,0,0,0,0,0
Robert B. Darnell,HHMI,Rockefeller University,Neuroscience (HHMI),,1,0.1,1,2016;2018;2019;2020;2021;2022;2023;2024;2025,3,6,27,,,established,unified_pubmed(full-name/affiliation-or-ORCID),last-author proxy,2025,,2026-09-05T03:42:46+00:00,3,pi_bb2b0c2ba8225f6da5e504b0dd51be47,unified-papers,unreviewed,,unreviewed roster label,Listed in legacy HHMI cohort,unreviewed,Cellular and molecular neuroscience; Computation and cognition; Development; Glia and neuroimmunology; Learning and memory; Motor systems; Neurodegeneration and aging; Sleep and circadian rhythms,Organoids and stem-cell models; Sequencing and transcriptomics,,unknown,Human; Mouse,CLIP maps Nova-regulated RNA networks in brain; HITS-CLIP for genome-wide in vivo brain RNA processing maps; FMRP stalls translation of synaptic and autism-linked mRNAs,alternative polyadenylation; alternative splicing; CLIP; FMRP; Fragile X syndrome; HITS-CLIP; inhibitory synapse; Nova binding maps; Nova proteins; protein-RNA interactions; ribosome stalling; synaptic mRNAs,source-backed examples,complete,"Selected full-name RNA-regulation papers that are primary, mechanistic and neuroscience-relevant.",,,0,https://pubmed.ncbi.nlm.nih.gov/14615540/; https://pubmed.ncbi.nlm.nih.gov/18978773/; https://pubmed.ncbi.nlm.nih.gov/21784246/,"The registry preserves this identity, but independent source evidence is still needed. | This institution is a historical roster label, not a sourced current appointment. | Lab model organisms are not yet source-backed; article-species mentions do not establish a lab model.",,unknown,0,1,0,0,0,0,0,0,0,0
Mehrdad Jazayeri,HHMI,Massachusetts Institute of Technology,Neuroscience (HHMI),McKnight Scholar,1,0.1,1,2016;2017;2018;2019;2020;2021;2022;2023;2025,4,1,18,,,established,unified_pubmed(full-name/affiliation-or-ORCID),last-author proxy,2025,,2026-09-05T03:42:48+00:00,3,pi_f8940ed9e17f5a6d943717d56ae855b3,unified-papers,unreviewed,,unreviewed roster label,Listed in legacy HHMI cohort,unreviewed,Cellular and molecular neuroscience; Computation and cognition; Learning and memory; Motor systems; Neural circuits and behavior,Computational modeling; Electrophysiology; Imaging and microscopy; MRI and neuroimaging,,unknown,Human; Nonhuman primates; Rat,Temporal scaling of cortical responses for flexible timing; Bayesian integration through cortical latent dynamics; Frontal cortical circuits for hierarchical reasoning,anterior cingulate cortex; Bayesian inference; confidence; dorsomedial frontal cortex; flexible timing; frontal cortex; latent dynamics; medial frontal cortex; prior statistics; recurrent networks; rule switches; temporal scaling,source-backed examples,complete,"Selected full-name primate frontal-cortex papers on timing, Bayesian computation and hierarchical reasoning.",,,1,https://pubmed.ncbi.nlm.nih.gov/29203897/; https://pubmed.ncbi.nlm.nih.gov/31097640/; https://pubmed.ncbi.nlm.nih.gov/31320220/; https://www.mcknight.org/programs/the-mcknight-endowment-fund-for-neuroscience/scholar-awards/awardees/,"The registry preserves this identity, but independent source evidence is still needed. | This institution is a historical roster label, not a sourced current appointment. | Lab model organisms are not yet source-backed; article-species mentions do not establish a lab model. | 1 candidate papers remain unresolved and are not included in totals.",,unknown,0,0,0,0,0,0,0,0,1,0
Loren L. Looger,HHMI,"University of California, San Diego",Neuroscience (HHMI),,0,0.0,0,2016;2017;2018;2019;2020;2021;2022;2023;2024;2025,0,0,0,,,established,unified_pubmed(full-name/affiliation-or-ORCID),last-author proxy,2025,,2026-09-05T03:41:08+00:00,3,pi_16d056df686b5c6fb711ad05686d3e28,unified-papers,unreviewed,,unreviewed roster label,Listed in legacy HHMI cohort,unreviewed,,,,unknown,,GCaMP3 calcium indicator for neural activity imaging; GCaMP6 ultrasensitive fluorescent calcium sensors; rAAV2-retro access to projection neurons,calcium sensors; circuit interrogation; dendritic spines; directed evolution; GCaMP3; GCaMP6; genetically encoded calcium indicators; in vivo imaging; projection neurons; rAAV2-retro; retrograde access; single action potentials; single-spike detection; visual cortex; worms flies mice,source-backed examples,complete,"Selected full-name matched examples emphasizing widely used protein sensors and viral access tools, avoiding redundant sensor follow-ups.",,,0,https://pubmed.ncbi.nlm.nih.gov/19898485/; https://pubmed.ncbi.nlm.nih.gov/23868258/; https://pubmed.ncbi.nlm.nih.gov/27720486/,"The registry preserves this identity, but independent source evidence is still needed. | This institution is a historical roster label, not a sourced current appointment. | Lab model organisms are not yet source-backed; article-species mentions do not establish a lab model.",,unknown,0,0,0,0,0,0,0,0,0,0
Jeremy Nathans,HHMI,The Johns Hopkins University,Neuroscience (HHMI),,0,0.0,0,2016;2017;2018;2019;2020;2021;2022;2023;2024;2025,1,11,30,,,established,unified_pubmed(full-name/affiliation-or-ORCID),last-author proxy,2025,,2026-09-05T03:41:17+00:00,3,pi_688f3590b97d510f96a6ffee63b93ea0,unified-papers,unreviewed,,unreviewed roster label,Listed in legacy HHMI cohort,unreviewed,Cellular and molecular neuroscience; Development; Glia and neuroimmunology; Learning and memory; Motor systems; Neural circuits and behavior; Sensory systems,Imaging and microscopy; Sequencing and transcriptomics,,unknown,C. elegans; Mouse,Norrin-Frizzled4 signaling in retinal vascular and barrier development; Frizzled genes in neural tube closure and inner-ear planar polarity; Brn3 transcription factors program retinal ganglion cell diversity,blood-retina barrier; Brn3a; Brn3b; canonical Wnt signaling; dendritic stratification; Frizzled3; Frizzled4; Frizzled6; inner-ear hair cells; neural tube closure; Norrin; planar cell polarity; retinal ganglion cells; retinal vasculature; visual behavior,source-backed examples,complete,Selected full-name matched developmental neurobiology and CNS vascular-signaling examples with distinct biological scope.,,,0,https://pubmed.ncbi.nlm.nih.gov/15035989/; https://pubmed.ncbi.nlm.nih.gov/16495441/; https://pubmed.ncbi.nlm.nih.gov/19323995/; https://pubmed.ncbi.nlm.nih.gov/23217714/,"The registry preserves this identity, but independent source evidence is still needed. | This institution is a historical roster label, not a sourced current appointment. | Lab model organisms are not yet source-backed; article-species mentions do not establish a lab model.",,unknown,0,0,0,0,0,0,0,0,0,0
Elizabeth C. Engle,HHMI,Boston Children's Hospital,Neuroscience (HHMI),,0,0.0,0,2016;2017;2018;2019;2020;2021;2022;2023;2024;2025,0,0,21,,,established,unified_pubmed(full-name/affiliation-or-ORCID),last-author proxy,2025,,2026-09-05T03:41:43+00:00,3,pi_57057fbd553056fa83aac788d7984c3d,unified-papers,unreviewed,,unreviewed roster label,Listed in legacy HHMI cohort,unreviewed,Cellular and molecular neuroscience; Development; Learning and memory; Motor systems; Sensory systems,Imaging and microscopy; MRI and neuroimaging; Organoids and stem-cell models; Sequencing and transcriptomics,,unknown,Human; Mouse; Zebrafish,SALL4 mutations causing Duane radial ray syndrome; ROBO3 mutations disrupting human hindbrain axon crossing; TUBB3 syndromes linking microtubule dynamics to axon guidance,abducens motoneurons; axon guidance; CFEOM3; Duane syndrome; HGPPS; hindbrain axon guidance; kinesin interactions; microtubule dynamics; midline crossing; Okihiro syndrome; radial ray anomalies; ROBO3; SALL4; scoliosis; TUBB3,source-backed examples,complete,Selected full-name matched human neurodevelopmental genetics papers tied to ocular motility and axon guidance.,,,0,https://pubmed.ncbi.nlm.nih.gov/12395297/; https://pubmed.ncbi.nlm.nih.gov/15105459/; https://pubmed.ncbi.nlm.nih.gov/20074521/,"The registry preserves this identity, but independent source evidence is still needed. | This institution is a historical roster label, not a sourced current appointment. | Lab model organisms are not yet source-backed; article-species mentions do not establish a lab model.",,unknown,0,0,0,0,0,0,0,0,0,0
Erik M. Jorgensen,HHMI,The University of Utah,Neuroscience (HHMI),,0,0.0,0,2016;2017;2018;2019;2020;2021;2022;2023;2024;2025,2,1,16,,,established,unified_pubmed(full-name/affiliation-or-ORCID),last-author proxy,2025,,2026-09-05T03:42:21+00:00,3,pi_f5d9cee3e5f85f9fb402cdefb7257967,unified-papers,unreviewed,,unreviewed roster label,Listed in legacy HHMI cohort,unreviewed,Cellular and molecular neuroscience; Computation and cognition; Sensory systems,Connectomics; Imaging and microscopy,,unknown,C. elegans; Mouse; Rat,Single-copy transgene insertion in C. elegans; Ultrafast endocytosis at hippocampal synapses; Conserved DLK MAP kinase pathway required for axon regeneration,axon regeneration; C. elegans motor neurons; C. elegans transgenes; defined genomic sites; DLK-1 MAP kinase; dynamin; flash-and-freeze EM; growth cone migration; mosSCI; single-copy insertion; synaptic vesicle recycling; ultrafast endocytosis,source-backed examples,complete,"Selected full-name C. elegans genetics and synapse-biology papers with distinct tool, mechanism and regeneration scope.",,,0,https://pubmed.ncbi.nlm.nih.gov/18953339/; https://pubmed.ncbi.nlm.nih.gov/19164707/; https://pubmed.ncbi.nlm.nih.gov/24305055/,"The registry preserves this identity, but independent source evidence is still needed. | This institution is a historical roster label, not a sourced current appointment. | Lab model organisms are not yet source-backed; article-species mentions do not establish a lab model.",,unknown,0,0,0,0,0,0,0,0,0,0
Michael N. Shadlen,HHMI,Columbia University,Neuroscience (HHMI),,0,0.0,0,2016;2017;2018;2019;2020;2021;2022;2023;2024;2025,5,6,17,,,established,unified_pubmed(full-name/affiliation-or-ORCID),last-author proxy,2025,,2026-09-05T03:43:12+00:00,3,pi_1ae9ff8ca284507db9e336a02ea0abe1,unified-papers,unreviewed,,unreviewed roster label,Listed in legacy HHMI cohort,unreviewed,Computation and cognition; Learning and memory; Motor systems; Neural circuits and behavior; Sensory systems,Imaging and microscopy; MRI and neuroimaging; Optogenetics,,unknown,Human; Mouse; Nonhuman primates,LIP neurons accumulate sensory evidence during perceptual decisions; Parietal decision neurons encode graded confidence; Accumulated evidence can drive post-decision changes of mind,changes of mind; choice certainty; decision bounds; decision confidence; evidence accumulation; hand trajectories; lateral intraparietal area; motion discrimination; opt-out choice; parietal cortex; post-decision evidence; random-dot motion; reaction time; rhesus monkey; self-correction,source-backed examples,complete,"Selected decision-making contributions with full-name Michael N. Shadlen authorship, separating neural evidence accumulation, confidence coding, and post-decision changes of mind.",,,0,https://pubmed.ncbi.nlm.nih.gov/12417672/; https://pubmed.ncbi.nlm.nih.gov/19423820/; https://pubmed.ncbi.nlm.nih.gov/19693010/,"The registry preserves this identity, but independent source evidence is still needed. | This institution is a historical roster label, not a sourced current appointment. | Lab model organisms are not yet source-backed; article-species mentions do not establish a lab model.",,unknown,0,0,0,0,0,0,0,0,0,0
Tzumin Lee,HHMI,University of Michigan,Neuroscience (HHMI),,0,0.0,0,2016;2017;2018;2019;2020;2021;2022;2023;2024;2025,3,3,18,,,established,unified_pubmed(full-name/affiliation-or-ORCID),last-author proxy,2025,,2026-09-05T04:36:49+00:00,3,pi_da35d0badf9b53b1a26c82288388fec0,unified-papers,source-backed,University of Michigan,source-backed current profile,HHMI Investigator (official profile lists 2022-present),source-backed,Computation and cognition; Development; Glia and neuroimmunology; Learning and memory,Imaging and microscopy; Organoids and stem-cell models; Sequencing and transcriptomics,,unknown,Drosophila; Human; Mouse; Zebrafish,Dual binary transcription systems extend MARCM analysis in Drosophila neural mosaics; Chinmo gradients specify birth-order-dependent neuronal identities in fly brain lineages; Clonal lineage analysis mapped diverse antennal-lobe neuron architectures,antennal lobe; Chinmo; Drosophila MARCM; Drosophila neuroblasts; Drosophila olfactory map; dual-expression-control; genetic mosaic; LexA VP16; local interneurons; MARCM; mushroom body lineages; neural lineage analysis; projection neuron lineages; projection neurons; temporal identity,source-backed examples,complete,"Selected full-name Tzumin Lee contributions that distinguish a genetic mosaic method, temporal neuronal identity, and Drosophila olfactory-lineage mapping.",,,0,https://pubmed.ncbi.nlm.nih.gov/16582903/; https://pubmed.ncbi.nlm.nih.gov/17055440/; https://pubmed.ncbi.nlm.nih.gov/18653555/; https://regents.umich.edu/files/meetings/02-22/2022-02-IV-1.pdf#page=12; https://www.hhmi.org/scientists/tzumin-lee; https://www.janelia.org/news/two-former-janelia-group-leaders-named-hhmi-investigators; https://www.lsi.umich.edu/science/our-labs/t-lee-lab/tzumin-lee-md-phd,Lab model organisms are not yet source-backed; article-species mentions do not establish a lab model. | Excluded 31 different-given-name candidates; review aliases if any exclusion is unexpected.,2000,source-backed,0,0,0,0,0,0,0,0,0,0
Diana Bautista,HHMI,"University of California, Berkeley",Neuroscience (HHMI),,0,0.0,0,2016;2017;2018;2019;2020;2021;2022;2023;2024;2025,0,0,0,,,established,unified_pubmed(full-name/affiliation-or-ORCID),last-author proxy,2025,,2026-09-05T03:43:22+00:00,3,pi_0ab635e7a5e8534f8b4580daee656ecf,unified-papers,unreviewed,,unreviewed roster label,Listed in legacy HHMI cohort,unreviewed,,,,unknown,,TRPA1 transduction of irritants and inflammatory pain signals; TRPM8 as a principal detector of environmental cold; Epithelial TSLP activation of sensory neurons to drive itch,atopic dermatitis; cold thermosensation; environmental irritants; inflammatory pain; itch; keratinocyte-neuron signaling; menthol receptor; mustard oil; nociceptors; peripheral nervous system; sensory neurons; TRPA1; TRPA1-positive sensory neurons; TRPM8; TSLP,source-backed examples,complete,"Selected full-name matched primary research on peripheral sensory transduction and itch, combining closely related TRPA1 irritant evidence.",,,0,https://pubmed.ncbi.nlm.nih.gov/14712238/; https://pubmed.ncbi.nlm.nih.gov/16564016/; https://pubmed.ncbi.nlm.nih.gov/17538622/; https://pubmed.ncbi.nlm.nih.gov/24094650/,"The registry preserves this identity, but independent source evidence is still needed. | This institution is a historical roster label, not a sourced current appointment. | Lab model organisms are not yet source-backed; article-species mentions do not establish a lab model.",,unknown,0,0,0,0,0,0,0,0,0,0
Constance L. Cepko,HHMI,Harvard Medical School,Neuroscience (HHMI),,0,0.0,0,2016;2017;2018;2019;2020;2021;2022;2023;2024;2025,0,7,30,,,established,unified_pubmed(full-name/affiliation-or-ORCID),last-author proxy,2025,,2026-09-05T03:43:29+00:00,3,pi_1f65f439c1a85444a8fb7831f4e557a4,unified-papers,unreviewed,,unreviewed roster label,Listed in legacy HHMI cohort,unreviewed,Cellular and molecular neuroscience; Development; Glia and neuroimmunology; Neural circuits and behavior; Neurodegeneration and aging; Sensory systems,Connectomics; Imaging and microscopy; Organoids and stem-cell models; Sequencing and transcriptomics,,unknown,Drosophila; Human; Mouse; Zebrafish,Retinal cell types alter gene expression during cone death in rd1 degeneration; AAV8 promoter and injection timing shape retinal cell-type expression; T-box transcription factors regulate regional gene expression and photoreceptor patterning,AAV8 vectors; chick retina; cone degeneration; gene expression responses; Muller glia; photoreceptor death; photoreceptor patterning; photoreceptors; rd1 mouse retina; retinal promoters; subretinal injection; Tbx2; Tbx3; Tbx5,source-backed examples,complete,Selected full-name Constance Cepko retinal and viral-method papers; older initials-only lineage candidates were not used because the batch alone did not independently establish identity.,,,0,https://pubmed.ncbi.nlm.nih.gov/17251487/; https://pubmed.ncbi.nlm.nih.gov/26427452/; https://pubmed.ncbi.nlm.nih.gov/41679618/,"The registry preserves this identity, but independent source evidence is still needed. | This institution is a historical roster label, not a sourced current appointment. | Lab model organisms are not yet source-backed; article-species mentions do not establish a lab model. | Excluded 2 different-given-name candidates; review aliases if any exclusion is unexpected.",,unknown,0,0,0,0,0,0,0,0,0,0
